Station,Degree,Degree Centrality,Closeness Centrality,Betweenness Centrality,Coreness
STAZIONE CENTRALE,2,0.001597444089456869,0.00018906857435215744,0.0,2
PORTA GALLIERA,8,0.006389776357827476,0.00019846577594093734,0.05515715223348478,2
PIAZZA MAGGIORE,2,0.001597444089456869,0.0001975604977748,0.005778125103750865,2
IDICE,3,0.0023961661341853034,9.307697460752942e-05,0.011622650761180194,2
IDICE,3,0.0023961661341853034,9.279393411048948e-05,0.011945714993500408,2
IDICE TRE PONTI,2,0.001597444089456869,8.889993919518801e-05,0.000581004844686551,2
IDICE TRE PONTI,2,0.001597444089456869,8.716381478238825e-05,0.009232230828755525,1
IDICE TRE PONTI,2,0.001597444089456869,8.709992447137985e-05,0.009232230828755525,1
MARESCOTTA,2,0.001597444089456869,8.278731338652142e-05,0.007699910359252534,1
MARESCOTTA,2,0.001597444089456869,8.30460398274709e-05,0.007699910359252534,1
CAMPANA,2,0.001597444089456869,7.956841275621417e-05,0.00616503602230037,1
CAMPANA,2,0.001597444089456869,7.88570764897589e-05,0.00616503602230037,1
OLMATELLO,2,0.001597444089456869,7.439066692856917e-05,0.0046276078178990356,1
OLMATELLO,2,0.001597444089456869,7.4134418259598e-05,0.0046276078178990356,1
PORTA MAGGIORE,4,0.003194888178913738,0.00019562538404857563,0.04736530264606206,2
OZZANO,2,0.001597444089456869,7.034244820970064e-05,0.0030876257460485286,1
OZZANO,2,0.001597444089456869,6.979928961882494e-05,0.0030876257460485286,1
OZZANO PIAVE,2,0.001597444089456869,6.629054617508123e-05,0.0015450898067488502,1
OZZANO PIAVE,2,0.001597444089456869,6.588618544634532e-05,0.0015450898067488502,1
TOLARA BIVIO,1,0.0007987220447284345,6.421184745200985e-05,0.0,1
PORTA MAGGIORE,3,0.0023961661341853034,0.00019845088170454672,0.051923956042833466,2
TOLARA BIVIO,1,0.0007987220447284345,6.388821072339885e-05,0.0,1
ALBERTONI,2,0.001597444089456869,0.00018208114695859588,0.0,2
ALBERTONI,2,0.001597444089456869,0.00019379898362392481,0.050807915967545456,2
ALEMANNI - AGEOP RICERCA,3,0.0023961661341853034,0.0001748862047334023,0.04358174802011426,2
ALBERTONI,2,0.001597444089456869,0.00018636532960198765,0.0444973095006423,2
ALEMANNI - AGEOP RICERCA,3,0.0023961661341853034,0.00019314183040313902,0.07517691916754136,2
LAURA BASSI,2,0.001597444089456869,0.00016896895563067022,0.04265980187096329,2
LAURA BASSI,2,0.001597444089456869,0.00018233323309523457,0.06321588096934593,2
FERMI,2,0.001597444089456869,0.00016460158449308778,0.04181574867901206,2
FERMI,2,0.001597444089456869,0.00017626086377281228,0.06211516409875295,2
MAZZINI STAZIONE,2,0.001597444089456869,0.00016193486105431221,0.041049588444260564,2
MAZZINI STAZIONE,2,0.001597444089456869,0.00016918768337249138,0.061157463805313575,2
PONTEVECCHIO,2,0.001597444089456869,0.0001587600921723957,0.04039707531099721,2
PONTEVECCHIO,3,0.0023961661341853034,0.00016399200311618,0.06676703365741911,2
VILLA PARADISO,3,0.0023961661341853034,0.00015686418012276056,0.045669534659812085,2
VILLA LAURA,2,0.001597444089456869,0.00015376940075942944,0.04486378947959843,2
VILLA LAURA,2,0.001597444089456869,0.00014833238054184761,0.03427673196905734,2
ARNO,2,0.001597444089456869,0.00014331269635958372,0.04208901249607343,2
ARNO,2,0.001597444089456869,0.00014187114858395757,0.03288359727553421,2
EMILIA CALABRIA,2,0.001597444089456869,0.00014884680669319516,0.04347448558724905,2
VILLAGGIO DUE MADONNE,2,0.001597444089456869,0.00013705073818025116,0.040718862609592836,2
VILLAGGIO DUE MADONNE,2,0.001597444089456869,0.0001335399879807096,0.03150706272043068,2
PARCO DEI CEDRI,2,0.001597444089456869,0.00012963491589051444,0.03937425139760396,2
PARCO DEI CEDRI,2,0.001597444089456869,0.00012790538429970156,0.03014968217119595,2
SAN LAZZARO FIUME SAVENA,2,0.001597444089456869,0.00012643438278648928,0.038053901926382215,2
SAN LAZZARO FIUME SAVENA,2,0.001597444089456869,0.00012314790890225553,0.028824224965075862,2
SAN LAZZARO VILLA RODRIGUEZ,2,0.001597444089456869,0.00012293082936263864,0.0367578141959276,2
SAN LAZZARO VILLA RODRIGUEZ,2,0.001597444089456869,0.0001206867215060186,0.02753962963814252,2
SAN LAZZARO MUNICIPIO,4,0.003194888178913738,0.00012069245975506582,0.03666715190148201,2
SAN LAZZARO MUNICIPIO,3,0.0023961661341853034,0.0001176908280775077,0.02706844109377035,2
SAN LAZZARO JUSSI,2,0.001597444089456869,0.00011574433847454312,0.013591682564491538,2
RIZZOLI,3,0.0023961661341853034,0.00020444633101972669,0.058470795248785,2
SAN LAZZARO MODENA,2,0.001597444089456869,0.00011282896271182803,0.005919864747179892,2
SAN LAZZARO MARZABOTTO,2,0.001597444089456869,0.00011506269248762524,0.011686497447409485,2
SAN LAZZARO DI VITTORIO,3,0.0023961661341853034,0.00011427448923674736,0.014186733680148533,2
SAN LAZZARO PERTINI,2,0.001597444089456869,0.00010406691480120838,0.0011173170090125982,2
SAN LAZZARO DI VITTORIO,3,0.0023961661341853034,0.00011385067315066961,0.014159918071932232,2
SAN LAZZARO KENNEDY,2,0.001597444089456869,0.0001102193667616084,0.004607176878305662,2
SAN LAZZARO KENNEDY,2,0.001597444089456869,0.0001080871918817924,0.0037286464757906135,2
SAN LAZZARO PISCINA KENNEDY,2,0.001597444089456869,0.0001078201235502281,0.0031629648357990926,2
SAN LAZZARO PISCINA KENNEDY,2,0.001597444089456869,0.00010605139828156333,0.0023904199324246674,2
SAN LAZZARO KENNEDY - SCORNETTA,2,0.001597444089456869,0.00010535975577362914,0.0018464461657511052,2
SAN LAZZARO KENNEDY - SCORNETTA ,2,0.001597444089456869,0.00010428355259870736,0.0013893038923493792,2
PIAZZA MAGGIORE,2,0.001597444089456869,0.000188982223417357,0.005327367498972068,2
RIZZOLI,5,0.003993610223642172,0.0002065957888471927,0.03689572303818287,2
PORTA GALLIERA,4,0.003194888178913738,0.0001930904877158723,0.013415465710498694,2
BITONE,3,0.0023961661341853034,0.00015783580817513873,0.028178096500435436,2
BITONE,3,0.0023961661341853034,0.00015507314701796753,0.016463506511085062,2
SARDEGNA,3,0.0023961661341853034,0.00015570650536437107,0.028290466668198986,2
LOMBARDIA,2,0.001597444089456869,0.00015330250993956872,0.013032385593122945,2
CALABRIA,3,0.0023961661341853034,0.00015313087356812438,0.030273544742480778,2
SARDEGNA,3,0.0023961661341853034,0.00015414544641444494,0.027198688333678105,2
MILANO,2,0.001597444089456869,0.0001507880222260743,0.01622471990458751,2
STRADA MAGGIORE,3,0.0023961661341853034,0.0002009977492826212,0.06186871588990788,2
CALABRIA,3,0.0023961661341853034,0.00015214252751913265,0.026940747721311768,2
CHIESA SAN LORENZO,2,0.001597444089456869,0.00014827440681014015,0.01540237458595424,2
CHIESA SAN LORENZO,2,0.001597444089456869,0.0001489816827972482,0.011802698416346794,2
MAZZONI,2,0.001597444089456869,0.00014541199314458393,0.011046753651391985,2
MAZZONI,2,0.001597444089456869,0.0001469013689330999,0.014881385626323223,2
FIRENZE,4,0.003194888178913738,0.00014713307239062407,0.017915380155939145,2
FIRENZE,4,0.003194888178913738,0.00014677971320812446,0.025990709030219914,2
PIAZZA GALVANI,2,0.001597444089456869,0.00019780406751432352,0.005836864055081813,2
LONGO CAVAZZONI,2,0.001597444089456869,0.0001437667639201161,0.005557215569397517,2
LONGO CAVAZZONI,2,0.001597444089456869,0.00014246982904065445,0.003348120225864037,2
PIAZZALE ATLETI AZZURRI,4,0.003194888178913738,0.00014494294690068477,0.009441647959587601,2
LONGO,2,0.001597444089456869,0.00014170567171610076,0.005157535313602153,2
LONGO,2,0.001597444089456869,0.00014252562783977253,0.0032229807208546263,2
BELLARIA LOMBARDIA,2,0.001597444089456869,0.00014676503643699837,0.002813084995262576,2
GARGANELLI,2,0.001597444089456869,0.0001865970984563799,0.002693053225151508,2
BELLARIA LOMBARDIA,2,0.001597444089456869,0.00015046403212959513,0.004128326731585977,2
CENTRO CIVICO MAZZINI,2,0.001597444089456869,0.00014464206534760529,0.0026892224239777507,2
CENTRO CIVICO MAZZINI,2,0.001597444089456869,0.0001403268679247379,0.0016357521011944437,2
GENOVA,2,0.001597444089456869,0.0001385367758797517,0.0016983218536991494,2
GENOVA,2,0.001597444089456869,0.00013844111986622743,0.001296087730454614,2
PIAZZA GALVANI,2,0.001597444089456869,0.00019146419865914176,0.005944126487947022,2
ADIGE,2,0.001597444089456869,0.00015675218116545953,0.0113698178837122,2
ADIGE,2,0.001597444089456869,0.00016017336456412056,0.0198205652730212,2
VENEZIA GIULIA,2,0.001597444089456869,0.0001543993569477891,0.010696873810855469,2
VENEZIA GIULIA,2,0.001597444089456869,0.00015666942410474895,0.01875943334789038,2
FAENZA,2,0.001597444089456869,0.000142471911215199,0.00950932544699065,2
CENTRO GALLIA,2,0.001597444089456869,0.0001466742859116642,0.015823762715067562,2
ARNO,2,0.001597444089456869,0.00014180807705073832,0.009367585803561623,2
FAENZA,2,0.001597444089456869,0.00014281261644606536,0.016229827639485855,2
ARNO,2,0.001597444089456869,0.0001418645849449372,0.01616215015208281,2
TORLEONE,3,0.0023961661341853034,0.0002011619920491119,0.0635070218585515,2
BORGO,3,0.0023961661341853034,0.00019670747753990683,0.03944831355362994,2
OSPEDALE MALPIGHI,4,0.003194888178913738,0.00019301677582912768,0.05192650991028264,2
OSPEDALE MALPIGHI,2,0.001597444089456869,0.00018247589881495422,0.01741865293707526,2
PIZZARDI,3,0.0023961661341853034,0.0001884951375061098,0.024757191052270006,2
MENGOLI,2,0.001597444089456869,0.00017499274144041862,0.016210673633617067,2
MENGOLI,2,0.001597444089456869,0.00017879547324287882,0.019093989983731866,2
AZZURRA,4,0.003194888178913738,0.0001698401145544298,0.018732617739674075,2
AZZURRA,4,0.003194888178913738,0.00017343201061831978,0.021661903703873962,2
FOSSOLO,2,0.001597444089456869,0.00016277772004804386,0.011139969813286752,2
FOSSOLO,2,0.001597444089456869,0.0001654267700130467,0.013341403554472716,2
FELSINA,2,0.001597444089456869,0.00015682415448178784,0.010143961508109806,2
FELSINA,2,0.001597444089456869,0.0001580931618629059,0.012293040966587752,2
ALLENDE,4,0.003194888178913738,0.00015279939649061786,0.011104215668998349,2
ALLENDE,4,0.003194888178913738,0.00015287173002473774,0.013115386285221025,2
LINCOLN,2,0.001597444089456869,0.00014926155649146817,0.007780357183901441,2
LINCOLN,2,0.001597444089456869,0.0001494937704819861,0.009243723232276799,2
MENGOLI,2,0.001597444089456869,0.0001724947246682982,0.01753485390601257,2
MENGOLI,2,0.001597444089456869,0.00017067485320610562,0.009154337871555791,2
AGNESI,2,0.001597444089456869,0.00017228561891121302,0.017536130839737155,2
AGNESI,2,0.001597444089456869,0.00017228824835302813,0.009488894507397276,2
POMPONAZZI,2,0.001597444089456869,0.00014441248239188415,0.001200317701110677,2
POMPONAZZI,2,0.001597444089456869,0.000143523758182238,0.0007380676928106077,2
BOMBICCI,2,0.001597444089456869,0.00013902058914209918,0.0002834792868580535,2
BORGO,3,0.0023961661341853034,0.00019244349714561383,0.014837969879687305,2
DANTE,2,0.001597444089456869,0.00018141491991877963,0.010888413869543343,2
DANTE,2,0.001597444089456869,0.000190306488355657,0.005632554659148081,2
PIAZZA TRENTO TRIESTE,2,0.001597444089456869,0.00018053274163204385,0.010731351021419287,2
PIAZZA TRENTO TRIESTE,2,0.001597444089456869,0.00018857669836833254,0.00521372039748393,2
SAVIOLI,2,0.001597444089456869,0.00018102461958535623,0.010823290249589466,2
SAVIOLI,2,0.001597444089456869,0.0001872196664001812,0.004977487658435552,2
MEZZOFANTI,3,0.0023961661341853034,0.00018283445842193934,0.017493992026825823,2
MEZZOFANTI,3,0.0023961661341853034,0.00018825307687590003,0.019413223414878323,2
ALBINI,3,0.0023961661341853034,0.00018086594464413944,0.03206508275807469,2
ALBINI,3,0.0023961661341853034,0.00018307371053647524,0.026189910691255303,2
LARGO LERCARO,3,0.0023961661341853034,0.00017744491586828956,0.03657904347448559,2
LARGO LERCARO,4,0.003194888178913738,0.0001790410945740828,0.0235773042907527,2
ALEMANNI - AGEOP RICERCA,2,0.001597444089456869,0.000180883475597631,0.0076730947510362316,2
ALEMANNI - AGEOP RICERCA,2,0.001597444089456869,0.00018825909005520814,0.015739485089244897,2
LAURA BASSI,2,0.001597444089456869,0.0001742467858132639,0.01788728761399826,2
LAURA BASSI,2,0.001597444089456869,0.0001785819709556186,0.010384025048331942,2
PORTA MASCARELLA,2,0.001597444089456869,0.00019278285620229617,0.00021324793200583304,2
FERMATA SERVIZIO DUE MADONNE,1,0.0007987220447284345,0.00014075912423828867,0.0,1
MONDOLFO,3,0.0023961661341853034,0.00014757057452718486,0.0155862530422946,2
MONDOLFO,3,0.0023961661341853034,0.00014738997842607204,0.020623756585785684,2
DEPOSITO DUE MADONNE 1,2,0.001597444089456869,0.00014463840300291478,0.011521772996937914,2
DEPOSITO DUE MADONNE 1,2,0.001597444089456869,0.00014408034406994895,0.016034456779624225,2
DEPOSITO DUE MADONNE 2,3,0.0023961661341853034,0.000142548915225939,0.010917783345208817,2
DEPOSITO DUE MADONNE 2,5,0.003993610223642172,0.00014250168169835668,0.021585287680398812,2
CANOVA,3,0.0023961661341853034,0.00013722615093265345,0.008316669348227489,2
CANOVA,2,0.001597444089456869,0.00013710079877328861,0.011531988466734599,2
FIORAVANTI PIAZZA LIBER PARADISUS,3,0.0023961661341853034,0.00017599999290764977,0.01132384826962711,2
STAZIONE CENTRALE - MATTEOTTI,3,0.0023961661341853034,0.00019000981889652355,0.005010687935274784,2
SAN LAZZARO POGGI,2,0.001597444089456869,0.0001128240157865383,0.01566286906576975,2
SAN LAZZARO JUSSI,3,0.0023961661341853034,0.00011467809428358521,0.025651044659480083,2
CICOGNA FONDAZIONE CIRULLI,2,0.001597444089456869,0.00010122381468585204,0.014167579674279746,2
CICOGNA FONDAZIONE CIRULLI,2,0.001597444089456869,0.00010401071837177739,0.014728153579372924,2
SAN LAZZARO CIMITERO,2,0.001597444089456869,9.786827135963763e-05,0.012683782686311016,2
SAN LAZZARO CIMITERO,2,0.001597444089456869,9.781604070386081e-05,0.013232864187882921,2
STAZIONE CENTRALE,3,0.0023961661341853034,0.0001958240370889431,0.00840222390777474,2
CASELLE GRAMSCI,2,0.001597444089456869,0.00011537838976905939,0.0036903384640530387,2
CASELLE GRAMSCI,2,0.001597444089456869,0.00011771189858143205,0.004397759747473587,2
CASELLE SPERANZA,2,0.001597444089456869,0.0001112352539312556,0.00229464990308073,2
CASELLE SPERANZA,2,0.001597444089456869,0.00011331820146287045,0.002952270771242431,2
CASELLE CA` RICCHI,2,0.001597444089456869,0.00010835142752999642,0.001200317701110677,2
CASELLE CA` RICCHI,2,0.001597444089456869,0.00010968087050039528,0.0016114903604273131,2
SAN LAZZARO STAZIONE,2,0.001597444089456869,0.00010765812496341901,0.0008772534687904629,2
PORTA MASCARELLA,2,0.001597444089456869,0.00019137585581504782,0.01321754098318789,2
PORTA SAN DONATO,3,0.0023961661341853034,0.00019596608168003267,0.0005516353690210771,2
PORTA SAN DONATO,2,0.001597444089456869,0.00019239764288484656,0.013350342090544818,2
STAZIONE CENTRALE,3,0.0023961661341853034,0.00019149112910985382,0.03283635072772453,2
PORTA SAN VITALE,5,0.003993610223642172,0.00020041057350952848,0.040275766607161555,2
PORTA SAN VITALE (VIA MASSARENTI),3,0.0023961661341853034,0.0002022141280223405,0.06998235277592622,2
PORTA SAN VITALE,2,0.001597444089456869,0.0001939675811783023,0.01846829245868481,2
OSPEDALE SANT`ORSOLA,3,0.0023961661341853034,0.00019769529047764786,0.06432425944228642,2
OSPEDALE SANT`ORSOLA,3,0.0023961661341853034,0.0001953497368885383,0.03934488192193849,2
OSPEDALE SANT`ORSOLA ALBERTONI,5,0.003993610223642172,0.0001957972662728911,0.08129853944320582,2
OSPEDALE SANT`ORSOLA ALBERTONI,3,0.0023961661341853034,0.00019244560668814259,0.043766903410179206,2
MASSARENTI,2,0.001597444089456869,0.0001882122501901246,0.024905315364321962,2
RIMESSE STAZIONE,2,0.001597444089456869,0.0001732980763880624,0.02218289266350498,2
MASSARENTI,2,0.001597444089456869,0.00018223376703657625,0.028521591672349023,2
PIAZZA ALDROVANDI,2,0.001597444089456869,0.00018985077619699256,0.0031987189800874957,2
TRIACHINI,2,0.001597444089456869,0.00017996277127612726,0.023532611610392197,2
RIMESSE STAZIONE,2,0.001597444089456869,0.00017102905435308836,0.027215288472097723,2
PARCO,2,0.001597444089456869,0.00016696312113180566,0.02597921662669864,2
PARCO,2,0.001597444089456869,0.00016692707487681206,0.02089829733657164,2
MASSARENTI SOTTOVIA,2,0.001597444089456869,0.0001578190325206081,0.024785283594210894,2
MASSARENTI SOTTOVIA,2,0.001597444089456869,0.00015948273314463229,0.019706918171533062,2
GIAMBOLOGNA,2,0.001597444089456869,0.0001525556525453766,0.02371521313300797,2
SANTA RITA,2,0.001597444089456869,0.00015675134152372692,0.018567893289202504,2
TANGENZIALE SAN VITALE,3,0.0023961661341853034,0.00014868232093247046,0.022966929970400677,2
GIAMBOLOGNA,2,0.001597444089456869,0.00015302183768639566,0.017499099761724167,2
PIAZZA DEI COLORI,3,0.0023961661341853034,0.00014260628000211628,0.012628874536153824,2
TANGENZIALE SAN VITALE,3,0.0023961661341853034,0.0001490169404186251,0.016655046569772937,2
PIAZZA DEI COLORI,3,0.0023961661341853034,0.0001431350199672188,0.010772212900606032,2
BARELLI,2,0.001597444089456869,0.00014098440118780537,0.009382909008256654,2
FILOPANTI,4,0.003194888178913738,0.00020181892009548633,0.07456782178091392,2
PALAGI,3,0.0023961661341853034,0.00019031020256178574,0.019989120524666528,2
OSPEDALE MALPIGHI,2,0.001597444089456869,0.00018192216309805573,0.007974451110038487,2
ZANOLINI - CASA DELLE DONNE,2,0.001597444089456869,0.00019390729337771876,0.021198376761849307,2
ZANOLINI - CASA DELLE DONNE,3,0.0023961661341853034,0.00019598217351106091,0.013801099695323614,2
MASSARENTI,4,0.003194888178913738,0.00017543591529394092,0.02040412398515692,2
PALAGI,3,0.0023961661341853034,0.00017088567131726994,0.009216907624060496,2
ARPA,2,0.001597444089456869,0.00017352540914345417,0.0,2
ARPA,3,0.0023961661341853034,0.00017053286653365035,0.011239570643804445,2
VERMIGLIA,4,0.003194888178913738,0.00017316576753723226,0.0212622234480786,2
ARCOBALENO,2,0.001597444089456869,0.0001673042042328934,0.0038614475831475394,2
ARCOBALENO,2,0.001597444089456869,0.00017077050221595079,0.0045918536736106325,2
VETULONIA,2,0.001597444089456869,0.00016036364036249313,0.003912524932130973,2
VETULONIA,2,0.001597444089456869,0.00016317284630797905,0.004007018027750324,2
SPINA,2,0.001597444089456869,0.0001561790230749929,0.0025219441060570073,2
SPINA,2,0.001597444089456869,0.00015737571855447196,0.0025525905154470674,2
ISTITUTO MANFREDI TANARI,2,0.001597444089456869,0.00014606626525320653,0.000346049039362759,2
ETRURIA,2,0.001597444089456869,0.0001537671641459469,0.001252671983818696,2
MARX,2,0.001597444089456869,0.00014548816344784864,0.0007112520845943054,2
ISTITUTO MANFREDI TANARI,2,0.001597444089456869,0.00014577545047642104,0.00024389434139589287,2
ETRURIA,2,0.001597444089456869,0.0001524777492709711,0.001324180272395502,2
MARX,2,0.001597444089456869,0.00014543262726706034,0.0006167589889749543,2
PORTA MAGGIORE,4,0.003194888178913738,0.00020218785870593497,0.06985210553601848,2
MASIA,2,0.001597444089456869,0.0001829117479961678,0.006348914478640729,2
MASIA,2,0.001597444089456869,0.00017415728709629333,0.0042215428934807425,2
CIRENAICA,2,0.001597444089456869,0.00017848892623468173,0.005424414462040591,2
CIRENAICA,2,0.001597444089456869,0.00017188327811457405,0.0036711844581842515,2
BENTIVOGLI,2,0.001597444089456869,0.00017559346900746734,0.0048740560267441,2
CROCE DEL BIACCO,2,0.001597444089456869,0.00013664545903826092,0.007998712850805617,2
CROCE DEL BIACCO,2,0.001597444089456869,0.00013789456183429345,0.01122297050538483,2
MARTELLI,2,0.001597444089456869,0.00013865012661702105,0.008644841315446046,2
MARTELLI,2,0.001597444089456869,0.00014018994793660972,0.0118742067049236,2
LARGA STAZIONE,4,0.003194888178913738,0.00014048294902722257,0.02330020967251758,2
LARGA,4,0.003194888178913738,0.00014559652980259313,0.027722231160758296,2
LARGA,4,0.003194888178913738,0.00014676570637279306,0.02243700247469756,2
CARROZZAIO,2,0.001597444089456869,0.0001383878796894523,0.010091607225401786,2
CARROZZAIO,2,0.001597444089456869,0.0001367348198105439,0.009810681805992906,2
CERAMISTA,3,0.0023961661341853034,0.00013492098386412539,0.010371255711086083,2
CERAMISTA,3,0.0023961661341853034,0.0001372184091280626,0.011478357250301994,2
LARGA STAZIONE,4,0.003194888178913738,0.00013941184892190078,0.019056958905718877,2
CERODOLO,2,0.001597444089456869,0.00012863910134025232,0.008671656923662348,2
CERODOLO,2,0.001597444089456869,0.00013017018290561907,0.009711080975475211,2
ELETTRICISTA,2,0.001597444089456869,0.00012575642185030497,0.007145721122782285,2
ELETTRICISTA,2,0.001597444089456869,0.00012703875733413524,0.008185145174595149,2
FONDITORE,2,0.001597444089456869,0.00012205462472628677,0.005619785321902222,2
FONDITORE,2,0.001597444089456869,0.0001234139001938889,0.006659209373715086,2
FRESATORE,2,0.001597444089456869,0.00011841461255496261,0.0040938495210221595,2
FRESATORE,2,0.001597444089456869,0.00011963679487117515,0.005133273572835023,2
MURATORE,2,0.001597444089456869,0.00011540750539622634,0.0025679137201420972,2
MURATORE,2,0.001597444089456869,0.00011668425464770052,0.00360733777195496,2
ROTONDA ACQUA FRESCA,2,0.001597444089456869,0.00011187071335221284,0.0020814019710748972,2
ROTONDA NEGRONI,2,0.001597444089456869,0.00010634968644248622,0.0005631277725423495,2
ROTONDA ACQUA FRESCA,2,0.001597444089456869,0.0001100947953640732,0.0010419779192620345,2
VETRAIO,2,0.001597444089456869,0.00010302952498703277,4.34157466359181e-05,2
INDUSTRIA,3,0.0023961661341853034,0.00013403494278816397,0.005582754243889234,2
INDUSTRIA,2,0.001597444089456869,0.00012787123481925093,0.0015872286196601823,2
CARPENTIERE,2,0.001597444089456869,0.00013393269553748166,0.004794886135819779,2
CARPENTIERE,2,0.001597444089456869,0.00012545325623214562,0.0005248197608047747,2
PILASTRO VECCHIO,2,0.001597444089456869,0.0001371331908152878,0.005294167222132837,2
INNOCENTI,2,0.001597444089456869,0.00013649282907836618,0.006783071944999911,2
INNOCENTI,2,0.001597444089456869,0.00013863493108504167,0.010810520912343607,2
ENZO FERRARI,4,0.003194888178913738,0.0001332636967425694,0.00829496147490953,2
ENZO FERRARI,4,0.003194888178913738,0.00013555213563754605,0.012916184624185636,2
SCALO SAN DONATO,3,0.0023961661341853034,0.00013100207099964604,0.005887941404065246,2
SCALO SAN DONATO,2,0.001597444089456869,0.00013129034123386254,0.006255698316745964,2
PIANETA,3,0.0023961661341853034,0.0001423894485936881,0.004866394424396585,2
SCUOLE SCANDELLARA,3,0.0023961661341853034,0.00013595866212279107,0.0,2
PORTA SAN VITALE,3,0.0023961661341853034,0.00020001330856505957,0.037494604955013625,2
CARDUCCI,2,0.001597444089456869,0.00019432058607483346,0.043064589861657,2
PORTA MAGGIORE,4,0.003194888178913738,0.00020148466442106966,0.03324624645331658,2
PORTA SANTO STEFANO,3,0.0023961661341853034,0.0001965721213874826,0.053184289628999674,2
CARDUCCI,2,0.001597444089456869,0.00019366186906353018,0.010163115513978594,2
STAZIONE CENTRALE,4,0.003194888178913738,0.00019393098026062157,0.015830147383690492,2
GIARDINI MARGHERITA,2,0.001597444089456869,0.00019489287797779998,0.01695895679622436,2
GRANAROLO FOGGIA NUOVA,2,0.001597444089456869,8.509585557622045e-05,0.0289199949944198,1
GRANAROLO DE ROSSI,2,0.001597444089456869,6.94341782871785e-05,0.019886965826699663,1
GRANAROLO HOTEL KING,2,0.001597444089456869,8.033465003320368e-05,0.02742087480175604,1
GRANAROLO MATTEUCCI,2,0.001597444089456869,7.697192980304529e-05,0.025919200741643108,1
GRANAROLO ROMA,2,0.001597444089456869,7.42849450651507e-05,0.024414972814081004,1
GRANAROLO ROMA,2,0.001597444089456869,6.580875360267723e-05,0.015335974032275776,1
GRANAROLO,2,0.001597444089456869,7.140894892072052e-05,0.02290819101906973,1
GRANAROLO,2,0.001597444089456869,6.736996441329232e-05,0.01685552516453291,1
GRANAROLO TARTARINI,2,0.001597444089456869,7.018043144554689e-05,0.02139885535660928,1
GRANAROLO TARTARINI,2,0.001597444089456869,6.904007234240465e-05,0.018372522429340874,1
MERCATO SAN DONATO,2,0.001597444089456869,0.00018152233489823454,0.01387899265252335,2
SANT`EGIDIO,4,0.003194888178913738,0.0001893619253032507,0.03579756003503906,2
MERCATO SAN DONATO,2,0.001597444089456869,0.00017586324234645454,0.023301486606242164,2
SANT`EGIDIO,5,0.003993610223642172,0.0001954050064146107,0.05220743532969152,2
SFERISTERIO,3,0.0023961661341853034,0.0001992484825338927,0.03286572020339001,2
CENTRO ZANARDI,2,0.001597444089456869,0.00016846403363784469,0.022165015591360776,2
SAN DONATO,2,0.001597444089456869,0.0001653190378231348,0.021566133674530023,2
SIRENELLA,4,0.003194888178913738,0.00016544478868255874,0.044097629244846934,2
SAN DONNINO,4,0.003194888178913738,0.0001486397588288773,0.06060965923746626,2
CADRIANO BIVIO,3,0.0023961661341853034,0.00014267193888077781,0.05127527371074386,2
SAN DONNINO,2,0.001597444089456869,0.00015496319260548512,0.018546185415884545,2
PIRANDELLO,2,0.001597444089456869,0.00013598433031232742,0.009676603764911394,2
SFERISTERIO,3,0.0023961661341853034,0.0002011229318236397,0.0680120440388903,2
CADRIANO BIVIO,5,0.003993610223642172,0.00014470235300563766,0.021857274563735592,2
PIRANDELLO,3,0.0023961661341853034,0.00013778331462514063,0.010878198399746656,2
SVEVO,3,0.0023961661341853034,0.0001312753004724584,0.005956895825192881,2
PILASTRO,4,0.003194888178913738,0.00013166603571581215,0.002223141614503924,2
DELEDDA,4,0.003194888178913738,0.00012701219249482823,0.003432397851686702,2
IRNERIO,4,0.003194888178913738,0.00020063026722177678,0.03309684520754004,2
IRNERIO,2,0.001597444089456869,0.00020082303588268917,0.06796224362363144,2
PORTA SAN DONATO,5,0.003993610223642172,0.000201762288916828,0.0858048385572692,2
BIVIO PILASTRO,3,0.0023961661341853034,0.00014403974096403145,0.010693043009681711,2
SALGARI,2,0.001597444089456869,0.00013505866646663163,0.0013446112119888754,2
PILASTRO VECCHIO,2,0.001597444089456869,0.0001248003521008976,0.0004941733514147149,2
NEGRI,2,0.001597444089456869,0.00012842472856848143,3.958494546216062e-05,2
C.S. RECORD,2,0.001597444089456869,0.0001267560574442304,0.0015182741985325478,2
PILASTRO,4,0.003194888178913738,0.00013028010562718718,0.00668219418075763,2
SVEVO,4,0.003194888178913738,0.0001314933026856099,0.008549071286102109,2
PORTA SAN DONATO,4,0.003194888178913738,0.00020153649003085375,0.08114403046253094,2
PANZINI,4,0.003194888178913738,0.00013228315140733022,0.011466864846780722,2
SIGHINOLFI,5,0.003993610223642172,0.00012653689686132076,0.0035677528264927995,2
SIGHINOLFI,3,0.0023961661341853034,0.00012434377427964258,0.0018349537622298327,2
BEROALDO,2,0.001597444089456869,0.00016487400067855676,0.005220105066106859,2
GALEOTTI,2,0.001597444089456869,0.00017439787588209685,0.004826809478934425,2
DUSE,2,0.001597444089456869,0.0001658560639282754,0.00560829291838095,2
CAMPO SAVENA,2,0.001597444089456869,0.00017028165885442175,0.003866555318045883,2
CALINDRI,3,0.0023961661341853034,0.00016853257380860964,0.007781634117626027,2
DUSE,2,0.001597444089456869,0.00016791508246202886,0.0033557818282115522,2
ARTIGIANO,3,0.0023961661341853034,0.00017469626570759412,0.023067807734642957,2
TERRAPIENO MONDO,2,0.001597444089456869,0.00015846282272433387,0.00010470856541603778,2
ANDREINI,3,0.0023961661341853034,0.00016610784970119498,0.0016165980953256563,2
MONDO,3,0.0023961661341853034,0.00016776490137224037,0.008828719771786404,2
BEOLCO,4,0.003194888178913738,0.00016724466737747445,0.0028181927301609193,2
ANDREINI,5,0.003993610223642172,0.00017174833075109036,0.032090621432566406,2
GIARDINO GINO CERVI,2,0.001597444089456869,0.00016269605923314317,0.0012973646641791998,2
BEOLCO,2,0.001597444089456869,0.00016756959966196687,0.023633489374634477,2
MAGAZZARI,2,0.001597444089456869,0.00016566648216522007,0.015924640479309842,2
TERRAPIENO,2,0.001597444089456869,0.00016091490507249293,0.0006486823320895999,2
GIARDINO GINO CERVI,2,0.001597444089456869,0.00016492563284419508,0.02304865372877417,2
MAGAZZARI,2,0.001597444089456869,0.00016559710020036563,0.0,2
RISTORI,4,0.003194888178913738,0.00017092297286025105,0.007233829549778708,2
NUOVA,2,0.001597444089456869,0.00017322979720158952,0.030934996411816233,2
NUOVA,2,0.001597444089456869,0.00016629139349224616,0.006221221106182147,2
STAZIONE SAN VITALE,3,0.0023961661341853034,0.00017719321044800784,0.03228343842497887,2
STAZIONE SAN VITALE,2,0.001597444089456869,0.00016282106003382465,0.005604462117207193,2
CAVALCAVIA SAN DONATO,2,0.001597444089456869,0.00019278546160450278,0.008676764658560692,2
CAVALCAVIA SAN DONATO,2,0.001597444089456869,0.00018321456206008073,0.0060871430651006355,2
ROSSI,2,0.001597444089456869,0.00018562439203314435,0.007426646542191167,2
ROSSI,2,0.001597444089456869,0.00017888522671461067,0.005088580892474518,2
MERCATO SAN DONATO,2,0.001597444089456869,0.00018200045938541687,0.02401273869083647,2
LIBIA,2,0.001597444089456869,0.00018830247454963505,0.017792794518378906,2
GRANAROLO SCUOLA MEDIA,2,0.001597444089456869,6.50191915417172e-05,0.013813869032569473,1
GRANAROLO DALLA CHIESA,2,0.001597444089456869,6.39576441176897e-05,0.012289210165413995,1
VESTRI,2,0.001597444089456869,0.00016428116280842883,0.004501191379165039,2
VIADAGOLA CENTRO SPORTIVO,2,0.001597444089456869,6.2517477961787e-05,0.010761997430809347,1
VIADAGOLA,2,0.001597444089456869,6.160007751704585e-05,0.009232230828755525,1
REPUBBLICA,4,0.003194888178913738,0.00017904472253678374,0.0157573621613891,2
VIADAGOLA CHIESA,2,0.001597444089456869,5.9940231075258576e-05,0.007699910359252534,1
CADRIANO ROMA,2,0.001597444089456869,5.450311684168693e-05,0.00616503602230037,1
LAVORO,2,0.001597444089456869,0.00016455082472359772,0.004538222457178028,2
CADRIANO SCUOLE ELEMENTARI,2,0.001597444089456869,5.26672462638737e-05,0.0046276078178990356,1
CADRIANO GANDOLFI,2,0.001597444089456869,5.099439422939033e-05,0.0030876257460485286,1
CADRIANO,2,0.001597444089456869,5.028316737837911e-05,0.0015450898067488502,1
RUGGERI,4,0.003194888178913738,0.00017806489239638272,0.011872929771199015,2
CADRIANO MATTEOTTI,1,0.0007987220447284345,4.9626946938746656e-05,0.0,1
PEZZANA,2,0.001597444089456869,0.00017816906860101118,0.0049161948396554325,2
NOVELLI,2,0.001597444089456869,0.00017068643228888915,0.005037503543491086,2
LAVORO,2,0.001597444089456869,0.00017610569112836935,0.007222337146257435,2
VESTRI,2,0.001597444089456869,0.00017540989947874015,0.006822656890462071,2
DOPOLAVORO FERROVIARIO,2,0.001597444089456869,0.00017526043053018995,0.0067920104810720115,2
BIGARI,2,0.001597444089456869,0.00017550913393539879,0.006924811588428938,2
CRETI,2,0.001597444089456869,0.00017807891562525714,0.0075109241680138316,2
PORTA SANTO STEFANO,2,0.001597444089456869,0.00019117650764558064,0.009834943546760037,2
CAVALCAVIA MASCARELLA,2,0.001597444089456869,0.0001773821380926027,0.010599826847786946,2
CAVALCAVIA MASCARELLA,2,0.001597444089456869,0.00017818599220855116,0.002819469663885505,2
STALINGRADO,2,0.001597444089456869,0.00017265266257539074,0.009583387603016628,2
STALINGRADO,2,0.001597444089456869,0.0001740990622225362,0.001943493128819628,2
STALINGRADO PARRI,4,0.003194888178913738,0.00017000317775882264,0.018218013448665988,2
FIERA ALDO MORO,2,0.001597444089456869,0.0001626144804868778,0.015832701251139662,2
STALINGRADO PARRI,4,0.003194888178913738,0.00017174156216750148,0.018063504467991102,2
DOZZA,2,0.001597444089456869,0.00012313344636632356,0.002629206538922217,2
DON GNOCCHI,2,0.001597444089456869,0.00013550736000225965,0.010004775732129951,2
APOSAZZA,2,0.001597444089456869,0.00011605189422271679,0.0010943322019700535,2
PARCHEGGIO PARCO NORD,2,0.001597444089456869,0.00013026560386612132,0.008555455954725039,2
DOZZA,3,0.0023961661341853034,0.000127794743103415,0.0073372611814701595,2
DON GNOCCHI,2,0.001597444089456869,0.0001304246610065199,0.006998873744454915,2
APOSAZZA,2,0.001597444089456869,0.00011913663534641787,0.0035307217484798104,2
PARCHEGGIO PARCO NORD,2,0.001597444089456869,0.0001278650312870455,0.005695124411652787,2
PARCHEGGIO COSTITUZIONE,4,0.003194888178913738,0.00016964216929818567,0.006557054675748219,2
FIERA PALAZZO CONGRESSI,2,0.001597444089456869,0.00016799219195460981,0.0014110117656673383,2
MONDO,3,0.0023961661341853034,0.00017224683043267012,0.0316590178336564,2
FIERA PALAZZO CONGRESSI,2,0.001597444089456869,0.0001684512056770652,0.001891138846111609,2
SERENA,4,0.003194888178913738,0.00016915631191497115,0.004446283229007848,2
FIERA PALAZZO CONGRESSI,1,0.0007987220447284345,0.00016343860946430188,0.0,1
NOVELLI,2,0.001597444089456869,0.0001738436561311407,0.0036928923315022104,2
FIERA PALAZZO CONGRESSI,2,0.001597444089456869,0.0001649758563377356,0.014474043768180345,2
NOVELLI,3,0.0023961661341853034,0.00016582121159624698,0.006322098870424427,2
FIERA PALAZZO CONGRESSI,4,0.003194888178913738,0.00017039079287579326,0.019705641237808477,2
ZACCONI,2,0.001597444089456869,0.0001647902902915521,0.005250751475496918,2
PARCO NORD,3,0.0023961661341853034,0.0001267524099708338,0.004895763900062059,2
ALDO MORO,2,0.001597444089456869,0.00015833148614354876,0.014585137002219311,2
ALDO MORO,2,0.001597444089456869,0.00016097609344701378,0.013884100387421692,2
VIALE FIERA,3,0.0023961661341853034,0.0001503876782430683,0.013434619716367481,2
VIALE FIERA,2,0.001597444089456869,0.00016121511309616284,0.013907085194464238,2
FERRAVILLA,5,0.003993610223642172,0.00016347813689388335,0.05199163353023652,2
CARCERE,2,0.001597444089456869,0.00011757653079393913,0.001995847411527647,2
CARCERE,2,0.001597444089456869,0.00011497399816167376,0.0001826015226157732,2
GOMITO,2,0.001597444089456869,0.00011530723109676077,0.0006333591273945699,2
PORTA CASTIGLIONE,3,0.0023961661341853034,0.00019472649877398486,0.01762679313418275,2
GIARDINI MARGHERITA,3,0.0023961661341853034,0.00019412856369657177,0.038655337710662145,2
VIRGOLONE,3,0.0023961661341853034,0.00013179582030661415,0.042769618171277675,2
VIRGOLONE,2,0.001597444089456869,0.00013441050725476563,0.005232874403352717,2
MENARINI,2,0.001597444089456869,0.00012017451243561992,0.03934232805448932,1
MENARINI,3,0.0023961661341853034,0.00012460401565989173,0.0038295242400328937,2
SAN SISTO,2,0.001597444089456869,0.00011654108756358214,0.03786108493396976,1
SAN SISTO,2,0.001597444089456869,0.00011912466604675272,0.0,2
SAN DONATO 240-246,2,0.001597444089456869,0.00010864699687643358,0.03637728794600103,1
PICCOLO COW BOY,2,0.001597444089456869,0.00010510208866619857,0.03489093709058313,1
FRULLO (BIVIO),2,0.001597444089456869,9.878434184870773e-05,0.03340203236771605,1
QUARTO CENTRO,2,0.001597444089456869,9.490073700082737e-05,0.03191057377739981,1
QUARTO S.DONATO RISORGIMENTO,2,0.001597444089456869,9.255766651818442e-05,0.03041656131963439,1
DON MINZONI - MAMBO,3,0.0023961661341853034,0.00019182156357586317,0.02845774498611973,2
BOVI CAMPEGGI QUESTURA,2,0.001597444089456869,0.00017573289086389072,0.002200156807461379,2
BOVI CAMPEGGI QUESTURA,2,0.001597444089456869,0.00017802159615248935,0.010640688726973692,2
ROTONDA BARONI,4,0.003194888178913738,0.00012004260654432441,0.0020852327722486546,2
ROTONDA BARONI,3,0.0023961661341853034,0.00011961164571906508,0.00034221823818900154,2
CARNACINI,5,0.003993610223642172,0.0001223526385108604,0.004676131299433297,2
FACOLTA` DI AGRARIA,3,0.0023961661341853034,0.00011817203206932184,0.00033838743701524403,2
FACOLTA` DI AGRARIA,4,0.003194888178913738,0.0001179409275522516,0.0007342368916368503,2
BOVI CAMPEGGI,2,0.001597444089456869,0.00017428954023468243,0.0017072603897712502,2
COMMERCIO ASSOCIATO,3,0.0023961661341853034,0.00011813360602494808,0.00018132458889118737,2
FIORINI,4,0.003194888178913738,0.00010488043657958642,0.0,2
BOVI CAMPEGGI,2,0.001597444089456869,0.00017236954675609807,0.009723850312721069,2
PARCHEGGIO STAVECO,2,0.001597444089456869,0.00018322402034112332,0.0029854710480816623,2
PORTA CASTIGLIONE,4,0.003194888178913738,0.0001942410032134957,0.037005539338497255,2
PORTA SAN MAMOLO,2,0.001597444089456869,0.00017812705075940816,0.0023482811195133352,2
STAZIONE CENTRALE,1,0.0007987220447284345,0.0001883330865002277,0.0,1
SACRO CUORE,6,0.004792332268370607,0.00018605927519951723,0.07618186600879041,2
SACRO CUORE,6,0.004792332268370607,0.00018980398790472384,0.06455538444643646,2
PIAZZA DELL`UNITA`,3,0.0023961661341853034,0.00018016097726267116,0.03335095501873262,2
PIAZZA DELL`UNITA`,6,0.004792332268370607,0.00018491530002918218,0.08025273072277003,2
PIAZZA DELL`UNITA`,2,0.001597444089456869,0.00017652684692184674,0.051715815845725974,2
MATTEOTTI ALTA VELOCITA',2,0.001597444089456869,0.00018668728936310598,0.0,2
MATTEOTTI ALTA VELOCITA',2,0.001597444089456869,0.00019007792114691192,0.025694460406116,2
CASERME ROSSE,2,0.001597444089456869,0.00013752973580508348,0.015150818642210833,2
CROCE COPERTA,2,0.001597444089456869,0.0001277511609736264,0.01368617566011089,2
RONCAGLIO,2,0.001597444089456869,0.00011195419980397394,0.025635721454785054,2
LIPPARINI,3,0.0023961661341853034,0.00010719951504208536,0.02654617520041475,2
COLOMBAROLA,2,0.001597444089456869,0.00010418453079557345,0.024466050163064437,2
CORTICELLA,3,0.0023961661341853034,0.00010079106609635249,0.02298097624137112,2
BENTINI,2,0.001597444089456869,9.750687938808442e-05,0.001524658867155477,2
BENTINI SOTTOVIA,2,0.001597444089456869,9.073261311107962e-05,0.013813869032569473,1
PRIMO MAGGIO,2,0.001597444089456869,8.807148052658681e-05,0.012289210165413995,1
VILLA ZARRI,2,0.001597444089456869,8.397576783021909e-05,0.010761997430809347,1
FRABACCIA,2,0.001597444089456869,7.633553110167523e-05,0.009232230828755525,1
CASTEL MAGGIORE,2,0.001597444089456869,7.352181628340792e-05,0.007699910359252534,1
CASTEL MAGGIORE BONDANELLO,2,0.001597444089456869,7.16255752532559e-05,0.00616503602230037,1
CASTEL MAGGIORE TRANCHINA,2,0.001597444089456869,6.956802064270287e-05,0.0046276078178990356,1
FUNO AGUCCHI,2,0.001597444089456869,6.629502086712126e-05,0.0030876257460485286,1
FUNO,2,0.001597444089456869,6.42322686754118e-05,0.0015450898067488502,1
FUNO PIAZZA RESISTENZA,1,0.0007987220447284345,6.271688400972458e-05,0.0,1
MARESCALCHI,2,0.001597444089456869,0.00010732582664337244,0.0028450083383772216,2
MARESCALCHI,3,0.0023961661341853034,0.00010772360183310119,0.008371577498384679,2
FONTI,2,0.001597444089456869,0.00010233316216181366,0.0014314427052607116,2
FONTI,3,0.0023961661341853034,9.811169777262313e-05,0.018475954061032324,2
CORTICELLA,2,0.001597444089456869,0.00010468272700179765,0.0029356706328228154,2
ZANICHELLI,3,0.0023961661341853034,9.639804932967569e-05,0.01687084836922794,2
INDIPENDENZA NORD,6,0.004792332268370607,0.0001994076616897797,0.043008404777775226,2
SANT`ANNA,2,0.001597444089456869,9.406411255283833e-05,1.91540058687874e-05,2
BYRON CENTOFIORI,2,0.001597444089456869,9.396393036408058e-05,1.2769337245858266e-06,2
CORTICELLA STAZIONE,2,0.001597444089456869,9.819330544349469e-05,3.83080117375748e-05,2
PARCHEGGIO STAVECO,2,0.001597444089456869,0.0001857023345591478,0.02052160188781882,2
CRETI,3,0.0023961661341853034,0.00017359996269742964,0.016062549321565114,2
CRETI,2,0.001597444089456869,0.00017754865962316027,0.016881063839024626,2
STALINGRADO,2,0.001597444089456869,0.0001677591746545782,0.008572056093144653,2
STALINGRADO,2,0.001597444089456869,0.00017182310306725925,0.016214504434790826,2
BIGARI,2,0.001597444089456869,0.00016936034002010982,0.0056925705442036146,2
DOPOLAVORO FERROVIARIO,2,0.001597444089456869,0.00016581099029657173,0.004851071219701555,2
SOLARI,2,0.001597444089456869,0.00011148861999760497,0.009464632766630147,2
TEGA,2,0.001597444089456869,0.00011692266746158763,0.010834782653110739,2
PINARDI,2,0.001597444089456869,0.00011970012692789216,0.012247071352502662,2
ALDINI,2,0.001597444089456869,0.00017782097181041494,0.00238658913125091,2
CASE OSTI,2,0.001597444089456869,9.645990880312232e-05,0.006498315724417271,2
CASE OSTI,2,0.001597444089456869,9.670592259917237e-05,0.005783232838649208,2
TREBBO PRONI,2,0.001597444089456869,9.16915829209703e-05,0.004976210724710966,2
TREBBO PRONI,2,0.001597444089456869,9.211665445864426e-05,0.004261127838942903,2
TREBBO RISORGIMENTO,2,0.001597444089456869,8.52115050833849e-05,0.000463526942024655,2
TREBBO RESISTENZA,2,0.001597444089456869,8.697990619115195e-05,0.001214363972081121,2
TREBBO CORTICELLA-COLLODI,2,0.001597444089456869,8.489971171192015e-05,0.00010726243286520943,2
CARRACCI STAZIONE AV,4,0.003194888178913738,0.000185856792793102,0.010819459448415709,2
CASA DELLA SALUTE UFF COMUNALI,2,0.001597444089456869,0.0001723934384318115,0.003358335695660724,2
CASE FERROVIERI,2,0.001597444089456869,0.00016574999616029724,0.009887297829468055,2
CASE FERROVIERI,2,0.001597444089456869,0.00016527917147137337,0.0020571402303077666,2
CARRACCI,2,0.001597444089456869,0.0001631701773456801,0.00943909409213843,2
CARRACCI,2,0.001597444089456869,0.00016179165886258536,0.0016293674325715147,2
TREBBO LAME-DON MINZONI,2,0.001597444089456869,8.869056211283415e-05,0.003452828791280075,2
TREBBO LAME-DON MINZONI,2,0.001597444089456869,8.878512443422171e-05,0.0027377459055120124,2
TREBBO LAME-FOSCOLO,2,0.001597444089456869,8.653892428164035e-05,0.0019281699241245982,2
PORTA SAN MAMOLO,2,0.001597444089456869,0.0001790799838743033,0.019782257261283624,2
FRANCESCHINI,2,0.001597444089456869,0.00017231439684798337,0.017402052798655643,2
ZUCCA,2,0.001597444089456869,0.00017738119743046705,0.020465416803937042,2
CIGNANI,2,0.001597444089456869,0.00016599258223223582,0.015906763407165642,2
CIGNANI,2,0.001597444089456869,0.00016860423825155617,0.018970127412447038,2
CASARALTA,2,0.001597444089456869,0.0001598778089731677,0.014411474015675638,2
CASARALTA,2,0.001597444089456869,0.00016413095582914027,0.017474838020957038,2
CASONI,2,0.001597444089456869,0.00015425381011197113,0.014484259237977032,2
PASSAROTTI,2,0.001597444089456869,0.000154940086671612,0.012916184624185636,2
CASONI,2,0.001597444089456869,0.00014917495987475067,0.011420895232695632,2
PASSAROTTI,2,0.001597444089456869,0.00015922410403275818,0.015979548629467034,2
MANIFATTURA,2,0.001597444089456869,0.00013854803568463033,0.008430316449715628,2
DEPOSITO FERRARESE,2,0.001597444089456869,0.00014580329252885854,0.012988969846487028,2
DEPOSITO FERRARESE,2,0.001597444089456869,0.00014224141802712185,0.00992560584120563,2
DOZZA CAPOLINEA,2,0.001597444089456869,0.0001266235391683764,0.0011517942195764155,2
MANIFATTURA,2,0.001597444089456869,0.00013978389737861747,0.011493680454997025,2
SACRO CUORE,3,0.0023961661341853034,0.00018326939043050938,0.007922096827330468,2
PORTA SARAGOZZA - VILLA CASSARINI,2,0.001597444089456869,0.0001821075877289824,0.0029063011571573414,2
TIARINI,2,0.001597444089456869,0.0001767853245199233,0.00672816379484272,2
BOLOGNINA,2,0.001597444089456869,0.00017308064408136402,0.050422281982720536,2
BOLOGNINA,2,0.001597444089456869,0.00017833365556025276,0.005503584352964912,2
BOLOGNESE,3,0.0023961661341853034,0.00016603157431468164,0.04958333652566765,2
TIBALDI DALL'ARCA,3,0.0023961661341853034,0.0001741258338073806,0.004538222457178028,2
BATTIFERRO,2,0.001597444089456869,0.0001540883407021482,0.001796645750492258,2
BATTIFERRO,2,0.001597444089456869,0.00016069307860898128,0.0029126858257802705,2
GOBETTI,2,0.001597444089456869,0.00014663652223395626,0.0004188342616641511,2
GOBETTI,2,0.001597444089456869,0.00015054905576971286,0.001494012457765417,2
ROTONDA C.N.R.,2,0.001597444089456869,0.00014298098124075823,0.0002834792868580535,2
BARBIERI,2,0.001597444089456869,0.00015500946271511336,0.00847500913007613,2
BARBIERI,2,0.001597444089456869,0.0001622187164780826,0.011921453252733277,2
ROTONDA GOBETTI,2,0.001597444089456869,0.00014962360846203834,0.0072568143568212526,2
ROTONDA GOBETTI,2,0.001597444089456869,0.00015601333758031463,0.010562795769773958,2
NAVILE,2,0.001597444089456869,0.0001449153468757658,0.006532792934981089,2
NAVILE,2,0.001597444089456869,0.00014913391391301883,0.00970852710802604,2
GAGARIN,2,0.001597444089456869,0.00014525551822742246,0.006508531194213958,2
GAGARIN,2,0.001597444089456869,0.0001484616616832044,0.009541248790105296,2
FIORAVANTI,2,0.001597444089456869,0.00016259446147964018,0.04547160993250128,2
FIORAVANTI,3,0.0023961661341853034,0.00017031725355204122,0.04062692338142266,2
FONDO COMINI,3,0.0023961661341853034,0.00015837819706343253,0.04695029918557167,2
FONDO COMINI,3,0.0023961661341853034,0.00016561311163698064,0.041285821183308945,2
ARCOVEGGIO CHIESA,2,0.001597444089456869,0.00015431159654649996,0.03845996685080051,2
PALESTRA IPPODROMO,2,0.001597444089456869,0.000156683439302598,0.02849477606413272,2
PALESTRA IPPODROMO,2,0.001597444089456869,0.00014929627695226897,0.03702213947691687,2
VILLA ERBOSA,2,0.001597444089456869,0.00015051548353059286,0.027056948690249077,2
VILLA ERBOSA,2,0.001597444089456869,0.00014384920303539051,0.03558431210303323,2
ARCOVEGGIO,2,0.001597444089456869,0.00013699054651425096,0.034146484729149586,2
ARCOVEGGIO,3,0.0023961661341853034,0.0001438074986165003,0.025665090930450527,2
C.S. VIRTUS,2,0.001597444089456869,0.0001317502924041829,0.03271504202388888,2
C.S. VIRTUS,2,0.001597444089456869,0.00013575687334131645,0.007605417263633183,2
COOPERAZIONE,2,0.001597444089456869,0.00012617195388893597,0.031295091722149435,2
COOPERAZIONE,2,0.001597444089456869,0.0001304347301573645,0.006166312956024956,2
DON BEDETTI,2,0.001597444089456869,0.00012104100788628368,0.029887910757655855,2
DON BEDETTI,2,0.001597444089456869,0.00012473576449844714,0.0047540242566330325,2
LAPIDARI,3,0.0023961661341853034,0.0001172592541616564,0.028848486705842995,2
LAPIDARI,2,0.001597444089456869,0.00012075316762145904,0.003358335695660724,2
CASA BUIA,2,0.001597444089456869,0.00011405087632985109,0.0007227444881155778,2
CASA BUIA,2,0.001597444089456869,0.00011685798830859009,0.0020060628813243337,2
ROTONDA GIARDINI,2,0.001597444089456869,0.00011375210027613725,0.0007163598194926487,2
PIAZZA DEI MARTIRI,2,0.001597444089456869,0.000199810074734306,0.006324652737873599,2
PETRARCA,2,0.001597444089456869,0.00017691231405020345,0.019497501040700985,2
MARCONI,2,0.001597444089456869,0.0001858748253645129,0.0,2
MARCONI,6,0.004792332268370607,0.00020596052989647898,0.09532054867288278,2
MARCONI,5,0.003993610223642172,0.00019992628995344207,0.044944236304247334,2
PIAZZA DEI MARTIRI,6,0.004792332268370607,0.00019992838638910687,0.04520345385033826,2
PORTA SARAGOZZA - LICEO RIGHI,4,0.003194888178913738,0.00018698210718152725,0.01260844359656045,2
MILLE (PIAZZA DEI MARTIRI),3,0.0023961661341853034,0.00019923613154802414,0.0012897030618316849,2
PIAZZA DEI MARTIRI,4,0.003194888178913738,0.00020208649120773196,0.06152905151916805,2
MILLE,5,0.003993610223642172,0.00020146935695646365,0.04096403388471331,2
MILLE,4,0.003194888178913738,0.00020167104227478375,0.050639360715900125,2
MILAZZO,3,0.0023961661341853034,0.00019371647847910343,0.006360406882162002,2
AMENDOLA,10,0.007987220447284345,0.00019932147027224213,0.06474947837257351,2
PORTA SARAGOZZA - VILLA CASSARINI,2,0.001597444089456869,0.00018029134068286648,0.020124475499472626,2
AMENDOLA,11,0.00878594249201278,0.00019981867553106004,0.053163858689406304,2
STAZIONE CENTRALE,1,0.0007987220447284345,0.00017565058701505702,0.0,1
STAZIONE CENTRALE,4,0.003194888178913738,0.00019621418555690012,0.014729430513097509,2
PIAZZA XX SETTEMBRE,4,0.003194888178913738,0.00019799055600161153,0.018179705436928414,2
ALDINI,2,0.001597444089456869,0.00017717886659823366,0.01959199413632034,2
STAZIONE CENTRALE,3,0.0023961661341853034,0.00018966640639116333,0.006938857859399381,2
PORTA SANT`ISAIA,2,0.001597444089456869,0.00017998480017366824,0.0035613681578698705,2
CASAGLIA 32-34,2,0.001597444089456869,0.00015024562710683786,0.019747780050719806,2
CASAGLIA SCUOLE,2,0.001597444089456869,0.0001353767095356538,0.01823844438825936,2
CASAGLIA 53,2,0.001597444089456869,0.00012578886933615273,0.0167303856595235,2
CASAGLIA 53/2,2,0.001597444089456869,0.00011957452367711318,0.01522232693078764,2
CASAGLIA CHIESA,3,0.0023961661341853034,0.00011117641652236402,0.013748745412615594,2
CASAGLIA CHIESA,2,0.001597444089456869,0.00010385153706571737,0.0030889026797731147,2
CASAGLIA 63,2,0.001597444089456869,0.00010573087923695365,0.004607176878305662,2
CASAGLIA 63,2,0.001597444089456869,9.924713257503796e-05,0.001552751409096365,2
CASAGLIA 64,2,0.001597444089456869,0.00010171295093166436,0.0030710256076289127,2
CASAGLIA 64,2,0.001597444089456869,9.563960005797226e-05,1.6600138419615746e-05,2
MONTE PRADONE 66,2,0.001597444089456869,9.210738978134329e-05,7.661602347514959e-06,2
MONTE PRADONE,2,0.001597444089456869,9.473114992708588e-05,0.0015348743369521635,2
MONTE ALBANO 21,3,0.0023961661341853034,0.0001074729645017956,0.006157374419952856,2
MONTE ALBANO 38,2,0.001597444089456869,0.00010505858747816012,8.68314932718362e-05,2
MONTE ALBANO GESSAROLI,2,0.001597444089456869,0.00010590908220081686,0.00012386257128482517,2
MONTE ALBANO 15,2,0.001597444089456869,0.00011142331014598106,0.0016331982337452723,2
MONTE ALBANO 11,2,0.001597444089456869,0.00011781335940112952,0.0031425338962057193,2
BASILICA DI SAN LUCA,3,0.0023961661341853034,0.00012458376300554562,0.0046837929017808115,2
SAN LUCA 35,2,0.001597444089456869,0.00012792510426261423,0.0010739012623766802,2
SAN LUCA 15,2,0.001597444089456869,0.00013725154694988585,0.00254875971427331,2
PORTA LAME,3,0.0023961661341853034,0.00018361171808229285,0.027446413476247756,2
PORTA LAME,2,0.001597444089456869,0.00018034181749647287,0.03431376304707033,2
BOVI CAMPEGGI,2,0.001597444089456869,0.0001752952873939965,0.022119045977275688,2
BOVI CAMPEGGI,3,0.0023961661341853034,0.0001772074431924877,0.03390131345402911,2
SOTTOPASSO ZANARDI,4,0.003194888178913738,0.00016563661620026826,0.04431470797802652,2
SOTTOPASSO ZANARDI,4,0.003194888178913738,0.00016623237694252785,0.03913801865855558,2
POSTE,3,0.0023961661341853034,0.00016148641926512117,0.04210433570076846,2
POSTE,3,0.0023961661341853034,0.00016185706352041555,0.03696340052558592,2
OCA,3,0.0023961661341853034,0.00015106131327062883,0.031684556508148116,2
OCA,2,0.001597444089456869,0.0001503985338649795,0.025017685532085512,2
ZANARDI,3,0.0023961661341853034,0.00014472817218845067,0.030563408697961758,2
ZANARDI,3,0.0023961661341853034,0.0001451654084018927,0.028436037112801772,2
SELVA PESCAROLA,2,0.001597444089456869,0.00013853621875789413,0.026507867188677172,2
SELVA PESCAROLA,2,0.001597444089456869,0.00013877146018465147,0.024614174475116393,2
PESCAROLA,3,0.0023961661341853034,0.00013663902140330687,0.02522071799429466,2
PESCAROLA,3,0.0023961661341853034,0.00013594503384817608,0.023370441027369796,2
C.S. PESCAROLA,2,0.001597444089456869,0.00013054004607863744,0.01810692021462702,2
C.S. PESCAROLA,2,0.001597444089456869,0.00013138043089493142,0.01675464740029063,2
BORRE,2,0.001597444089456869,0.0001268446190821359,0.016656323503497522,2
BORRE,2,0.001597444089456869,0.00012790597771668858,0.015302773755436545,2
TRAGHETTO,2,0.001597444089456869,0.00012286568108953958,0.015247865605279355,2
TRAGHETTO,2,0.001597444089456869,0.00012259522126857193,0.01389686972466755,2
NOCE,2,0.001597444089456869,0.00011714801558111959,0.01035082477149271,2
CENTRO PROVE AUTOVEICOLI,3,0.0023961661341853034,0.00011891493012745346,0.014311873185157944,2
CENTRO PROVE AUTOVEICOLI,3,0.0023961661341853034,0.00011923927250123859,0.013506128004944287,2
NOCE,2,0.001597444089456869,0.00011623460669045896,0.011064630723536186,2
NOCE,2,0.001597444089456869,0.00011768633638347037,0.0017008757211483209,2
PORTA SARAGOZZA - LICEO RIGHI,3,0.0023961661341853034,0.00018444871060525122,0.023637320175808236,2
GRAZIA,2,0.001597444089456869,0.00015192759976537996,0.010980353097713523,2
GRAZIA,2,0.001597444089456869,0.00015266592710016808,0.009433986357240087,2
MARCO POLO,5,0.003993610223642172,0.00014700837970422784,0.014991201926637604,2
MARCO POLO,4,0.003194888178913738,0.00014940458849340256,0.016865740634329596,2
BOTTEGO,2,0.001597444089456869,0.00014292456130927188,0.006332314340221114,2
BEVERARA,2,0.001597444089456869,0.0001392631147612495,0.00484340961735404,2
BOTTEGO,2,0.001597444089456869,0.0001449622817902634,0.001509335662460447,2
PELLEGRINO,3,0.0023961661341853034,0.0001336283385215367,0.003600953103332031,2
BEVERARA,2,0.001597444089456869,0.00014123742024846572,2.9369475665474012e-05,2
TANGENZIALE LAME,2,0.001597444089456869,0.00012751844006830303,0.0021924952051138643,2
PELLEGRINO,3,0.0023961661341853034,0.00013458323462955157,0.004423298421965303,2
FORNACE,2,0.001597444089456869,0.00012415902292246518,0.0009628080283377133,2
TANGENZIALE LAME,2,0.001597444089456869,0.00012934196406568337,0.0029739786445603903,2
FORNACE,2,0.001597444089456869,0.00012563320114214682,0.0015846747522110108,2
SOSTEGNO,2,0.001597444089456869,0.00012227564515082293,0.0006614516693354581,2
PORTA SAN FELICE,3,0.0023961661341853034,0.00017934063607190053,0.015103572094401156,2
PARMEGGIANI,2,0.001597444089456869,0.0001851328018124189,0.018693032794211917,2
PARMEGGIANI,2,0.001597444089456869,0.0001822369496031329,0.010247393139801258,2
CASARINI,4,0.003194888178913738,0.00018367808422117783,0.02825598945763517,2
CASARINI,2,0.001597444089456869,0.0001746474527382265,0.008868304717248565,2
MALVASIA,2,0.001597444089456869,0.00017198157105313268,0.019270206837724707,2
SCALO,2,0.001597444089456869,0.00016843601506732865,0.007517308836636761,2
PARCHEGGIO TANARI,4,0.003194888178913738,0.00017374497460199268,0.018890957521522717,2
TANARI,3,0.0023961661341853034,0.00017616464124172696,0.007699910359252534,2
TANARI,3,0.0023961661341853034,0.0001719248635688088,0.013052816532716319,2
ITC LUXEMBURG,2,0.001597444089456869,0.00011277397325650978,0.0,2
DON MINZONI - MAMBO,5,0.003993610223642172,0.00018854545312162223,0.025385442444766232,2
PORTA SANT`ISAIA,3,0.0023961661341853034,0.00018550725764795474,0.008555455954725039,2
DE GAMA,3,0.0023961661341853034,0.00014021042805979498,0.0005426968329489762,2
DE GAMA,3,0.0023961661341853034,0.00014352845813128508,0.010924168013831746,2
PANE,2,0.001597444089456869,0.00014044053655276728,0.005024734206245228,2
USODIMARE,2,0.001597444089456869,0.00014260245206145853,0.0015272127346046486,2
USODIMARE,2,0.001597444089456869,0.00014342998892638933,0.005967111294989567,2
PANE,2,0.001597444089456869,0.00013894871734636984,0.0003524337079856881,2
PORTA LAME,2,0.001597444089456869,0.0001805739913751004,0.013172848302827387,2
AGUCCHI,2,0.001597444089456869,0.0001295595624543047,0.004309651320477165,2
AGUCCHI,2,0.001597444089456869,0.00013052785201971804,0.003844847444727924,2
VARANINI,3,0.0023961661341853034,0.00012599179623486338,0.0029612093073145317,2
VARANINI,2,0.001597444089456869,0.00012689485522661864,0.002465759022175231,2
BERTALIA,3,0.0023961661341853034,0.00012415562485944411,0.0020648018326552818,2
BERTALIA,2,0.001597444089456869,0.00012176088900820768,0.0,2
ZANARDI CINTURA FERROVIARIA,2,0.001597444089456869,0.0001104269644168393,0.009541248790105296,2
ZANARDI CINTURA FERROVIARIA,2,0.001597444089456869,0.00011073045002088927,0.008826165904337234,2
CAVE,2,0.001597444089456869,0.00010049901290610983,0.00801914379039899,2
CAVE,2,0.001597444089456869,0.00010068177896417654,0.007304060904630928,2
TRIUMVIRATO,2,0.001597444089456869,0.0002757841656209639,0.00025794061236633696,2
TRIUMVIRATO,2,0.001597444089456869,0.0002832756376469087,0.00027070994961219525,2
ACQUEDOTTO TRIUMVIRATO,2,0.001597444089456869,0.0002790325991781562,0.0002630483472646803,2
ACQUEDOTTO TRIUMVIRATO,2,0.001597444089456869,0.0002883626301896393,0.00027709461823512436,2
DUE PONTI,2,0.001597444089456869,0.0002834641017626414,0.0002694330158876094,2
DUE PONTI,2,0.001597444089456869,0.00029351567226116074,0.00028475622058263934,2
BIRRA,2,0.001597444089456869,0.00028575507170031637,0.00027581768451053856,2
BIRRA,3,0.0023961661341853034,0.00029657427583066167,0.00030901796134977005,2
AEROPORTO,3,0.0023961661341853034,0.0002995220491284479,0.00034477210563817315,2
CASE GHEDINI@,2,0.001597444089456869,0.0002575068853210268,8.555455954725039e-05,2
CASE GHEDINI@,2,0.001597444089456869,0.0002688328105193165,0.00016727831792074329,2
VILLA SALTARELLI@,2,0.001597444089456869,0.00025626099037066906,0.00013280110735692597,2
VILLA SALTARELLI@,2,0.001597444089456869,0.00023720113879002598,7.278522230139211e-05,2
CASERMA R.R.A.E.@,2,0.001597444089456869,0.0002453556948187783,9.577002934393699e-05,2
CASERMA R.R.A.E.@,2,0.001597444089456869,0.00023774895589694973,7.533908975056377e-05,2
AEROCLUB@,2,0.001597444089456869,0.00023805344313606084,7.66160234751496e-05,2
CASE SAVINI@,2,0.001597444089456869,0.0002364039066064479,7.023135485222046e-05,2
VICINI,2,0.001597444089456869,0.00017973084868939644,0.004879163761642443,2
STAZIONE CENTRALE,2,0.001597444089456869,0.00019516463471299422,0.0,2
SAN PIO V,3,0.0023961661341853034,0.0001751178802039421,0.01805839673309276,2
SAN PIO V,3,0.0023961661341853034,0.00017790185854366626,0.04069332393510112,2
SAFFI,2,0.001597444089456869,0.00016542088116803125,0.016606523088238675,2
SAFFI,2,0.001597444089456869,0.00017173749218608473,0.0391546187969752,2
TIMAVO,5,0.003993610223642172,0.00016033415546069064,0.015856962991906795,2
TIMAVO,4,0.003194888178913738,0.00016300071677000772,0.03843825897748255,2
OSPEDALE MAGGIORE,2,0.001597444089456869,0.00015678389220141276,0.004861286689498242,2
OSPEDALE MAGGIORE,1,0.0007987220447284345,0.00015124631577642252,0.0,1
UGO BASSI,2,0.001597444089456869,0.00019318644468427993,0.00550741515413867,2
OSPEDALE MAGGIORE - MATERNITA`,2,0.001597444089456869,0.0001509715200633848,0.003327689286270664,2
UGO BASSI,3,0.0023961661341853034,0.00020430071807626615,0.017991996179414296,2
OSPEDALE MAGGIORE,2,0.001597444089456869,0.00015472459549696488,0.004365836404358941,2
CINTA DAZIARIA TEATRI DI VITA,2,0.001597444089456869,0.0002814410903712617,0.00026560221471385193,2
ROTONDA GRANATIERI - AVIS,2,0.001597444089456869,0.00014403435920276958,0.001804307352839773,2
BORGO PANIGALE STAZIONE,2,0.001597444089456869,0.00027778951079333685,0.0002604944798155086,2
CINTA DAZIARIA TEATRI DI VITA,2,0.001597444089456869,0.00027358604195255605,0.00025155594374340784,2
SCALA,2,0.001597444089456869,0.00027282980805112237,0.0002541098111925795,2
CHIESA BORGO PANIGALE,2,0.001597444089456869,0.0002700312229889204,0.00024644820884506453,2
BORGO PANIGALE - MUSEO DUCATI,2,0.001597444089456869,0.00026715676087813296,0.00023750967277296373,2
OSPEDALE MAGGIORE - MATERNITA`,2,0.001597444089456869,0.00014817017881493886,0.0028322390011313635,2
UGO BASSI,6,0.004792332268370607,0.00020669415253977646,0.06573399427422918,2
BORGO PANIGALE CIMITERO,2,0.001597444089456869,0.0002419520689103076,0.0,2
VILLAGGIO INA,2,0.001597444089456869,0.0002568279681853807,0.00022729420297627713,2
ROTONDA GRANATIERI - AVIS,2,0.001597444089456869,0.00014234039764053535,0.0013063032002513005,2
LAME,3,0.0023961661341853034,0.00020109748414431659,0.005441014600460207,2
CERETOLO CHIESA,2,0.001597444089456869,9.374022542631433e-05,0.016056164652942184,2
CERETOLO CHIESA,2,0.001597444089456869,9.30778819138063e-05,0.015916978876962327,2
CERETOLO,2,0.001597444089456869,9.091776270279287e-05,0.01454555205675715,2
CERETOLO,2,0.001597444089456869,9.043567878851712e-05,0.014405089347052709,2
CERETOLO TENUTA LAURO,2,0.001597444089456869,8.607701786154782e-05,0.013034939460572117,2
CERETOLO TENUTA LAURO,2,0.001597444089456869,8.653284207599363e-05,0.012891922883418505,2
CERETOLO VIVALDI,2,0.001597444089456869,8.368628747370144e-05,0.011523049930662499,2
CERETOLO VIVALDI,2,0.001597444089456869,8.346350208806704e-05,0.011378756419784301,2
RIALE CENTRO,2,0.001597444089456869,8.058823003499037e-05,0.010008606533303708,2
RIALE CENTRO,2,0.001597444089456869,8.080099791766781e-05,0.00986431302242551,2
RIALE,2,0.001597444089456869,7.88964769596246e-05,0.008492886202220332,2
RIALE,2,0.001597444089456869,7.852292953512646e-05,0.008348592691342135,2
PILASTRINO DI ZOLA,2,0.001597444089456869,7.348233063124666e-05,0.0069784428048615425,2
PILASTRINO DI ZOLA,2,0.001597444089456869,7.297212744392925e-05,0.006835426227707929,2
LAVINO DI SOPRA,2,0.001597444089456869,7.037433524724567e-05,0.005465276341227338,2
LAVINO DI SOPRA,2,0.001597444089456869,6.983600625984324e-05,0.005324813631522897,2
ZOLA PREDOSA CHIESA,2,0.001597444089456869,6.85831165727653e-05,0.003953386811317719,2
ZOLA PREDOSA CHIESA,2,0.001597444089456869,6.80607681579569e-05,0.003814201035337864,2
ZOLA PREDOSA,2,0.001597444089456869,6.6373491099683e-05,0.0024414972814081003,2
ZOLA PREDOSA,2,0.001597444089456869,6.620971245722626e-05,0.0023023115054282453,2
ZOLA PREDOSA SAN PANCRAZIO,2,0.001597444089456869,6.385864227046896e-05,0.0009283308177738959,2
ZOLA PREDOSA SAN PANCRAZIO,2,0.001597444089456869,6.389704896818e-05,0.0007891450417940408,2
PONTE RONCA SCUOLE,2,0.001597444089456869,6.180023939746807e-05,0.00010215469796686613,2
OSPEDALE  MAGGIORE,2,0.001597444089456869,0.00015161635681066614,0.006382114755479961,2
TERRACINI,2,0.001597444089456869,0.00012893067169112536,0.0004507576047787968,2
TERRACINI,2,0.001597444089456869,0.0001291370643385571,0.0007010366147976188,2
OSPEDALE MAGGIORE,2,0.001597444089456869,0.00015173204534689005,0.0,2
OSPEDALE MAGGIORE,2,0.001597444089456869,0.00015598933207346526,0.0,2
LAME,2,0.001597444089456869,0.0001935891352600095,0.03670162911204583,2
OSPEDALE MAGGIORE,2,0.001597444089456869,0.00015610252622329205,0.030242898333090715,2
RONDONE,4,0.003194888178913738,0.00019057794920899712,0.03816499516042118,2
PORTA SAN FELICE,2,0.001597444089456869,0.00017918404632231232,0.004694008371577498,2
PALASPORT,2,0.001597444089456869,0.000181831366719343,0.010487456680023394,2
RONDONE,2,0.001597444089456869,0.00018961125038553241,0.0353800027070995,2
SAN FELICE,4,0.003194888178913738,0.00019068711200177492,0.028512653136276923,2
RIVA DI RENO - MARCONI,2,0.001597444089456869,0.00019896425486490177,0.03668247510617704,2
VITTORIO VENETO,2,0.001597444089456869,0.0001535384450449595,0.005343967637391684,2
VITTORIO VENETO,2,0.001597444089456869,0.00016130459740780527,0.018046904329571487,2
PASUBIO,2,0.001597444089456869,0.00015177495121126974,0.004636546353971136,2
PASUBIO,2,0.001597444089456869,0.00015682010194808445,0.017025357349902827,2
WEBER,3,0.0023961661341853034,0.00015163491583929602,0.005358013908362129,2
SAFFI,2,0.001597444089456869,0.0001566481828732353,0.006322098870424427,2
WEBER,3,0.0023961661341853034,0.00015324086580749993,0.017105804174551733,2
VELODROMO,3,0.0023961661341853034,0.00014846594596211557,0.004540776324627199,2
VELODROMO,3,0.0023961661341853034,0.0001513346339743241,0.021844505226489733,2
CIVIDALI,3,0.0023961661341853034,0.00014721159335419432,0.02467546729389651,2
CERTOSA GANDHI,2,0.001597444089456869,0.00014637541052859644,0.0011083784729404975,2
CERTOSA GANDHI,2,0.001597444089456869,0.00014577267712438595,0.0010266547145670046,2
CHIESA CERTOSA,3,0.0023961661341853034,0.00014631542465821807,0.02172702732382784,2
TOGLIATTI,3,0.0023961661341853034,0.00013504339744686126,0.02359645829662149,2
TOGLIATTI,3,0.0023961661341853034,0.0001343209022105444,0.021202207563023063,2
CENTRO VITTORIA - MAST,2,0.001597444089456869,0.00012777870439171027,0.011187216361096427,2
EINAUDI,2,0.001597444089456869,0.00011022870584840292,0.007178921399621517,2
TOGLIATTI PIETRA,2,0.001597444089456869,0.00011592272579507022,0.009676603764911394,2
CENTRO VITTORIA - MAST,2,0.001597444089456869,0.00012569702944055365,0.010193761923368653,2
EINAUDI,2,0.001597444089456869,0.00011219156259894281,0.008164714235001775,2
TOGLIATTI PIETRA,2,0.001597444089456869,0.00011420461324975377,0.00868314932718362,2
LA MALFA,2,0.001597444089456869,0.00011054508947101609,0.0066579324399905,2
LA MALFA,2,0.001597444089456869,0.0001087756525136946,0.0056798012069577564,2
DE NICOLA,2,0.001597444089456869,0.00010918345491981815,0.005156258379877567,2
GALEAZZA,2,0.001597444089456869,0.00010653642340548679,0.00365330738604005,2
DE NICOLA,2,0.001597444089456869,0.00010734590218185957,0.00417940408056941,2
GALEAZZA,2,0.001597444089456869,0.0001046384210452783,0.0026790069541810643,2
SALVEMINI,2,0.001597444089456869,0.00010328662163058063,0.0021516333259271178,2
BOTTONELLI,2,0.001597444089456869,0.00010337524714132698,0.001178609827792718,2
ROTTA,2,0.001597444089456869,0.00010132200372155123,0.0007699910359252534,2
CASTELDEBOLE,2,0.001597444089456869,0.00010034098668926388,0.0002834792868580535,2
STAZIONE CASALECCHIO GARIBALDI,2,0.001597444089456869,0.00010005930443655034,1.787707214420157e-05,2
CASALECCHIO PIAVE,2,0.001597444089456869,0.00010264933619984238,0.0014365504401590548,2
MERIDIANA CRISTONI,2,0.001597444089456869,9.89608461232099e-05,0.00012386257128482517,2
PIETRA,2,0.001597444089456869,0.00027194506711013245,0.00024261740767130704,2
FAGGIOLO,3,0.0023961661341853034,0.0002668499329858273,0.00023240193787462044,2
MARZABOTTO,5,0.003993610223642172,0.000149314057280992,0.008663995321314833,2
MARZABOTTO,5,0.003993610223642172,0.00015262073260355775,0.034211608349103466,2
DEPOSITO BATTINDARNO,2,0.001597444089456869,0.00013091479539549766,0.00950038691091855,2
DEPOSITO BATTINDARNO,2,0.001597444089456869,0.00013354813232676718,0.010624088588554077,2
BATTINDARNO DE CAROLIS,2,0.001597444089456869,0.0001274802984103005,0.00826431506551947,2
BERTOCCHI,2,0.001597444089456869,0.00012550843439256438,0.007061443496959621,2
BATTINDARNO DE CAROLIS,2,0.001597444089456869,0.00012988186962114645,0.009352262598866594,2
DE PISIS,2,0.001597444089456869,0.00012226931014314068,0.005891772205239004,2
BERTOCCHI,2,0.001597444089456869,0.00012728204064507256,0.008094482880149554,2
GIOTTO,2,0.001597444089456869,0.00012409401432373403,0.006855857167301303,2
ALTOBELLI,2,0.001597444089456869,0.00012054767501111736,0.0047425318531117595,2
GNUDI,2,0.001597444089456869,0.00012143930406290963,0.00565426253246604,2
VIGHI,2,0.001597444089456869,0.00011868916156173345,0.004125772864136805,2
VIGHI,2,0.001597444089456869,0.0001186006712610833,0.004489698975643767,2
CENTRO SPORTIVO BARCA,2,0.001597444089456869,0.00011676041136594379,0.0039086941309572154,2
NALDI,2,0.001597444089456869,0.00011567131583687693,0.002915239693229442,2
SILVANI,3,0.0023961661341853034,0.00017992059124449637,0.010903737074238373,2
CASALECCHIO SANTA LUCIA,2,0.001597444089456869,9.856966865492803e-05,0.017428868406871946,2
CASALECCHIO SANTA LUCIA,2,0.001597444089456869,9.8839362394385e-05,0.017568054182851803,2
ARIOSTO,2,0.001597444089456869,0.0002490416876549316,0.00021963260062876218,2
CAVALIERI DUCATI,2,0.001597444089456869,0.0002474524799568935,0.00021452486573041887,2
CAVALIERI DUCATI FRONTE 118/2,2,0.001597444089456869,0.0002443988816948765,0.00020814019710748972,2
VILLAGGIO SPERANZA,2,0.001597444089456869,0.00024204538152750203,0.0002017555284845606,2
CA` NUOVA@,2,0.001597444089456869,0.0002389401348584022,0.0001864323237895307,2
CASA SANTA CHIARA@,2,0.001597444089456869,0.00024029842924904804,0.00019537085986163146,2
RIGOSA@,2,0.001597444089456869,0.0002340087265555995,0.0001826015226157732,2
OLMETOLA@,2,0.001597444089456869,0.0002345615338231952,0.00018515539006494486,2
LA PICCIONAIA@,2,0.001597444089456869,0.0002351695915311109,0.00018770925751411652,2
VILLA BOSCHI@,2,0.001597444089456869,0.00023946740652139783,0.0001928169924124598,2
COLLEGIO SAN LUIGI@,2,0.001597444089456869,0.00024295895257581785,0.00020047859475997478,2
BOIARDO14@,2,0.001597444089456869,0.0002442883082888415,0.0002068632633829039,2
CASE GIARDINO@,2,0.001597444089456869,0.00024567918686460626,0.0002119709982812472,2
BOIARDO@,3,0.0023961661341853034,0.0002471665065875013,0.00021707873317959052,2
PORTA LAME,2,0.001597444089456869,0.00018620729592942626,0.008718903471472023,2
PORTA SARAGOZZA - RISORGIMENTO,5,0.003993610223642172,0.00018676305091999942,0.07175601371937594,2
PORTA SARAGOZZA - RISORGIMENTO,4,0.003194888178913738,0.00018647950395581385,0.05357503134872294,2
SAN GIUSEPPE,2,0.001597444089456869,0.0001804252017457782,0.058692981716862935,2
SAN GIUSEPPE,2,0.001597444089456869,0.00017915032565353042,0.04143777629653466,2
VILLA BENNI,3,0.0023961661341853034,0.0001671769415382372,0.05712490710307154,2
ORSONI,2,0.001597444089456869,0.0001723244455298333,0.04021830458955519,2
ORSONI,2,0.001597444089456869,0.0001712321222587432,0.0574888332145785,2
VILLA SPADA,2,0.001597444089456869,0.00016179615364124919,0.029576338928856916,2
PIAZZA MALPIGHI,4,0.003194888178913738,0.0001997789592804598,0.027275304357153255,2
VILLA BENNI,3,0.0023961661341853034,0.00016639861703527026,0.03924655802514538,2
MELONCELLO,3,0.0023961661341853034,0.00015564641966356768,0.028699085460066453,2
VILLA SPADA,2,0.001597444089456869,0.00016138743711304815,0.03477218225419664,2
DELLO SPORT,2,0.001597444089456869,0.00014834966874082832,0.02148185604870736,2
MELONCELLO,4,0.003194888178913738,0.00015676906285898496,0.037919823885300706,2
BIVIO SAN LUCA,2,0.001597444089456869,0.00015256230466635835,0.022723035629004785,2
FUNIVIA,2,0.001597444089456869,0.00014259495897843554,0.020264938209177068,2
BIVIO SAN LUCA,2,0.001597444089456869,0.00015238866330182223,0.03199868220439623,2
DON STURZO,3,0.0023961661341853034,0.00013770311714690538,0.03593163807612058,2
PIAZZA MALPIGHI,4,0.003194888178913738,0.0002038244325118915,0.049919170095233716,2
DELLO SPORT,2,0.001597444089456869,0.00014846130092456433,0.03071919461236123,2
TREVES,2,0.001597444089456869,0.00013472378310664396,0.03370211179299372,2
FUNIVIA,2,0.001597444089456869,0.00014414246501727018,0.029478015032063806,2
MILANI,3,0.0023961661341853034,0.00013153302959676262,0.03265630307255793,2
CROCE LUNA,2,0.001597444089456869,0.00012649491550639026,0.02735064344690382,2
DON STURZO,3,0.0023961661341853034,0.0001381956486656555,0.06138475800828985,2
CROCE,2,0.001597444089456869,0.0001228302124579961,0.025931970078888967,2
PIAZZA SAN FRANCESCO,3,0.0023961661341853034,0.0002031744810966038,0.034962445379159934,2
TREVES,3,0.0023961661341853034,0.00013466237860157914,0.05919353973690058,2
CASALECCHIO CASA CONOSCENZA,5,0.003993610223642172,0.00010589742246417683,0.031259337577861035,2
CASALECCHIO VILLA CHIARA,2,0.001597444089456869,0.00011821995590691021,0.024513296710874113,2
CROCE LUNA,2,0.001597444089456869,0.00012856764727117647,0.049548859315103826,2
CASALECCHIO SAN MARTINO,2,0.001597444089456869,0.00011141138793006071,0.023126546685973904,2
CROCE,2,0.001597444089456869,0.00012533315856234973,0.048130185947088976,2
CASALECCHIO CHIUSA,2,0.001597444089456869,0.00010867687923246098,0.02180875108220133,2
CASALECCHIO VILLA CHIARA,2,0.001597444089456869,0.00011997965903635308,0.04671151257907412,2
PIAZZA MALPIGHI,9,0.00718849840255591,0.00020567856414648573,0.06938857859399382,2
CASALECCHIO SAN MARTINO,2,0.001597444089456869,0.00011284850203954016,0.0453171009518264,2
CASALECCHIO STAZIONE,2,0.001597444089456869,0.00010147198160830876,0.007853142406202834,2
CASALECCHIO CHIUSA,3,0.0023961661341853034,0.00010986295270364118,0.04483186613648379,2
CASALECCHIO MARCONI,3,0.0023961661341853034,0.00010666993656301362,0.02172064265520491,2
CASALECCHIO STAZIONE,2,0.001597444089456869,0.000103871382657097,0.00900749049322842,2
SANT`ISAIA,3,0.0023961661341853034,0.00019428432585798632,0.040074011078676995,2
CROCE CARAVAGGIO,2,0.001597444089456869,0.00012771775516357776,0.002751792176482456,2
CROCE CARAVAGGIO,2,0.001597444089456869,0.00012833792094234107,0.0071521057914052145,2
CROCEFISSI,3,0.0023961661341853034,0.00012189583940718472,0.001589782487109354,2
CROCEFISSI,3,0.0023961661341853034,0.00012352699268286887,0.00583175632018347,2
LORENZETTI,2,0.001597444089456869,0.00011954191707829828,0.00011747790266189605,2
BONINSEGNA,2,0.001597444089456869,0.00012184404244577768,0.002509174768811149,2
SANT`ISAIA,3,0.0023961661341853034,0.00019603041625092412,0.05927398656154948,2
FILANDA,2,0.001597444089456869,0.00012064797130909964,0.0010841167321733668,2
SANT`ISAIA,4,0.003194888178913738,0.0001943051353912502,0.029098765715861816,2
PORTA SANT`ISAIA,3,0.0023961661341853034,0.0001886797431759104,0.040817186506385945,2
PORTA SANT`ISAIA,3,0.0023961661341853034,0.00019122167465831895,0.05926121722430362,2
ANDREA COSTA,2,0.001597444089456869,0.0001815041091633036,0.03531360215342103,2
ANDREA COSTA,2,0.001597444089456869,0.0001816516546575846,0.05036354303138958,2
SAN PAOLO RAVONE,2,0.001597444089456869,0.00017381629265102495,0.03400857588689432,2
SAN PAOLO RAVONE,2,0.001597444089456869,0.00017551234202699712,0.04906873223465956,2
CROCETTA,2,0.001597444089456869,0.00016756079854358735,0.0327214266925118,2
CROCETTA,2,0.001597444089456869,0.0001698735525061413,0.04778413690772622,2
MARTINI,2,0.001597444089456869,0.00016121933714052902,0.031463646973794765,2
PORTA SARAGOZZA - FRASSINAGO,2,0.001597444089456869,0.00018589826338976772,0.020559909899556392,2
MARTINI,2,0.001597444089456869,0.00016198968188321368,0.046550618929776306,2
MAGNANI,2,0.001597444089456869,0.00015571170599953008,0.03024545220053989,2
MAGNANI,2,0.001597444089456869,0.00015688470110250316,0.04538860924040321,2
STADIO,2,0.001597444089456869,0.00015113127616325593,0.029077057842543858,2
STADIO,2,0.001597444089456869,0.0001536228064536647,0.04425469209297099,2
LINO,2,0.001597444089456869,0.0001471174401515897,0.027948248430009984,2
LINO,2,0.001597444089456869,0.0001495039815679027,0.04312843654788629,2
CERTOSA,3,0.0023961661341853034,0.00014330481454124895,0.029728294042082628,2
CERTOSA,3,0.0023961661341853034,0.000145625622526465,0.045094914483748465,2
FUNIVIA,2,0.001597444089456869,0.00014027480676934376,0.017658716477297394,2
FUNIVIA,2,0.001597444089456869,0.00014243876066293346,0.03425119329456563,2
GHISELLO,2,0.001597444089456869,0.00013769098418121937,0.012361995387715386,2
GHISELLO,2,0.001597444089456869,0.00013946797754589094,0.011334063739423797,2
BARCA,2,0.001597444089456869,0.0001340754317348065,0.011019938043175683,2
BARCA,2,0.001597444089456869,0.0001350154868828289,0.010000944930956194,2
BELCANTONE,2,0.001597444089456869,0.00012993396889779833,0.009698311638229352,2
BELCANTONE,2,0.001597444089456869,0.00013075522999139293,0.008690810929531136,2
DE AMBRIS,2,0.001597444089456869,0.00012706425376767257,0.008416270178745184,2
DE AMBRIS,2,0.001597444089456869,0.000128458427524633,0.00740749253632238,2
BUOZZI,2,0.001597444089456869,0.00012431828687576639,0.00722999874860495,2
BUOZZI,2,0.001597444089456869,0.0001248291907508945,0.006170143757198714,2
RIGOLA,2,0.001597444089456869,0.00012234987093891534,0.0050898578261991045,2
TRENO,2,0.001597444089456869,0.00011513206310431425,0.00268028388790565,2
TRENO,4,0.003194888178913738,0.00012082168220638866,0.010455533336908749,2
TOMMASEO,2,0.001597444089456869,0.00011699969253963555,0.0033557818282115522,2
PIAZZA GIOVANNI XXIII,2,0.001597444089456869,0.0001221614264371132,0.0062135595038346324,2
TOMMASEO,2,0.001597444089456869,0.00011902505168630539,0.004263681706392075,2
ROTONDA MALAGUTI,2,0.001597444089456869,0.00012143524848714407,0.0008708688001675337,2
MONTEFIORINO,3,0.0023961661341853034,0.0001513426563465179,0.0036622459221121507,2
MONTEFIORINO,3,0.0023961661341853034,0.00015112678313001967,0.003940617474071861,2
RONCATI,2,0.001597444089456869,0.00017585821037997829,0.009070060245733126,2
PIAZZA VOLTA,2,0.001597444089456869,0.00017035463018096465,0.007683310220832918,2
PIAZZA VOLTA,2,0.001597444089456869,0.00017285624459257044,0.009172214943699993,2
TURATI,2,0.001597444089456869,0.00016469735896382882,0.006359129948437416,2
TURATI,2,0.001597444089456869,0.00016819331789840687,0.0078007881234948145,2
XXI APRILE ZANNONI,2,0.001597444089456869,0.00015806281853638049,0.00516775078339884,2
XXI APRILE ZANNONI,2,0.001597444089456869,0.00016248573997602853,0.006451069176607596,2
XXI APRILE MARTINI,2,0.001597444089456869,0.00015302821143833923,0.0043032666518542356,2
XXI APRILE MARTINI,2,0.001597444089456869,0.00015529351522329662,0.005124335036762922,2
IRMA BANDIERA,2,0.001597444089456869,0.00015199613646450476,0.0038308011737574798,2
IRMA BANDIERA,2,0.001597444089456869,0.00015290582154603598,0.004218989026031571,2
CASAGLIA,4,0.003194888178913738,0.00015872249521747096,0.028428375510454258,2
CASAGLIA,2,0.001597444089456869,0.00015809517350233316,0.0020814019710748972,2
SCUOLE CARRACCI,2,0.001597444089456869,0.00015365523953579817,0.0011479634184026581,2
SCUOLE CARRACCI,2,0.001597444089456869,0.00015323595871724022,0.0007278522230139211,2
RAVONE,2,0.001597444089456869,0.00014930026146220892,0.0002541098111925795,2
CASALECCHIO LIDO,2,0.001597444089456869,9.54492716400724e-05,0.00632720660532277,2
CASALECCHIO LIDO,2,0.001597444089456869,9.853205716456224e-05,0.007479000824899186,2
CASALECCHIO RONZANI,2,0.001597444089456869,9.151317016494949e-05,0.004801270804442708,2
CASALECCHIO RONZANI,2,0.001597444089456869,9.344611302318284e-05,0.005951788090294538,2
CASALECCHIO C.S. ALLENDE,2,0.001597444089456869,8.831451663622437e-05,0.003274058069838059,2
CASALECCHIO C.S. ALLENDE,2,0.001597444089456869,8.990061627577332e-05,0.004425852289414475,2
SAN BIAGIO MICCA,2,0.001597444089456869,8.422804404357005e-05,0.001745568401508825,2
SAN BIAGIO MICCA,2,0.001597444089456869,8.529185330697144e-05,0.002899916488534412,2
SAN BIAGIO CEFALONIA,2,0.001597444089456869,8.30496327245516e-05,0.00021707873317959052,2
SAN BIAGIO CEFALONIA,2,0.001597444089456869,8.379387392652648e-05,0.0013727037539297635,2
SAN BIAGIO RESISTENZA,2,0.001597444089456869,8.231995176696982e-05,3.0646409390059834e-05,2
AUDINOT,2,0.001597444089456869,0.0001819962805823434,0.01047341040905295,2
GUIDOTTI,2,0.001597444089456869,0.00017650170673979757,0.010557688034875614,2
FARINI,5,0.003993610223642172,0.00020103750329139472,0.019862704085932534,2
CASALECCHIO CASA CONOSCENZA,3,0.0023961661341853034,0.00010509625281914298,0.02187004390098145,2
FARINI,8,0.006389776357827476,0.0002056519567728465,0.11586385843401956,2
COLLEGIO DI SPAGNA,5,0.003993610223642172,0.0001989193639308383,0.03998079491678223,2
COLLEGIO DI SPAGNA,2,0.001597444089456869,0.00019334026164470537,0.03096308895375712,2
NOSADELLA,2,0.001597444089456869,0.0001929034049116963,0.0365688280046889,2
D`AZEGLIO,5,0.003993610223642172,0.00020330817212774354,0.06716671391321448,2
NOSADELLA,2,0.001597444089456869,0.00018746936363792555,0.030037312003432397,2
PORTA SARAGOZZA - FRASSINAGO,3,0.0023961661341853034,0.00019144043396208705,0.044367062260734544,2
PORTA SARAGOZZA - FRASSINAGO,2,0.001597444089456869,0.00018597653470909685,0.029647847217433722,2
PIAZZA CAVOUR,4,0.003194888178913738,0.00019998050978408573,0.009477402103876004,2
STAZIONE CENTRALE,3,0.0023961661341853034,0.00019626377685195265,0.003600953103332031,2
PIAZZA CAVOUR,2,0.001597444089456869,0.00020090402528526253,0.002398081534772182,2
DELLE ROSE,2,0.001597444089456869,0.0001816764901493284,0.016362628746842783,2
PORTA CASTIGLIONE,2,0.001597444089456869,0.0001859982354014659,0.02016022964376103,2
CASTIGLIONE,3,0.0023961661341853034,0.0001751004349269203,0.015380666712636281,2
DELLE ROSE,2,0.001597444089456869,0.00017668650144313225,0.018767094950237893,2
SCALINI,2,0.001597444089456869,0.00016747327413055768,0.00596328049381581,2
SCALINI,2,0.001597444089456869,0.00016222268352809305,0.003173180305595779,2
PORTA CASTIGLIONE,2,0.001597444089456869,0.00018746674735832083,0.017750655705467574,2
VILLA GUASTAVILLANI,2,0.001597444089456869,0.00013358708971893127,0.00016727831792074329,2
BARBIANO,3,0.0023961661341853034,0.0001572303741823617,0.004548437926974714,2
PIAZZA CAVOUR,2,0.001597444089456869,0.000188997644096171,0.0,2
BARBIANO,2,0.001597444089456869,0.00015523062195239233,0.0017698301422759556,2
PUTTI,3,0.0023961661341853034,0.00017059173586792412,0.0071444441890577,2
IST. RIZZOLI - CENTRO RICERCA,2,0.001597444089456869,0.00015228891918114007,0.0008325607884299589,2
PIAZZALE BACCHELLI,2,0.001597444089456869,0.00016460119501207846,0.001642136769817373,2
CASTIGLIONE,4,0.003194888178913738,0.0001730675191011303,0.018179705436928414,2
BARBIANO 1,2,0.001597444089456869,0.00015365742241866883,0.001458258313477014,2
SCALINI,2,0.001597444089456869,0.0001643642057443194,0.007768864780380169,2
PIAZZALE BACCHELLI,2,0.001597444089456869,0.00016387959804535255,0.0029995173190521065,2
PUTTI,2,0.001597444089456869,0.00016967238730085217,0.0035971223021582736,2
ISTITUTO ORTOPEDICO RIZZOLI,2,0.001597444089456869,0.0001611324562006334,0.0016217058302239998,2
PIAZZA CAVOUR,3,0.0023961661341853034,0.00019399889588528452,0.006725609927393549,2
PIAZZALE BACCHELLI,3,0.0023961661341853034,0.00016374133514416596,0.003239580859274242,2
CODIVILLA,2,0.001597444089456869,0.00016444171486596065,0.0014812431205195589,2
ISTITUTO ORTOPEDICO RIZZOLI,2,0.001597444089456869,0.00016005013186690714,0.00128204145948417,2
BIVIO SAN VITTORE,2,0.001597444089456869,0.00012984531322406278,8.044682464890707e-05,2
POLIAMBULATORIO RIZZOLI,2,0.001597444089456869,0.00015249378793760431,0.0009411001550197541,2
SAN MICHELE IN BOSCO,2,0.001597444089456869,0.00015937975315281715,0.000971746564409814,2
CODIVILLA,2,0.001597444089456869,0.00016716162437497643,0.0017340759979875525,2
TRIBUNALE,8,0.006389776357827476,0.00019913572632993809,0.01614044227876485,2
BATTIVENTO,2,0.001597444089456869,0.00014132961733444305,0.0016306443662961005,2
VILLA COLONNA,2,0.001597444089456869,0.00014645640840263964,0.003165518703248264,2
VILLA SAMPIERA,2,0.001597444089456869,0.00015025404811631982,0.004701669973925013,2
BELLA RIPA,2,0.001597444089456869,0.00015328077841552087,0.0062365443108771765,2
TRIBUNALE,5,0.003993610223642172,0.0001974748289723939,0.01939917714390788,2
XII GIUGNO,3,0.0023961661341853034,0.00019399857428011976,0.019175713742105357,2
XII GIUGNO,3,0.0023961661341853034,0.00019567529421230236,0.026930532251515083,2
PIAZZA CAVOUR,3,0.0023961661341853034,0.0001986091018449124,0.0042560201040445595,2
PIAZZA CAVOUR,4,0.003194888178913738,0.00020500328716176376,0.11043305930335603,2
ANNUNZIATA,3,0.0023961661341853034,0.00018009146391448615,0.0328478431312458,2
ANNUNZIATA,3,0.0023961661341853034,0.00018209681812350503,0.034343132522735804,2
BAGNI DI MARIO,3,0.0023961661341853034,0.000170521366340803,0.03229620776222473,2
BAGNI DI MARIO,3,0.0023961661341853034,0.00017370967024810024,0.03379788182233766,2
VILLA GHIGI,2,0.001597444089456869,0.00016206283882287009,0.02950099983910635,2
VILLA GHIGI,2,0.001597444089456869,0.00016612853801451752,0.030259498471510334,2
SAN MAMOLO,2,0.001597444089456869,0.0001578031972986055,0.028056787796599782,2
SAN MAMOLO,2,0.001597444089456869,0.00015865898497558067,0.028815286429003762,2
BIVIO COLLI,3,0.0023961661341853034,0.0001526644033249363,0.02673005365675511,2
BIVIO COLLI,3,0.0023961661341853034,0.0001540452007056234,0.027461736680942785,2
FONTANINA,2,0.001597444089456869,0.00014385047683224218,0.0020201091522947775,2
FONTANINA,2,0.001597444089456869,0.0001451435466654101,0.0026853916228039934,2
POLVERIERA,2,0.001597444089456869,0.0001400738082047608,0.0005324813631522897,2
POLVERIERA,2,0.001597444089456869,0.00014091369910505016,0.0011939330324877478,2
RONCRIO,2,0.001597444089456869,0.00013652898608040132,0.00012386257128482517,2
VILLA BARUZZIANA,3,0.0023961661341853034,0.0001743948829887444,0.0026496374785155903,2
VILLA ALDINI,3,0.0023961661341853034,0.00015807775994595825,0.000537589098050633,2
VILLA ALDINI,2,0.001597444089456869,0.0001572852994808248,0.00108922446707171,2
OSSERVANZA,2,0.001597444089456869,0.00015442869776299148,8.427762582266456e-05,2
MONTE CUCCOLINO,2,0.001597444089456869,0.0001277714012376499,0.02185216682883725,2
MONTE CUCCOLINO,2,0.001597444089456869,0.00012908387865054782,0.021881536304502725,2
BIVIO GAIBOLA,3,0.0023961661341853034,0.00012267600756471012,0.020400293183983165,2
GAIBOLA CHIESA,3,0.0023961661341853034,0.0001157801346997807,0.0007125290183188913,2
GAIBOLA CHIESA,3,0.0023961661341853034,0.00011578061381269478,0.0014007962958706517,2
BIVIO GAIBOLA,3,0.0023961661341853034,0.00012255204921991203,0.020434770394546983,2
CASA CANTINELLA,2,0.001597444089456869,0.00011097877116855579,0.015522406356065308,2
CASA CANTINELLA,2,0.001597444089456869,0.00011162603472977574,0.014868616289077364,2
FORTE,3,0.0023961661341853034,0.0001079173353778005,0.014029670832024476,2
FORTE,3,0.0023961661341853034,0.00010841475306024296,0.013375880765036534,2
PADERNO,3,0.0023961661341853034,0.0001010894723101391,0.012128316516116181,2
PADERNO,3,0.0023961661341853034,0.00010066505942669799,0.010814351713517365,2
TIRO AL PIATTELLO,2,0.001597444089456869,9.441102279562607e-05,0.010603657648960704,2
TIRO AL PIATTELLO,2,0.001597444089456869,9.500356689844686e-05,0.009293523647535646,2
GAIBOLA,2,0.001597444089456869,0.00011124218142552183,1.2769337245858266e-06,2
CAVAIONI,2,0.001597444089456869,9.270254473108602e-05,0.009080275715529813,2
CAVAIONI,2,0.001597444089456869,9.328413785208593e-05,0.00777141864782934,2
CA` BRUCIATA,2,0.001597444089456869,8.889461437480908e-05,0.0075568937820989215,2
CA` BRUCIATA,2,0.001597444089456869,8.630322393938149e-05,0.004722100913518387,2
LUMIERA,2,0.001597444089456869,8.588216738851065e-05,0.006032234914943445,2
LUMIERA,2,0.001597444089456869,8.26854753804874e-05,0.0031987189800874957,2
PARCO CAVAIONI,2,0.001597444089456869,9.048968825523965e-05,0.006246759780673863,2
LASTRE,4,0.003194888178913738,0.00010101555842244896,0.0001008777642422803,2
SABBIUNO,2,0.001597444089456869,8.070172392682644e-05,0.004508852981512553,2
SABBIUNO,2,0.001597444089456869,7.804893881133455e-05,0.0016753370466566044,2
CIPPO SABBIUNO,2,0.001597444089456869,7.579059227249296e-05,0.002988024915530834,2
CALANCHI,2,0.001597444089456869,7.731285036084171e-05,0.00015067817950112754,2
SABBIUNO CASETTA,2,0.001597444089456869,7.494804084644049e-05,0.0015003971263883463,2
CIPPO SABBIUNO,2,0.001597444089456869,7.419966763570742e-05,8.044682464890707e-05,2
CA` DI SAVINI,3,0.0023961661341853034,0.00011529025115571519,0.01705728069301747,2
CA` DI SAVINI,3,0.0023961661341853034,0.00011558021787352844,0.016388167421334497,2
TAGLIAPIETRE,2,0.001597444089456869,0.00018973931338332192,0.0037388619455873003,2
SAN LUIGI PORTA SAN MAMOLO,4,0.003194888178913738,0.00019102165939863477,0.03600953103332031,2
SAN LUIGI PORTA SAN MAMOLO,3,0.0023961661341853034,0.00019000296165292473,0.03903203315941496,2
PIAZZA MINGHETTI,3,0.0023961661341853034,0.0002009192980557133,0.01677252447243483,2
STAZIONE CENTRALE,4,0.003194888178913738,0.00019528342981078883,0.019719687508778918,2
SANT`ISAIA PIAZZA MALPIGHI,2,0.001597444089456869,0.00019372177499846473,0.01521849612961388,2
PORTA SANTO STEFANO-ROSA PARKS,4,0.003194888178913738,0.00018806578493801054,0.0612723878405263,2
PORTA SANTO STEFANO-ROSA PARKS,4,0.003194888178913738,0.00019397781814305888,0.10062876216598607,2
MURRI,3,0.0023961661341853034,0.00018576754920872208,0.056030574901101485,2
MURRI,2,0.001597444089456869,0.00019028957732458121,0.09242701685297129,2
STERLINO,3,0.0023961661341853034,0.00018404240763735948,0.06495634163595641,2
STERLINO,3,0.0023961661341853034,0.000188460608763458,0.09384441328726156,2
PIANORO N. RESISTENZA,2,0.001597444089456869,6.486210701742067e-05,0.03934232805448932,1
PIANORO N. RESISTENZA,2,0.001597444089456869,4.7077136245871556e-05,0.015335974032275776,1
PIANORO N. VILLAGGIO MARTINO,2,0.001597444089456869,6.404379826681815e-05,0.03786108493396976,1
PIANORO N. VILLAGGIO MARTINO,2,0.001597444089456869,4.7570732952769936e-05,0.01685552516453291,1
PIANORO N. SPORT,2,0.001597444089456869,6.26962425728648e-05,0.03637728794600103,1
PIANORO N. SPORT,2,0.001597444089456869,4.836617316217335e-05,0.018372522429340874,1
RAGNO,3,0.0023961661341853034,0.00018121542935011295,0.07330493432729855,2
RAGNO,4,0.003194888178913738,0.00018543974352145775,0.07231914149191829,2
VARTHEMA,2,0.001597444089456869,0.00017546134655215643,0.06912042251183079,2
VARTHEMA,3,0.0023961661341853034,0.00018090207428633174,0.05550447820657212,2
CHIESA NUOVA,2,0.001597444089456869,0.00016873690081269224,0.06814229127879805,2
CHIESA NUOVA,2,0.001597444089456869,0.0001710809598132511,0.042717263888569654,2
PIANORO V. FONDOVALLE SAVENA,2,0.001597444089456869,5.463478000431215e-05,0.02742087480175604,1
PARISIO,4,0.003194888178913738,0.0001662287023305283,0.07120182448290568,2
PARISIO,4,0.003194888178913738,0.00016585511742001305,0.0436328253690977,2
VILLA MAZZACORATI,2,0.001597444089456869,0.0001601036857787391,0.05253433036318549,2
VILLA MAZZACORATI,4,0.003194888178913738,0.00016228123919446476,0.04419595314164004,2
CROCE DI CAMALDOLI,3,0.0023961661341853034,0.00015711136604631287,0.07867444063918194,2
CROCE DI CAMALDOLI,3,0.0023961661341853034,0.00015538407893858972,0.01945025449289131,2
DIRETTISSIMA,3,0.0023961661341853034,0.00015110607534804405,0.07714978177202647,2
DIRETTISSIMA,2,0.001597444089456869,0.00014823656478654806,0.016860632899431256,2
ANGELO CUSTODE,2,0.001597444089456869,0.00014375676088165557,0.07543102897873395,2
ANGELO CUSTODE,2,0.001597444089456869,0.00014108359870605553,0.01546366740473436,2
SAN RUFFILLO,2,0.001597444089456869,0.00013673651442910694,0.0740378942852108,2
PIAZZA MINGHETTI,4,0.003194888178913738,0.00020193269357427266,0.04708182335920401,2
SAN RUFFILLO,2,0.001597444089456869,0.0001358351379075952,0.014070532711211224,2
PONTE SAVENA,2,0.001597444089456869,0.0001323012925861595,0.07264475959168767,2
PONTE SAVENA,2,0.001597444089456869,0.0001309152533476952,0.012677398017688087,2
TOSCANA PIETRO DA ANZOLA,3,0.0023961661341853034,0.0001267152957107895,0.07128993290990211,2
PIAZZA MINGHETTI,6,0.004792332268370607,0.0002055085514030684,0.02930179817807096,2
TOSCANA PIETRO DA ANZOLA,2,0.001597444089456869,0.00012607406920353963,0.01128426332416495,2
SAN RUFFILLO STAZIONE,2,0.001597444089456869,0.00014811514931679825,8.810842699642203e-05,2
GARGANELLI,3,0.0023961661341853034,0.00019451902830157477,0.042409522860944474,2
CARTERIA PUCCINI,2,0.001597444089456869,8.680660980367316e-05,0.05255859210395262,1
CARTERIA PUCCINI,2,0.001597444089456869,3.9599396571671435e-05,0.0015450898067488502,1
PIANORO N. DEPOSITO GAS,2,0.001597444089456869,8.409911378089696e-05,0.051100333790475606,1
PIANORO N. DEPOSITO GAS,2,0.001597444089456869,4.019140012337882e-05,0.0030876257460485286,1
BOARIA,2,0.001597444089456869,7.791267875072779e-05,0.049639521609549424,1
BOARIA,2,0.001597444089456869,4.142537874417959e-05,0.0046276078178990356,1
PIAN DI MACINA GARGANELLI,2,0.001597444089456869,7.582577247870423e-05,0.048176155561174064,1
PIAN DI MACINA GARGANELLI,2,0.001597444089456869,4.267389768365208e-05,0.00616503602230037,1
PIAN DI MACINA ALLENDE,2,0.001597444089456869,7.295817093621676e-05,0.046710235645349533,1
PIAN DI MACINA ALLENDE,2,0.001597444089456869,4.3553433045487545e-05,0.007699910359252534,1
PIAN DI MACINA,2,0.001597444089456869,7.173646260694279e-05,0.04524176186207583,1
PIAN DI MACINA,2,0.001597444089456869,4.401779539763108e-05,0.009232230828755525,1
MUSIANO,2,0.001597444089456869,6.980757470061811e-05,0.04377073421135296,1
MUSIANO,2,0.001597444089456869,4.4818023614417635e-05,0.010761997430809347,1
PIANORO N. ZONA ARTIGIANALE,2,0.001597444089456869,6.777628994140317e-05,0.04229715269318092,1
PIANORO N. ZONA ARTIGIANALE,2,0.001597444089456869,4.569110870046812e-05,0.012289210165413995,1
PIANORO N. BIVIO RESISTENZA,2,0.001597444089456869,6.582248050722833e-05,0.0408210173075597,1
PIANORO N. BIVIO RESISTENZA,2,0.001597444089456869,4.6526226890843293e-05,0.013813869032569473,1
PIANORO N.MUNICIPIO,2,0.001597444089456869,6.030351593107193e-05,0.03340203236771605,1
PIANORO N.MUNICIPIO,2,0.001597444089456869,4.989627157705716e-05,0.02139885535660928,1
PIANORO N. CAMPO SPORTIVO,2,0.001597444089456869,6.116542330981612e-05,0.03489093709058313,1
PIANORO N. CAMPO SPORTIVO,2,0.001597444089456869,4.9352131673982655e-05,0.019886965826699663,1
PIANORO STAZIONE,2,0.001597444089456869,5.816366010461737e-05,0.03191057377739981,1
PIANORO STAZIONE,2,0.001597444089456869,5.136405117107566e-05,0.02290819101906973,1
PIANORO V. MAESTA`,2,0.001597444089456869,5.646532431843489e-05,0.03041656131963439,1
PIANORO V. MAESTA`,2,0.001597444089456869,5.2825485109151854e-05,0.024414972814081004,1
PIANORO VECCHIO,2,0.001597444089456869,5.545420961906672e-05,0.0289199949944198,1
PIANORO VECCHIO,2,0.001597444089456869,5.3711482050757345e-05,0.025919200741643108,1
GARGANELLI,4,0.003194888178913738,0.00020335803265609248,0.10363849495483486,2
FONDAZZA,2,0.001597444089456869,0.00018474779500724452,0.011335340673148382,2
FONDAZZA,4,0.003194888178913738,0.000200341177138448,0.050858993316528885,2
PAVESE,2,0.001597444089456869,0.00012122742624978561,0.0024031892696705255,2
GANDINO,2,0.001597444089456869,0.00017874369122280903,0.0036545843197646356,2
GANDINO,2,0.001597444089456869,0.0001803731209535044,0.006587701085138279,2
BELLACOSTA,2,0.001597444089456869,0.00017507984608891415,0.0024976823652898767,2
REDENTI,2,0.001597444089456869,0.00017375536338797088,0.005364398576985057,2
SANTA BARBARA,2,0.001597444089456869,0.0001718682620212327,0.001921785255501669,2
SANTA BARBARA,2,0.001597444089456869,0.0001698219351981561,0.004196004218989026,2
BORGHI MAMO,2,0.001597444089456869,0.0001711603079806137,0.005596800514859678,2
BARACCANO,2,0.001597444089456869,0.00018687566279618515,0.029808740866731534,2
SIEPELUNGA,2,0.001597444089456869,0.00016377369351378747,0.003231919256926727,2
VILLA HERCOLANI,2,0.001597444089456869,0.00016683720949046816,0.004490975909368352,2
BORGHI MAMO,2,0.001597444089456869,0.00016050012620253797,0.002560252117794582,2
MOLINELLI,2,0.001597444089456869,0.0001629689717077705,0.003724815674616856,2
VILLA HERCOLANI,2,0.001597444089456869,0.00015929772377687538,0.002090340507146998,2
ROVIGHI,2,0.001597444089456869,0.00016212677023234255,0.0033238584850969065,2
ARANZIO,2,0.001597444089456869,0.0001638158207794075,0.003912524932130973,2
BARACCANO,2,0.001597444089456869,0.00019236962486571734,0.05450719296767059,2
ROVIGHI,2,0.001597444089456869,0.00015826163475784523,0.0019549855323409003,2
PARCHEGGIO LERCARO,2,0.001597444089456869,0.00017434716851832336,0.0,2
DAGNINI,2,0.001597444089456869,0.0001784391229585241,0.011682666646235728,2
DAGNINI,2,0.001597444089456869,0.00017840038492316563,0.02345471865319246,2
ORTI,2,0.001597444089456869,0.0001699633882640218,0.019240837362059234,2
ORTI,4,0.003194888178913738,0.00017838292166100488,0.03745374307582688,2
LUNETTA GAMBERINI,2,0.001597444089456869,0.00016585407658528526,0.01830612187566241,2
LUNETTA GAMBERINI,2,0.001597444089456869,0.000173142488296999,0.03364848057656111,2
PO,3,0.0023961661341853034,0.00016538289226025973,0.03369317325692162,2
CRICCA,2,0.001597444089456869,0.0001470481572106117,0.021333731736655405,2
ROMA,2,0.001597444089456869,0.00013868916501541615,0.01996741265134857,2
HOSPICE SERAGNOLI,4,0.003194888178913738,0.0001274086644611611,0.015910594208339398,2
HOSPICE SERAGNOLI,3,0.0023961661341853034,0.00012804709152580012,0.019428546619573352,2
CRICCA,2,0.001597444089456869,0.00014655559837241093,0.017732778633323374,2
ALTURA,3,0.0023961661341853034,0.00012397590898980838,0.00310550281819273,2
ROMA,2,0.001597444089456869,0.00013788185438186071,0.016365182614291953,2
OSPEDALE BELLARIA,2,0.001597444089456869,0.00012229751207955083,0.00014812431205195588,2
ALTURA,2,0.001597444089456869,0.00012401595069447434,0.0021912182713892782,2
ALTURA,2,0.001597444089456869,0.0001234875161966701,0.0007636063673023243,2
OSPEDALE BELLARIA,2,0.001597444089456869,0.00012302831873394466,0.0016536291733386453,2
CROARA BIVIO,2,0.001597444089456869,0.00012248814172990738,0.00974172738486527,2
CROARA BIVIO,2,0.001597444089456869,0.0001225530134579465,0.0144599974972099,2
PONTEBUCO BIVIO,2,0.001597444089456869,0.00011946255098341557,0.008311561613329145,2
PONTEBUCO BIVIO,2,0.001597444089456869,0.00011880093976220919,0.013057924267614662,2
BELLARIA VECCHIA,2,0.001597444089456869,0.00011690314049080238,0.00690565758256015,2
SAN LAZZARO GIOVANNI XXIII,3,0.0023961661341853034,0.0001127540008247629,0.014663029959419047,2
SAN LAZZARO GIOVANNI XXIII,3,0.0023961661341853034,0.0001126552035139004,0.011728636260320818,2
CICOGNA FANTINI,2,0.001597444089456869,0.00010415337190791364,0.006715394457596862,2
CICOGNA FANTINI,2,0.001597444089456869,0.00010383065607915217,0.007086982171451338,2
SAN CAMILLO,2,0.001597444089456869,8.382380459354762e-05,0.0,2
CICOGNA DONINI,2,0.001597444089456869,0.00010187584998690516,0.0055648771717450324,2
CICOGNA DONINI,2,0.001597444089456869,0.00010178425263376384,0.0051932894578905564,2
CICOGNA VIGANO`,2,0.001597444089456869,9.919695757957061e-05,0.004040218304589555,2
CICOGNA VIGANO`,2,0.001597444089456869,9.88778073666814e-05,0.0036686305907350798,2
PIO LA TORRE,2,0.001597444089456869,9.741724290449818e-05,0.0025155594374340782,2
PIO LA TORRE,2,0.001597444089456869,9.749493870532667e-05,0.0021439717235796026,2
ROTONDA PULCE,4,0.003194888178913738,8.778140092784276e-05,0.0031131644205402453,2
MURA SAN CARLO,2,0.001597444089456869,8.41542400744033e-05,0.0,2
PO,3,0.0023961661341853034,0.00016209423223712102,0.021691273179539436,2
TORINO,3,0.0023961661341853034,0.00015923568775131594,0.013374603831311947,2
TORINO,3,0.0023961661341853034,0.00015544427900263723,0.012696552023556873,2
ARMI,2,0.001597444089456869,0.00014968117858845628,0.00428666651343462,2
ARMI,2,0.001597444089456869,0.00015023798151002983,0.006162482154851199,2
MARCELLO,2,0.001597444089456869,0.0001443378468953831,0.002754346043931628,2
MARCELLO,5,0.003993610223642172,0.00015373470117626485,0.033967714007707574,2
CORTICELLI,2,0.001597444089456869,0.00013699773432038713,0.0013803653562772784,2
CORTICELLI,2,0.001597444089456869,0.00014525410223396531,0.003406859177194985,2
CORELLI,2,0.001597444089456869,0.0001302790662001992,0.00034349517191358735,2
CORELLI,2,0.001597444089456869,0.00013569308191032026,0.0018822003100395083,2
ROTONDA CORELLI,2,0.001597444089456869,0.00013028714892884537,0.0005184350921818456,2
STERLINO,3,0.0023961661341853034,0.000183603903468072,0.039413836343066125,2
STERLINO,3,0.0023961661341853034,0.00018570293698684062,0.054148374591061976,2
CARUSO,2,0.001597444089456869,0.0001770940193031754,0.015247865605279355,2
CARUSO,2,0.001597444089456869,0.0001786581984289807,0.012356887652817044,2
VILLA GETSEMANI,2,0.001597444089456869,0.00015700413543440236,0.013737253009094322,2
SIEPELUNGA,4,0.003194888178913738,0.00017459778816537408,0.014894154963569082,2
VILLA MAGLI,2,0.001597444089456869,0.00014962850331935254,0.012226640412909289,2
VILLA GETSEMANI,2,0.001597444089456869,0.0001601479779945483,0.007643725275370758,2
VILLA BELCOLLE,3,0.0023961661341853034,0.0001394858957493877,0.010770935966881447,2
VILLA MAGLI,2,0.001597444089456869,0.00015210462724416136,0.006133112679185725,2
SCUOLE MERLANI,3,0.0023961661341853034,0.00013473518027091785,0.0053809987154046736,2
VILLA BELCOLLE,2,0.001597444089456869,0.0001415960518982124,0.004622500083000692,2
SCUOLE MERLANI,2,0.001597444089456869,0.00013598171906268832,0.003111887486815659,2
MONTE DONATO,2,0.001597444089456869,0.00013423581738693493,0.002155464127100875,2
SCUOLE MERLANI,2,0.001597444089456869,0.00013368387885292801,0.00447948350584708,2
BORGO GESSAIOLI,2,0.001597444089456869,0.000131033761832336,0.003215319118507111,2
BORGO GESSAIOLI,2,0.001597444089456869,0.00012954608213157384,0.0029446091688949162,2
PICCHIO,2,0.001597444089456869,0.00012232900573503553,0.0016804447815549478,2
PICCHIO,2,0.001597444089456869,0.00012143239944227931,0.0014288888378115399,2
ANGELO CUSTODE NOVARO,2,0.001597444089456869,0.00011907950884894626,2.9369475665474012e-05,2
BUON PASTORE,2,0.001597444089456869,0.00011852778040190712,0.00014557044460278423,2
ALBORNOZ,3,0.0023961661341853034,0.00015224576492851567,0.02414170899701964,2
PONCHIELLI,2,0.001597444089456869,0.00015573049707758298,0.0005976049831061668,2
FOSCHERARA,2,0.001597444089456869,0.00015846355432662818,0.0013203494712217447,2
VILLA MAZZACORATI,2,0.001597444089456869,0.0001616599200059625,0.002265280427415256,2
PONCHIELLI,3,0.0023961661341853034,0.0001574713076345789,0.03974839297890761,2
VILLA MAZZACORATI,3,0.0023961661341853034,0.00016202750224289476,0.019694148834287203,2
FOSCHERARA,2,0.001597444089456869,0.00015885308590727156,0.015910594208339398,2
BENEDETTO MARCELLO,3,0.0023961661341853034,0.0001547453867250808,0.015120172232820773,2
CAVAZZONI,2,0.001597444089456869,0.00015589296163558944,0.0072785222301392115,2
CAVAZZONI,2,0.001597444089456869,0.00015227715071880525,0.004939179646697977,2
CHERUBINI,2,0.001597444089456869,0.00015271449571706115,0.006470223182476384,2
CHERUBINI,2,0.001597444089456869,0.00014987805851496104,0.004146203803730179,2
GUBELLINI,3,0.0023961661341853034,0.000151150777638148,0.01028059341664049,2
GUBELLINI,3,0.0023961661341853034,0.00014882984479622517,0.016995987874237353,2
BATTAGLIA,3,0.0023961661341853034,0.00015021401957825573,0.007297676236007999,2
BATTAGLIA,3,0.0023961661341853034,0.00014990859789358783,0.013999024422634416,2
ABBA,2,0.001597444089456869,0.00014695805389245578,0.0017608916062038548,2
ALBORNOZ,3,0.0023961661341853034,0.00015082694407556922,0.007706295027875463,2
STADIO FALCHI,4,0.003194888178913738,0.0001473194827554161,0.0110454767176674,2
STADIO FALCHI,3,0.0023961661341853034,0.00014749662314350348,0.006968227335064856,2
ALBORNOZ,2,0.001597444089456869,0.0001512642314392555,0.006045004252189303,2
ALBERTO MARIO,2,0.001597444089456869,0.00014090016109865634,0.0036916153977776247,2
ALBERTO MARIO,2,0.001597444089456869,0.00014019582497836968,0.0024683128896244026,2
PONTICELLA,2,0.001597444089456869,0.00013802463148724763,0.002156741060825461,2
PONTICELLA,2,0.001597444089456869,0.00013741512527245896,0.0009359924201214108,2
PONTICELLA EDERA,2,0.001597444089456869,0.00013495415552010825,0.0006244205913224692,2
PONTICELLA BRIZZI,2,0.001597444089456869,0.00013384517225559483,1.5323204695029917e-05,2
TOSCANA PAVESE 2,2,0.001597444089456869,0.000117762960595195,0.06461540033149199,2
TOSCANA PAVESE 2,3,0.0023961661341853034,0.00011872465775951611,0.01091395254403506,2
TOSCANA PAVESE 1,2,0.001597444089456869,0.00012180443313968575,0.06603662756695602,2
TOSCANA PAVESE 1,2,0.001597444089456869,0.00012058864017902719,0.00989495943181557,2
RASTIGNANO PALEOTTO,2,0.001597444089456869,0.00011442302114035607,0.06319800389720173,2
RASTIGNANO PALEOTTO,2,0.001597444089456869,0.0001143208482373228,0.009446755694485946,2
RASTIGNANO STAZIONE,3,0.0023961661341853034,0.00011091804714021481,0.06187893135970457,2
RASTIGNANO STAZIONE,3,0.0023961661341853034,0.00011119140818446077,0.008049790199789051,2
RASTIGNANO,2,0.001597444089456869,0.00010742608575253026,0.05974772897337083,2
RASTIGNANO,2,0.001597444089456869,0.00010667405912684796,0.005766632700229593,2
RIOLO,2,0.001597444089456869,0.00010043370230168326,0.05831117853321177,2
CARTOLERIA,2,0.001597444089456869,0.0001855285959291443,0.0023674351253821224,2
RIOLO,2,0.001597444089456869,0.00010134081668849475,0.004330082260070538,2
CARTERIA DI SESTO,2,0.001597444089456869,9.54822714974013e-05,0.056874628093052715,2
CARTERIA DI SESTO,2,0.001597444089456869,9.602202630647136e-05,0.002893531819911483,2
CARTERIA CHIESA,3,0.0023961661341853034,9.366486370767419e-05,0.05615826827356007,2
CARTERIA CHIESA,2,0.001597444089456869,9.36728448647232e-05,0.0014608121809261856,2
CARTERIA SCUOLE,2,0.001597444089456869,9.186310300850464e-05,0.0006959288798992755,2
CARTERIA SCUOLE,2,0.001597444089456869,9.18631587346464e-05,0.05401429654998046,1
CARTERIA SCUOLE,1,0.0007987220447284345,3.858414211512387e-05,0.0,1
RASTIGNANO,2,0.001597444089456869,0.00010704462355745445,6.640055367846298e-05,2
GARGANELLI,2,0.001597444089456869,0.00019181465466573848,0.0036545843197646356,2
CESTELLO,2,0.001597444089456869,0.00018679324932285559,0.0024044662033951116,2
RIALTO,2,0.001597444089456869,0.00018764948680165193,0.0028692700791443522,2
VILLA SPADA,2,0.001597444089456869,0.000154261170458423,0.00461100767947942,2
CASAGLIA 31,2,0.001597444089456869,0.00015329297496141463,0.021257115713180254,2
