Station_ID,Station_Name,Latitude,Longitude,Degree,Degree Centrality,Closeness Centrality,Betweenness Centrality,Coreness
1,STAZIONE CENTRALE,44.50576575,11.34317589,82,0.06549520766773162,0.49489170412750305,0.0,82
10,PORTA GALLIERA,44.50444281,11.3463873,247,0.1972843450479233,0.5482118605703938,0.005036781565608855,111
100,PIAZZA MAGGIORE,44.4943692,11.3436723,36,0.02875399361022364,0.47639653815892996,0.0,36
10001,IDICE,44.45985295,11.43665318,132,0.10543130990415335,0.5041631973355537,0.0,132
10002,IDICE,44.46003544,11.436539,132,0.10543130990415335,0.5041631973355537,0.0,132
10003,IDICE TRE PONTI,44.45657296,11.44419111,132,0.10543130990415335,0.5041631973355537,0.0,132
10005,IDICE TRE PONTI,44.45650543,11.44466436,132,0.10543130990415335,0.5041631973355537,0.0,132
10006,IDICE TRE PONTI,44.45681162,11.4442922,132,0.10543130990415335,0.5041631973355537,0.0,132
10009,MARESCOTTA,44.45412812,11.4516194,132,0.10543130990415335,0.5041631973355537,0.0,132
10010,MARESCOTTA,44.45459228,11.45070402,132,0.10543130990415335,0.5041631973355537,0.0,132
10013,CAMPANA,44.45203565,11.45708549,132,0.10543130990415335,0.5041631973355537,0.0,132
10014,CAMPANA,44.45194994,11.45793026,132,0.10543130990415335,0.5041631973355537,0.0,132
10017,OLMATELLO,44.4483912,11.46692389,132,0.10543130990415335,0.5041631973355537,0.0,132
10018,OLMATELLO,44.44853072,11.46697689,132,0.10543130990415335,0.5041631973355537,0.0,132
1002,PORTA MAGGIORE,44.48988493,11.3581904,221,0.17651757188498401,0.541834451901566,0.0005504329542502354,132
10021,OZZANO,44.44511505,11.47556707,132,0.10543130990415335,0.5041631973355537,0.0,132
10022,OZZANO,44.44494148,11.4763059,132,0.10543130990415335,0.5041631973355537,0.0,132
10025,OZZANO PIAVE,44.44142188,11.48524403,132,0.10543130990415335,0.5041631973355537,0.0,132
10026,OZZANO PIAVE,44.44138113,11.48582349,132,0.10543130990415335,0.5041631973355537,0.0,132
10029,TOLARA BIVIO,44.43938928,11.49070244,132,0.10543130990415335,0.5041631973355537,0.0,132
1003,PORTA MAGGIORE,44.48966894,11.35829567,285,0.22763578274760382,0.5588371019843101,0.0016657952479946566,132
10030,TOLARA BIVIO,44.43935824,11.4910938,132,0.10543130990415335,0.5041631973355537,0.0,132
1004,ALBERTONI,44.48783117,11.36336834,138,0.11022364217252395,0.5079697986577181,1.0378769276029042e-05,132
1005,ALBERTONI,44.48791017,11.36291271,285,0.22763578274760382,0.5588371019843101,0.0016657952479946566,132
1006,ALEMANNI - AGEOP RICERCA,44.48656268,11.36676841,221,0.17651757188498401,0.541834451901566,0.0005504329542502354,132
1008,ALBERTONI,44.48854535,11.36159918,108,0.08626198083067092,0.49876441515650743,0.0,108
1009,ALEMANNI - AGEOP RICERCA,44.48711477,11.36507885,285,0.22763578274760382,0.5588371019843101,0.0016657952479946566,132
1010,LAURA BASSI,44.48517234,11.37050999,221,0.17651757188498401,0.541834451901566,0.0005504329542502354,132
1011,LAURA BASSI,44.48551226,11.36939589,221,0.17651757188498401,0.541834451901566,0.0005504329542502354,132
1012,FERMI,44.48393846,11.37375786,221,0.17651757188498401,0.541834451901566,0.0005504329542502354,132
1013,FERMI,44.48439907,11.37225258,221,0.17651757188498401,0.541834451901566,0.0005504329542502354,132
1018,MAZZINI STAZIONE,44.48301643,11.37596748,221,0.17651757188498401,0.541834451901566,0.0005504329542502354,132
1019,MAZZINI STAZIONE,44.48274896,11.3765445,221,0.17651757188498401,0.541834451901566,0.0005504329542502354,132
1020,PONTEVECCHIO,44.4818874,11.37906298,221,0.17651757188498401,0.541834451901566,0.0005504329542502354,132
1021,PONTEVECCHIO,44.48143292,11.38045916,221,0.17651757188498401,0.541834451901566,0.0005504329542502354,132
1022,VILLA PARADISO,44.48107787,11.38159216,221,0.17651757188498401,0.541834451901566,0.0005504329542502354,132
1025,VILLA LAURA,44.47933254,11.38525491,138,0.11022364217252395,0.5079697986577181,1.0378769276029042e-05,132
1026,VILLA LAURA,44.47921225,11.38597617,138,0.11022364217252395,0.5079697986577181,1.0378769276029042e-05,132
1027,ARNO,44.47716644,11.39119186,138,0.11022364217252395,0.5079697986577181,1.0378769276029042e-05,132
1028,ARNO,44.47782387,11.38980964,138,0.11022364217252395,0.5079697986577181,1.0378769276029042e-05,132
1031,EMILIA CALABRIA,44.47836855,11.38795363,138,0.11022364217252395,0.5079697986577181,1.0378769276029042e-05,132
1033,VILLAGGIO DUE MADONNE,44.47559917,11.39517569,138,0.11022364217252395,0.5079697986577181,1.0378769276029042e-05,132
1034,VILLAGGIO DUE MADONNE,44.47571733,11.39530941,138,0.11022364217252395,0.5079697986577181,1.0378769276029042e-05,132
1035,PARCO DEI CEDRI,44.47357286,11.40050195,138,0.11022364217252395,0.5079697986577181,1.0378769276029042e-05,132
1036,PARCO DEI CEDRI,44.47404506,11.39942556,138,0.11022364217252395,0.5079697986577181,1.0378769276029042e-05,132
1037,SAN LAZZARO FIUME SAVENA,44.47264177,11.40307018,138,0.11022364217252395,0.5079697986577181,1.0378769276029042e-05,132
1038,SAN LAZZARO FIUME SAVENA,44.47256732,11.4033563,138,0.11022364217252395,0.5079697986577181,1.0378769276029042e-05,132
1041,SAN LAZZARO VILLA RODRIGUEZ,44.47151424,11.40607324,138,0.11022364217252395,0.5079697986577181,1.0378769276029042e-05,132
1042,SAN LAZZARO VILLA RODRIGUEZ,44.4717488,11.40558676,138,0.11022364217252395,0.5079697986577181,1.0378769276029042e-05,132
1043,SAN LAZZARO MUNICIPIO,44.47072213,11.40808772,138,0.11022364217252395,0.5079697986577181,1.0378769276029042e-05,132
1044,SAN LAZZARO MUNICIPIO,44.47060884,11.40852666,138,0.11022364217252395,0.5079697986577181,1.0378769276029042e-05,132
1045,SAN LAZZARO JUSSI,44.46882273,11.4129825,138,0.11022364217252395,0.5079697986577181,1.0378769276029042e-05,132
105,RIZZOLI,44.49445532,11.34491628,375,0.2995207667731629,0.5830524795377949,0.011698028287249822,132
1050,SAN LAZZARO MODENA,44.465452,11.40748425,111,0.08865814696485623,0.48517628205128205,0.0,111
1052,SAN LAZZARO MARZABOTTO,44.46354554,11.40765176,111,0.08865814696485623,0.48517628205128205,0.0,111
1053,SAN LAZZARO DI VITTORIO,44.46697213,11.41253065,138,0.11022364217252395,0.5079697986577181,1.0378769276029042e-05,132
1054,SAN LAZZARO PERTINI,44.45868499,11.40884397,138,0.11022364217252395,0.5079697986577181,1.0378769276029042e-05,132
1060,SAN LAZZARO DI VITTORIO,44.46806146,11.4136473,138,0.11022364217252395,0.5079697986577181,1.0378769276029042e-05,132
1061,SAN LAZZARO KENNEDY,44.46437648,11.41024337,138,0.11022364217252395,0.5079697986577181,1.0378769276029042e-05,132
1062,SAN LAZZARO KENNEDY,44.46432575,11.4103535,138,0.11022364217252395,0.5079697986577181,1.0378769276029042e-05,132
1063,SAN LAZZARO PISCINA KENNEDY,44.46257171,11.40926055,138,0.11022364217252395,0.5079697986577181,1.0378769276029042e-05,132
1064,SAN LAZZARO PISCINA KENNEDY,44.46263244,11.40936864,138,0.11022364217252395,0.5079697986577181,1.0378769276029042e-05,132
1065,SAN LAZZARO KENNEDY - SCORNETTA,44.46038859,11.40918831,138,0.11022364217252395,0.5079697986577181,1.0378769276029042e-05,132
1066,SAN LAZZARO KENNEDY - SCORNETTA ,44.46045921,11.40922642,138,0.11022364217252395,0.5079697986577181,1.0378769276029042e-05,132
108,PIAZZA MAGGIORE,44.49358847,11.34368217,36,0.02875399361022364,0.47639653815892996,0.0,36
109,RIZZOLI,44.49430039,11.34599708,290,0.231629392971246,0.5622098421541318,0.0026579495224766715,136
11,PORTA GALLIERA,44.50449161,11.34724311,76,0.06070287539936102,0.49938144329896905,0.0002810660738581185,58
1101,BITONE,44.4782025,11.38478055,108,0.08626198083067092,0.49876441515650743,0.0,108
1102,BITONE,44.47979967,11.38374065,108,0.08626198083067092,0.49876441515650743,0.0,108
1103,SARDEGNA,44.47613179,11.38351974,211,0.16853035143769968,0.5318401405357928,0.0007962533844892586,111
1104,LOMBARDIA,44.47725295,11.38482358,108,0.08626198083067092,0.49876441515650743,0.0,108
1105,CALABRIA,44.47446643,11.38248926,211,0.16853035143769968,0.5318401405357928,0.0007962533844892586,111
1106,SARDEGNA,44.47574208,11.38399423,211,0.16853035143769968,0.5318401405357928,0.0007962533844892586,111
1109,MILANO,44.47315115,11.3813733,108,0.08626198083067092,0.49876441515650743,0.0,108
111,STRADA MAGGIORE,44.49270369,11.35025937,385,0.30750798722044725,0.5858732462506048,0.004534926891133255,132
1110,CALABRIA,44.47458146,11.38288216,211,0.16853035143769968,0.5318401405357928,0.0007962533844892586,111
1111,CHIESA SAN LORENZO,44.47183158,11.3833702,108,0.08626198083067092,0.49876441515650743,0.0,108
1112,CHIESA SAN LORENZO,44.4726061,11.38166152,108,0.08626198083067092,0.49876441515650743,0.0,108
1114,MAZZONI,44.4715351,11.3856349,108,0.08626198083067092,0.49876441515650743,0.0,108
1117,MAZZONI,44.47148021,11.38529949,108,0.08626198083067092,0.49876441515650743,0.0,108
1118,FIRENZE,44.46996536,11.38563064,173,0.13817891373801916,0.5127011007620661,0.0013748724763650204,108
1119,FIRENZE,44.47076787,11.38575764,173,0.13817891373801916,0.5127011007620661,0.0013748724763650204,108
112,PIAZZA GALVANI,44.49214571,11.3432716,36,0.02875399361022364,0.47639653815892996,0.0,36
1120,LONGO CAVAZZONI,44.46820727,11.38521562,108,0.08626198083067092,0.49876441515650743,0.0,108
1121,LONGO CAVAZZONI,44.46839077,11.38505023,108,0.08626198083067092,0.49876441515650743,0.0,108
1122,PIAZZALE ATLETI AZZURRI,44.46423946,11.38201422,149,0.11900958466453673,0.5188517566409597,0.0035566096027960774,108
1124,LONGO,44.46617303,11.38457959,108,0.08626198083067092,0.49876441515650743,0.0,108
1125,LONGO,44.46603437,11.38407893,108,0.08626198083067092,0.49876441515650743,0.0,108
1128,BELLARIA LOMBARDIA,44.47678565,11.38618372,108,0.08626198083067092,0.49876441515650743,0.0,108
113,GARGANELLI,44.49055523,11.35073426,25,0.019968051118210862,0.483047467092142,0.0,25
1131,BELLARIA LOMBARDIA,44.47590469,11.38734889,108,0.08626198083067092,0.49876441515650743,0.0,108
1133,CENTRO CIVICO MAZZINI,44.47433947,11.39023157,108,0.08626198083067092,0.49876441515650743,0.0,108
1134,CENTRO CIVICO MAZZINI,44.47462755,11.38993607,108,0.08626198083067092,0.49876441515650743,0.0,108
1135,GENOVA,44.47276477,11.3943501,108,0.08626198083067092,0.49876441515650743,0.0,108
1136,GENOVA,44.47295165,11.39447981,108,0.08626198083067092,0.49876441515650743,0.0,108
114,PIAZZA GALVANI,44.49205677,11.34335528,36,0.02875399361022364,0.47639653815892996,0.0,36
1141,ADIGE,44.47738475,11.37991019,111,0.08865814696485623,0.48517628205128205,0.0,111
1142,ADIGE,44.47747247,11.3795892,111,0.08865814696485623,0.48517628205128205,0.0,111
1143,VENEZIA GIULIA,44.47829118,11.38177267,111,0.08865814696485623,0.48517628205128205,0.0,111
1144,VENEZIA GIULIA,44.47834279,11.38188794,111,0.08865814696485623,0.48517628205128205,0.0,111
1151,FAENZA,44.47323192,11.38776918,66,0.052715654952076675,0.42625835973248855,0.0,66
1152,CENTRO GALLIA,44.46959578,11.38427977,66,0.052715654952076675,0.42625835973248855,0.0,66
1153,ARNO,44.47644313,11.39013046,66,0.052715654952076675,0.42625835973248855,0.0,66
1154,FAENZA,44.47307458,11.38749008,66,0.052715654952076675,0.42625835973248855,0.0,66
1156,ARNO,44.47684266,11.39012871,66,0.052715654952076675,0.42625835973248855,0.0,66
117,TORLEONE,44.49089016,11.35504035,385,0.30750798722044725,0.5858732462506048,0.004534926891133255,132
12,BORGO,44.50276435,11.35117478,182,0.14536741214057508,0.5045833333333334,0.0017343613299849131,111
1201,OSPEDALE MALPIGHI,44.48856617,11.36639517,181,0.14456869009584664,0.5208602150537635,0.0005407715285743464,111
1202,OSPEDALE MALPIGHI,44.4892827,11.36676293,82,0.06549520766773162,0.49489170412750305,0.0,82
1203,PIZZARDI,44.48980543,11.36857938,82,0.06549520766773162,0.49489170412750305,0.0,82
1204,MENGOLI,44.4883403,11.37001428,82,0.06549520766773162,0.49489170412750305,0.0,82
1205,MENGOLI,44.48867202,11.3722207,82,0.06549520766773162,0.49489170412750305,0.0,82
1206,AZZURRA,44.48650964,11.37319804,129,0.10303514376996804,0.5045833333333334,0.00040176686524677794,82
1209,AZZURRA,44.48639962,11.3730238,129,0.10303514376996804,0.5045833333333334,0.00040176686524677794,82
1210,FOSSOLO,44.48605978,11.37718754,82,0.06549520766773162,0.49489170412750305,0.0,82
1211,FOSSOLO,44.48604793,11.37699998,82,0.06549520766773162,0.49489170412750305,0.0,82
1212,FELSINA,44.48389232,11.38097107,82,0.06549520766773162,0.49489170412750305,0.0,82
1213,FELSINA,44.48382161,11.38085502,82,0.06549520766773162,0.49489170412750305,0.0,82
1214,ALLENDE,44.48287523,11.38522015,129,0.10303514376996804,0.5045833333333334,0.00040176686524677794,82
1217,ALLENDE,44.48271796,11.38596117,129,0.10303514376996804,0.5045833333333334,0.00040176686524677794,82
1218,LINCOLN,44.48214269,11.38988891,82,0.06549520766773162,0.49489170412750305,0.0,82
1219,LINCOLN,44.48203407,11.38996706,82,0.06549520766773162,0.49489170412750305,0.0,82
1251,MENGOLI,44.48951586,11.37160488,59,0.04712460063897764,0.48615014050582095,0.0,59
1252,MENGOLI,44.48914569,11.37157495,58,0.0463258785942492,0.48036493454978185,0.0,58
1253,AGNESI,44.48774995,11.37042659,59,0.04712460063897764,0.48615014050582095,0.0,59
1254,AGNESI,44.48617901,11.36958558,58,0.0463258785942492,0.48036493454978185,0.0,58
1263,POMPONAZZI,44.48067855,11.390118,59,0.04712460063897764,0.4466986351899668,0.0,59
1264,POMPONAZZI,44.48080023,11.39011119,59,0.04712460063897764,0.4466986351899668,0.0,59
1266,BOMBICCI,44.47920469,11.39432897,59,0.04712460063897764,0.4466986351899668,0.0,59
13,BORGO,44.50300565,11.35126076,76,0.06070287539936102,0.49938144329896905,0.0002810660738581185,58
1301,DANTE,44.48741149,11.35870613,136,0.10862619808306709,0.5199656504937742,0.0,136
1302,DANTE,44.48766732,11.35969502,136,0.10862619808306709,0.5199656504937742,0.0,136
1303,PIAZZA TRENTO TRIESTE,44.48674516,11.36230943,136,0.10862619808306709,0.5199656504937742,0.0,136
1304,PIAZZA TRENTO TRIESTE,44.48662986,11.3614869,136,0.10862619808306709,0.5199656504937742,0.0,136
1305,SAVIOLI,44.48582584,11.36462145,136,0.10862619808306709,0.5199656504937742,0.0,136
1306,SAVIOLI,44.48436977,11.36308471,136,0.10862619808306709,0.5199656504937742,0.0,136
1309,MEZZOFANTI,44.48351186,11.36500706,234,0.18690095846645366,0.5457413249211357,0.0009821720389010776,136
1310,MEZZOFANTI,44.48345442,11.36552505,234,0.18690095846645366,0.5457413249211357,0.0009821720389010776,136
1311,ALBINI,44.48237401,11.36799951,287,0.22923322683706068,0.5611677479147359,0.0033730075759801827,136
1312,ALBINI,44.48209545,11.3691129,283,0.22603833865814696,0.5601295097132285,0.0026540606484838298,136
1313,LARGO LERCARO,44.48009905,11.37006552,287,0.22923322683706068,0.5611677479147359,0.0033730075759801827,136
1314,LARGO LERCARO,44.47970576,11.36992936,311,0.2484025559105431,0.5674789128397376,0.0070042295507651885,136
1351,ALEMANNI - AGEOP RICERCA,44.4860583,11.36585671,111,0.08865814696485623,0.48517628205128205,0.0,111
1352,ALEMANNI - AGEOP RICERCA,44.48628328,11.3662132,111,0.08865814696485623,0.48517628205128205,0.0,111
1353,LAURA BASSI,44.48524054,11.36874273,59,0.04712460063897764,0.48615014050582095,0.0,59
1354,LAURA BASSI,44.48310451,11.36750327,58,0.0463258785942492,0.48036493454978185,0.0,58
14,PORTA MASCARELLA,44.5017753,11.35373575,21,0.016773162939297124,0.43860919956537486,0.0,21
1400,FERMATA SERVIZIO DUE MADONNE,44.48480216,11.39455505,27,0.02156549520766773,0.3554446727326093,0.0,27
1401,MONDOLFO,44.48150054,11.39337072,142,0.1134185303514377,0.5116180819602872,0.0005430560785585297,82
1402,MONDOLFO,44.48133394,11.39305111,142,0.1134185303514377,0.5116180819602872,0.0005430560785585297,82
1403,DEPOSITO DUE MADONNE 1,44.4831604,11.39438962,142,0.1134185303514377,0.5116180819602872,0.0005430560785585297,82
1404,DEPOSITO DUE MADONNE 1,44.48320394,11.39424522,142,0.1134185303514377,0.5116180819602872,0.0005430560785585297,82
1405,DEPOSITO DUE MADONNE 2,44.4851561,11.39567526,228,0.18210862619808305,0.5445143884892086,0.0011584656992037498,121
1406,DEPOSITO DUE MADONNE 2,44.4852113,11.39548904,229,0.1829073482428115,0.5447593342330185,0.001413486185936996,121
1407,CANOVA,44.48800003,11.3970888,228,0.18210862619808305,0.5445143884892086,0.0011584656992037498,121
1408,CANOVA,44.4880386,11.39699371,166,0.13258785942492013,0.515977844056242,0.00037181503762256056,121
1412,FIORAVANTI PIAZZA LIBER PARADISUS,44.50871348,11.34035332,81,0.06469648562300319,0.509251471825063,5.6233668821094057e-05,64
15,STAZIONE CENTRALE - MATTEOTTI,44.50499342,11.34426605,247,0.1972843450479233,0.5502044525215811,0.0014190551703316522,136
1501,SAN LAZZARO POGGI,44.46818616,11.41473041,132,0.10543130990415335,0.5041631973355537,0.0,132
1502,SAN LAZZARO JUSSI,44.46908404,11.41283848,138,0.11022364217252395,0.5079697986577181,1.0378769276029042e-05,132
1503,CICOGNA FONDAZIONE CIRULLI,44.46378111,11.42644798,132,0.10543130990415335,0.5041631973355537,0.0,132
1504,CICOGNA FONDAZIONE CIRULLI,44.46509918,11.42307834,132,0.10543130990415335,0.5041631973355537,0.0,132
1505,SAN LAZZARO CIMITERO,44.46219254,11.43031753,132,0.10543130990415335,0.5041631973355537,0.0,132
1506,SAN LAZZARO CIMITERO,44.46247875,11.43011493,132,0.10543130990415335,0.5041631973355537,0.0,132
16,STAZIONE CENTRALE,44.50500553,11.34337106,116,0.0926517571884984,0.5199656504937742,0.0005157699461371272,67
1602,CASELLE GRAMSCI,44.47130518,11.4105334,132,0.10543130990415335,0.5041631973355537,0.0,132
1603,CASELLE GRAMSCI,44.47120695,11.41078866,132,0.10543130990415335,0.5041631973355537,0.0,132
1604,CASELLE SPERANZA,44.47362928,11.41352801,132,0.10543130990415335,0.5041631973355537,0.0,132
1605,CASELLE SPERANZA,44.47358781,11.41370625,132,0.10543130990415335,0.5041631973355537,0.0,132
1606,CASELLE CA` RICCHI,44.47611226,11.41584493,132,0.10543130990415335,0.5041631973355537,0.0,132
1607,CASELLE CA` RICCHI,44.47601614,11.41602643,132,0.10543130990415335,0.5041631973355537,0.0,132
1608,SAN LAZZARO STAZIONE,44.47842609,11.4158108,132,0.10543130990415335,0.5041631973355537,0.0,132
17,PORTA MASCARELLA,44.5017886,11.35450991,26,0.020766773162939296,0.4439149560117302,0.0,26
18,PORTA SAN DONATO,44.4975665,11.35652223,238,0.1900958466453674,0.5459873760144274,0.002311305232788256,132
19,PORTA SAN DONATO,44.49912108,11.35666114,26,0.020766773162939296,0.4439149560117302,0.0,26
2,STAZIONE CENTRALE,44.50514374,11.34255876,245,0.19568690095846644,0.5507048658481127,0.0022814004917464563,115
20,PORTA SAN VITALE,44.49451777,11.35688755,257,0.20527156549520767,0.5507048658481127,0.0033353457964929822,132
2000,PORTA SAN VITALE (VIA MASSARENTI),44.49390682,11.35810889,188,0.1501597444089457,0.5304424003504161,0.000448592855671794,121
2001,PORTA SAN VITALE,44.49372582,11.35837279,121,0.09664536741214057,0.5022812111157197,0.0,121
2002,OSPEDALE SANT`ORSOLA,44.49279834,11.36200243,300,0.23961661341853036,0.5578074619990787,0.0035829370786083043,121
2003,OSPEDALE SANT`ORSOLA,44.49282613,11.36152955,286,0.22843450479233227,0.554233409610984,0.002412665846195544,121
2004,OSPEDALE SANT`ORSOLA ALBERTONI,44.49232116,11.36415193,300,0.23961661341853036,0.5578074619990787,0.0035829370786083043,121
2005,OSPEDALE SANT`ORSOLA ALBERTONI,44.49217793,11.36424833,286,0.22843450479233227,0.554233409610984,0.002412665846195544,121
2006,MASSARENTI,44.49267403,11.36698835,121,0.09664536741214057,0.5022812111157197,0.0,121
2008,RIMESSE STAZIONE,44.49341153,11.37342856,121,0.09664536741214057,0.5022812111157197,0.0,121
2009,MASSARENTI,44.49269931,11.36833027,121,0.09664536741214057,0.5022812111157197,0.0,121
201,PIAZZA ALDROVANDI,44.49284909,11.35166835,25,0.019968051118210862,0.483047467092142,0.0,25
2010,TRIACHINI,44.49299884,11.37040821,121,0.09664536741214057,0.5022812111157197,0.0,121
2011,RIMESSE STAZIONE,44.49330983,11.37377345,121,0.09664536741214057,0.5022812111157197,0.0,121
2013,PARCO,44.49319694,11.37600842,121,0.09664536741214057,0.5022812111157197,0.0,121
2014,PARCO,44.4932466,11.37681224,121,0.09664536741214057,0.5022812111157197,0.0,121
2017,MASSARENTI SOTTOVIA,44.49355702,11.38162548,121,0.09664536741214057,0.5022812111157197,0.0,121
2018,MASSARENTI SOTTOVIA,44.49369241,11.38128512,121,0.09664536741214057,0.5022812111157197,0.0,121
2019,GIAMBOLOGNA,44.49318452,11.38556038,121,0.09664536741214057,0.5022812111157197,0.0,121
2020,SANTA RITA,44.49350601,11.3831264,121,0.09664536741214057,0.5022812111157197,0.0,121
2021,TANGENZIALE SAN VITALE,44.4933262,11.38960113,121,0.09664536741214057,0.5022812111157197,0.0,121
2022,GIAMBOLOGNA,44.49328239,11.38588509,121,0.09664536741214057,0.5022812111157197,0.0,121
2025,PIAZZA DEI COLORI,44.49456442,11.39854377,166,0.13258785942492013,0.515977844056242,0.00037181503762256056,121
2026,TANGENZIALE SAN VITALE,44.49363923,11.38988748,121,0.09664536741214057,0.5022812111157197,0.0,121
2028,PIAZZA DEI COLORI,44.49452436,11.39723672,165,0.13178913738019168,0.5157580919931857,0.000315250447912997,121
2030,BARELLI,44.4948308,11.39979076,165,0.13178913738019168,0.5157580919931857,0.000315250447912997,121
21,FILOPANTI,44.49546118,11.35708657,196,0.15654952076677314,0.5285901353120908,0.002084371382772146,108
2101,PALAGI,44.49131579,11.36596638,181,0.14456869009584664,0.5208602150537635,0.0005407715285743464,111
2103,OSPEDALE MALPIGHI,44.48777934,11.36618962,111,0.08865814696485623,0.48517628205128205,0.0,111
2105,ZANOLINI - CASA DELLE DONNE,44.4971993,11.35937211,286,0.22843450479233227,0.554233409610984,0.002412665846195544,121
2106,ZANOLINI - CASA DELLE DONNE,44.4975101,11.35941609,195,0.15575079872204473,0.5240155776720035,0.00127514541825732,111
2111,MASSARENTI,44.49224921,11.36762344,115,0.09185303514376997,0.5129182549767047,0.0010243043761045938,59
2112,PALAGI,44.4917379,11.36655808,116,0.0926517571884984,0.5157580919931857,0.0014404101656040208,59
2113,ARPA,44.4914655,11.36995147,59,0.04712460063897764,0.4466986351899668,0.0,59
2114,ARPA,44.49029285,11.37087629,116,0.0926517571884984,0.5157580919931857,0.0014404101656040208,59
2117,VERMIGLIA,44.49092065,11.37158638,115,0.09185303514376997,0.5129182549767047,0.0010243043761045938,59
2118,ARCOBALENO,44.48855537,11.37350112,59,0.04712460063897764,0.4466986351899668,0.0,59
2119,ARCOBALENO,44.48891024,11.37340155,59,0.04712460063897764,0.4466986351899668,0.0,59
2120,VETULONIA,44.48731258,11.37746898,59,0.04712460063897764,0.4466986351899668,0.0,59
2121,VETULONIA,44.48707449,11.37752745,59,0.04712460063897764,0.4466986351899668,0.0,59
2122,SPINA,44.48894154,11.37806158,59,0.04712460063897764,0.4466986351899668,0.0,59
2125,SPINA,44.48917809,11.37834709,59,0.04712460063897764,0.4466986351899668,0.0,59
2126,ISTITUTO MANFREDI TANARI,44.48924791,11.38632498,59,0.04712460063897764,0.4466986351899668,0.0,59
2127,ETRURIA,44.48960438,11.38048986,59,0.04712460063897764,0.4466986351899668,0.0,59
2128,MARX,44.48576087,11.38625505,59,0.04712460063897764,0.4466986351899668,0.0,59
2129,ISTITUTO MANFREDI TANARI,44.48881017,11.38726685,59,0.04712460063897764,0.4466986351899668,0.0,59
2130,ETRURIA,44.48963887,11.38031992,59,0.04712460063897764,0.4466986351899668,0.0,59
2133,MARX,44.48574764,11.38606235,59,0.04712460063897764,0.4466986351899668,0.0,59
22,PORTA MAGGIORE,44.49188037,11.35712682,142,0.1134185303514377,0.5107549557148883,0.0015339579248151757,121
2201,MASIA,44.49779851,11.36402354,59,0.04712460063897764,0.4466986351899668,0.0,59
2202,MASIA,44.49656024,11.36436969,59,0.04712460063897764,0.4466986351899668,0.0,59
2203,CIRENAICA,44.49583114,11.36431032,59,0.04712460063897764,0.4466986351899668,0.0,59
2204,CIRENAICA,44.49470431,11.36465467,59,0.04712460063897764,0.4466986351899668,0.0,59
2205,BENTIVOGLI,44.49321421,11.36469034,59,0.04712460063897764,0.4466986351899668,0.0,59
2301,CROCE DEL BIACCO,44.49058182,11.39903002,165,0.13178913738019168,0.5157580919931857,0.000315250447912997,121
2302,CROCE DEL BIACCO,44.49049067,11.39884236,166,0.13258785942492013,0.515977844056242,0.00037181503762256056,121
2303,MARTELLI,44.49263572,11.40041286,165,0.13178913738019168,0.5157580919931857,0.000315250447912997,121
2304,MARTELLI,44.49276113,11.40033548,166,0.13258785942492013,0.515977844056242,0.00037181503762256056,121
2448,LARGA STAZIONE,44.49872449,11.39429361,166,0.13258785942492013,0.515977844056242,0.00037181503762256056,121
2451,LARGA,44.49514563,11.39235138,166,0.13258785942492013,0.515977844056242,0.00037181503762256056,121
2452,LARGA,44.49498382,11.39201774,166,0.13258785942492013,0.515977844056242,0.00037181503762256056,121
2453,CARROZZAIO,44.49917004,11.39574637,166,0.13258785942492013,0.515977844056242,0.00037181503762256056,121
2454,CARROZZAIO,44.49897337,11.39584051,166,0.13258785942492013,0.515977844056242,0.00037181503762256056,121
2455,CERAMISTA,44.49923631,11.39760128,166,0.13258785942492013,0.515977844056242,0.00037181503762256056,121
2456,CERAMISTA,44.49906873,11.39700714,166,0.13258785942492013,0.515977844056242,0.00037181503762256056,121
2457,LARGA STAZIONE,44.49817673,11.39412001,166,0.13258785942492013,0.515977844056242,0.00037181503762256056,121
2459,CERODOLO,44.50224546,11.39949993,122,0.097444089456869,0.5024896265560166,4.129242619011613e-05,121
2460,CERODOLO,44.50223632,11.39939971,122,0.097444089456869,0.5024896265560166,4.129242619011613e-05,121
2461,ELETTRICISTA,44.50247377,11.40175391,122,0.097444089456869,0.5024896265560166,4.129242619011613e-05,121
2462,ELETTRICISTA,44.50253336,11.4017831,122,0.097444089456869,0.5024896265560166,4.129242619011613e-05,121
2463,FONDITORE,44.50186788,11.40471579,122,0.097444089456869,0.5024896265560166,4.129242619011613e-05,121
2464,FONDITORE,44.50198883,11.40463664,122,0.097444089456869,0.5024896265560166,4.129242619011613e-05,121
2467,FRESATORE,44.50093103,11.40765296,122,0.097444089456869,0.5024896265560166,4.129242619011613e-05,121
2468,FRESATORE,44.50104306,11.40762378,122,0.097444089456869,0.5024896265560166,4.129242619011613e-05,121
2469,MURATORE,44.50080149,11.41045824,122,0.097444089456869,0.5024896265560166,4.129242619011613e-05,121
2470,MURATORE,44.50091919,11.41032001,122,0.097444089456869,0.5024896265560166,4.129242619011613e-05,121
2472,ROTONDA ACQUA FRESCA,44.50358753,11.41318729,122,0.097444089456869,0.5024896265560166,4.129242619011613e-05,121
2476,ROTONDA NEGRONI,44.50186699,11.41863303,122,0.097444089456869,0.5024896265560166,4.129242619011613e-05,121
2477,ROTONDA ACQUA FRESCA,44.50429244,11.41260627,122,0.097444089456869,0.5024896265560166,4.129242619011613e-05,121
2479,VETRAIO,44.50503017,11.42150395,122,0.097444089456869,0.5024896265560166,4.129242619011613e-05,121
2482,INDUSTRIA,44.50474693,11.39492449,176,0.14057507987220447,0.5276688453159042,0.0004385083506701353,121
2485,INDUSTRIA,44.50488541,11.39476033,121,0.09664536741214057,0.5022812111157197,0.0,121
2486,CARPENTIERE,44.50430621,11.39125518,176,0.14057507987220447,0.5276688453159042,0.0004385083506701353,121
2487,CARPENTIERE,44.50451676,11.39146428,121,0.09664536741214057,0.5022812111157197,0.0,121
2488,PILASTRO VECCHIO,44.50755804,11.38834217,176,0.14057507987220447,0.5276688453159042,0.0004385083506701353,121
2491,INNOCENTI,44.49989703,11.39513071,121,0.09664536741214057,0.5022812111157197,0.0,121
2492,INNOCENTI,44.49993348,11.39502607,121,0.09664536741214057,0.5022812111157197,0.0,121
2493,ENZO FERRARI,44.50241025,11.39679821,165,0.13178913738019168,0.5157580919931857,0.000315250447912997,121
2494,ENZO FERRARI,44.50246172,11.396625,165,0.13178913738019168,0.5157580919931857,0.000315250447912997,121
2495,SCALO SAN DONATO,44.50790239,11.3966908,119,0.0950479233226837,0.506059339740911,0.00032427349206442683,81
2496,SCALO SAN DONATO,44.50766111,11.39655196,66,0.052715654952076675,0.42625835973248855,0.0,66
2497,PIANETA,44.49677196,11.39128535,66,0.052715654952076675,0.42625835973248855,0.0,66
2498,SCUOLE SCANDELLARA,44.49667121,11.38478521,66,0.052715654952076675,0.42625835973248855,0.0,66
25,PORTA SAN VITALE,44.49285467,11.35737739,132,0.10543130990415335,0.5083963056255247,0.0009518064927022443,108
26,CARDUCCI,44.4866652,11.35776272,21,0.016773162939297124,0.43860919956537486,0.0,21
27,PORTA MAGGIORE,44.49096432,11.35763496,147,0.11741214057507987,0.515977844056242,0.00215914704592716,121
28,PORTA SANTO STEFANO,44.48467453,11.35525385,109,0.08706070287539935,0.5166382252559727,0.0013916069393348867,59
29,CARDUCCI,44.48822898,11.35791928,26,0.020766773162939296,0.4439149560117302,0.0,26
3,STAZIONE CENTRALE,44.50544812,11.34379295,134,0.10702875399361023,0.5233362143474503,0.0014077837974517573,70
30,GIARDINI MARGHERITA,44.48500519,11.35239757,109,0.08706070287539935,0.5166382252559727,0.0013916069393348867,59
30001,GRANAROLO FOGGIA NUOVA,44.53753819,11.4337605,115,0.09185303514376997,0.48654077942948976,0.0,115
30003,GRANAROLO DE ROSSI,44.55829624,11.45069742,115,0.09185303514376997,0.48654077942948976,0.0,115
30005,GRANAROLO HOTEL KING,44.54176823,11.44061229,115,0.09185303514376997,0.48654077942948976,0.0,115
30009,GRANAROLO MATTEUCCI,44.54632288,11.44362779,115,0.09185303514376997,0.48654077942948976,0.0,115
30013,GRANAROLO ROMA,44.55030276,11.44607264,115,0.09185303514376997,0.48654077942948976,0.0,115
30014,GRANAROLO ROMA,44.55163096,11.44672714,115,0.09185303514376997,0.48654077942948976,0.0,115
30017,GRANAROLO,44.5548561,11.44898478,115,0.09185303514376997,0.48654077942948976,0.0,115
30018,GRANAROLO,44.55456956,11.44858387,115,0.09185303514376997,0.48654077942948976,0.0,115
30021,GRANAROLO TARTARINI,44.55692102,11.45026926,115,0.09185303514376997,0.48654077942948976,0.0,115
30022,GRANAROLO TARTARINI,44.55754882,11.45054824,115,0.09185303514376997,0.48654077942948976,0.0,115
3003,MERCATO SAN DONATO,44.50279922,11.36294734,19,0.015175718849840255,0.4466986351899668,0.0,19
3004,SANT`EGIDIO,44.49917902,11.35935844,190,0.15175718849840256,0.5306748466257669,0.0013870660089628302,127
3006,MERCATO SAN DONATO,44.50290911,11.36288496,127,0.10143769968051118,0.5164179104477612,0.0,127
3007,SANT`EGIDIO,44.49904059,11.35951858,204,0.16293929712460065,0.5339506172839507,0.002214699022000385,127
301,SFERISTERIO,44.50044908,11.34720661,502,0.4009584664536741,0.6281120331950207,0.011967445032809722,132
3010,CENTRO ZANARDI,44.50394231,11.36695062,127,0.10143769968051118,0.5164179104477612,0.0,127
3012,SAN DONATO,44.50497647,11.37077431,127,0.10143769968051118,0.5164179104477612,0.0,127
3014,SIRENELLA,44.50607346,11.37338356,265,0.21166134185303515,0.5487086542818306,0.0013674998308124762,127
3015,SAN DONNINO,44.50943974,11.38038474,265,0.21166134185303515,0.5487086542818306,0.0013674998308124762,127
3017,CADRIANO BIVIO,44.51109765,11.38388282,219,0.17492012779552715,0.5375055481580115,0.0005503145404470582,127
3018,SAN DONNINO,44.50868222,11.37820957,265,0.21166134185303515,0.5487086542818306,0.0013674998308124762,127
3019,PIRANDELLO,44.51171743,11.38948797,127,0.10143769968051118,0.5164179104477612,0.0,127
302,SFERISTERIO,44.50069116,11.3467344,433,0.3458466453674121,0.6064096144216324,0.009972289840818872,127
3020,CADRIANO BIVIO,44.51184256,11.38479632,352,0.28115015974440893,0.5774916547448736,0.0031786204423016706,127
3022,PIRANDELLO,44.5117616,11.38977049,176,0.14057507987220447,0.5276688453159042,0.0004385083506701353,121
3025,SVEVO,44.50844589,11.39452092,236,0.18849840255591055,0.546726862302483,0.0024516779185391442,127
3026,PILASTRO,44.51042507,11.39590019,119,0.0950479233226837,0.506059339740911,0.00032427349206442683,81
3027,DELEDDA,44.51010584,11.39992796,236,0.18849840255591055,0.546726862302483,0.0024516779185391442,127
303,IRNERIO,44.4997928,11.34978799,520,0.4153354632587859,0.6340314136125654,0.014106828376598005,132
304,IRNERIO,44.49999648,11.34954145,433,0.3458466453674121,0.6064096144216324,0.009972289840818872,127
305,PORTA SAN DONATO,44.49842999,11.35514117,463,0.3698083067092652,0.6097683786505539,0.01530397403159479,127
3051,BIVIO PILASTRO,44.51006636,11.38347047,176,0.14057507987220447,0.5276688453159042,0.0004385083506701353,121
3052,SALGARI,44.51434878,11.39006265,127,0.10143769968051118,0.5164179104477612,0.0,127
3053,PILASTRO VECCHIO,44.50787583,11.38942292,121,0.09664536741214057,0.5022812111157197,0.0,121
3054,NEGRI,44.51351226,11.3957995,127,0.10143769968051118,0.5164179104477612,0.0,127
3055,C.S. RECORD,44.50796414,11.3916808,121,0.09664536741214057,0.5022812111157197,0.0,121
3056,PILASTRO,44.51107229,11.39581271,237,0.18929712460063897,0.5474683544303798,0.001169054737547245,127
3059,SVEVO,44.50818135,11.39530265,165,0.13178913738019168,0.5157580919931857,0.000315250447912997,121
306,PORTA SAN DONATO,44.49891781,11.35377796,433,0.3458466453674121,0.6064096144216324,0.009972289840818872,127
3074,PANZINI,44.50935826,11.39329942,191,0.15255591054313097,0.5358407079646018,0.0016457743299619508,127
3075,SIGHINOLFI,44.51109042,11.400761,210,0.16773162939297123,0.5401427297056199,0.0009693574580260474,121
3076,SIGHINOLFI,44.51122389,11.40155752,119,0.0950479233226837,0.506059339740911,0.00032427349206442683,81
3101,BEROALDO,44.50225729,11.36667249,169,0.13498402555910544,0.5320738137082601,0.0010828961475039874,115
3102,GALEOTTI,44.50265888,11.36469728,168,0.134185303514377,0.5318401405357928,0.0011452055022614799,115
3103,DUSE,44.50130267,11.36926602,169,0.13498402555910544,0.5320738137082601,0.0010828961475039874,115
3104,CAMPO SAVENA,44.50114055,11.36704554,168,0.134185303514377,0.5318401405357928,0.0011452055022614799,115
3105,CALINDRI,44.50051911,11.37123352,169,0.13498402555910544,0.5320738137082601,0.0010828961475039874,115
3106,DUSE,44.50013874,11.3701772,168,0.134185303514377,0.5318401405357928,0.0011452055022614799,115
3107,ARTIGIANO,44.50303752,11.36706457,141,0.11261980830670926,0.5195195195195195,0.000474447379627496,127
3108,TERRAPIENO MONDO,44.4992831,11.37698842,16,0.012779552715654952,0.39588100686498856,0.0,16
3109,ANDREINI,44.50054617,11.3735051,127,0.10143769968051118,0.48889786031489707,0.00021755029397989165,115
3110,MONDO,44.49902521,11.37261633,168,0.134185303514377,0.5318401405357928,0.0011452055022614799,115
3111,BEOLCO,44.50300955,11.37401629,127,0.10143769968051118,0.48889786031489707,0.00021755029397989165,115
3112,ANDREINI,44.50141693,11.37357033,127,0.10143769968051118,0.48889786031489707,0.00021755029397989165,115
3113,GIARDINO GINO CERVI,44.50512094,11.37241939,115,0.09185303514376997,0.48654077942948976,0.0,115
3114,BEOLCO,44.50300474,11.37376058,115,0.09185303514376997,0.48654077942948976,0.0,115
3115,MAGAZZARI,44.50389286,11.37230716,127,0.10143769968051118,0.5164179104477612,0.0,127
3116,TERRAPIENO,44.50080906,11.37852691,16,0.012779552715654952,0.39588100686498856,0.0,16
3118,GIARDINO GINO CERVI,44.50501144,11.37236786,115,0.09185303514376997,0.48654077942948976,0.0,115
3120,MAGAZZARI,44.50406701,11.37249071,127,0.10143769968051118,0.48889786031489707,0.00021755029397989165,115
3122,RISTORI,44.50213146,11.37200255,127,0.10143769968051118,0.48889786031489707,0.00021755029397989165,115
3131,NUOVA,44.49816702,11.37297458,73,0.05830670926517571,0.48889786031489707,0.00033238070240714396,59
3132,NUOVA,44.4983116,11.37305671,58,0.0463258785942492,0.48036493454978185,0.0,58
3133,STAZIONE SAN VITALE,44.49589352,11.37193504,73,0.05830670926517571,0.48889786031489707,0.00033238070240714396,59
3134,STAZIONE SAN VITALE,44.49594856,11.37215661,58,0.0463258785942492,0.48036493454978185,0.0,58
3151,CAVALCAVIA SAN DONATO,44.49940843,11.36031896,59,0.04712460063897764,0.4466986351899668,0.0,59
3152,CAVALCAVIA SAN DONATO,44.5003831,11.36167201,59,0.04712460063897764,0.4466986351899668,0.0,59
3153,ROSSI,44.49872286,11.36337616,59,0.04712460063897764,0.4466986351899668,0.0,59
3154,ROSSI,44.4987506,11.36287886,59,0.04712460063897764,0.4466986351899668,0.0,59
3161,MERCATO SAN DONATO,44.50208881,11.36334397,141,0.11261980830670926,0.5195195195195195,0.000474447379627496,127
3165,LIBIA,44.49418425,11.36574834,16,0.012779552715654952,0.39588100686498856,0.0,16
32006,GRANAROLO SCUOLA MEDIA,44.5515947,11.44436184,115,0.09185303514376997,0.48654077942948976,0.0,115
32008,GRANAROLO DALLA CHIESA,44.55245249,11.44132422,115,0.09185303514376997,0.48654077942948976,0.0,115
3201,VESTRI,44.50708276,11.35744991,115,0.09185303514376997,0.48654077942948976,0.0,115
32010,VIADAGOLA CENTRO SPORTIVO,44.55374694,11.43709528,115,0.09185303514376997,0.48654077942948976,0.0,115
32014,VIADAGOLA,44.55460178,11.434303,115,0.09185303514376997,0.48654077942948976,0.0,115
3202,REPUBBLICA,44.50402216,11.36350468,184,0.14696485623003194,0.5356037151702786,0.0016148079209413655,115
32022,VIADAGOLA CHIESA,44.55636187,11.42913765,115,0.09185303514376997,0.48654077942948976,0.0,115
32026,CADRIANO ROMA,44.56156765,11.40927558,115,0.09185303514376997,0.48654077942948976,0.0,115
3203,LAVORO,44.50523139,11.35931256,115,0.09185303514376997,0.48654077942948976,0.0,115
32030,CADRIANO SCUOLE ELEMENTARI,44.55625474,11.40606273,115,0.09185303514376997,0.48654077942948976,0.0,115
32034,CADRIANO GANDOLFI,44.55171021,11.40141147,115,0.09185303514376997,0.48654077942948976,0.0,115
32038,CADRIANO,44.54962406,11.39947656,115,0.09185303514376997,0.48654077942948976,0.0,115
3204,RUGGERI,44.50489809,11.36068289,133,0.10623003194888178,0.49008498583569404,0.0002615348072743784,115
32042,CADRIANO MATTEOTTI,44.54749688,11.39802006,115,0.09185303514376997,0.48654077942948976,0.0,115
3205,PEZZANA,44.50393356,11.36060779,19,0.015175718849840255,0.4466986351899668,0.0,19
3206,NOVELLI,44.50663453,11.36106044,75,0.05990415335463259,0.5050041701417848,0.0002556634507437089,58
3208,LAVORO,44.50538159,11.35936816,115,0.09185303514376997,0.48654077942948976,0.0,115
3210,VESTRI,44.50677599,11.35800051,115,0.09185303514376997,0.48654077942948976,0.0,115
3212,DOPOLAVORO FERROVIARIO,44.50802935,11.35351289,115,0.09185303514376997,0.48654077942948976,0.0,115
3214,BIGARI,44.50838684,11.35131994,115,0.09185303514376997,0.48654077942948976,0.0,115
3216,CRETI,44.50974616,11.35006621,115,0.09185303514376997,0.48654077942948976,0.0,115
33,PORTA SANTO STEFANO,44.48498771,11.35711821,26,0.020766773162939296,0.4439149560117302,0.0,26
3301,CAVALCAVIA MASCARELLA,44.50689527,11.35511186,59,0.04712460063897764,0.48615014050582095,0.0,59
3302,CAVALCAVIA MASCARELLA,44.50716093,11.35510763,58,0.0463258785942492,0.48036493454978185,0.0,58
3303,STALINGRADO,44.50876671,11.35611902,59,0.04712460063897764,0.48615014050582095,0.0,59
3304,STALINGRADO,44.50915064,11.35602756,58,0.0463258785942492,0.48036493454978185,0.0,58
3305,STALINGRADO PARRI,44.51229817,11.35788044,116,0.0926517571884984,0.5199656504937742,0.0005157699461371272,67
3307,FIERA ALDO MORO,44.50859454,11.3628152,63,0.050319488817891375,0.47602201257861637,0.0,63
3308,STALINGRADO PARRI,44.5122206,11.35752268,116,0.0926517571884984,0.5192967409948542,0.0005800575291762559,67
3319,DOZZA,44.52889371,11.3670467,82,0.06549520766773162,0.49489170412750305,0.0,82
3320,DON GNOCCHI,44.52528694,11.36167417,82,0.06549520766773162,0.49489170412750305,0.0,82
3321,APOSAZZA,44.53335336,11.36777886,82,0.06549520766773162,0.49489170412750305,0.0,82
3322,PARCHEGGIO PARCO NORD,44.52721569,11.36466628,82,0.06549520766773162,0.49489170412750305,0.0,82
3326,DOZZA,44.52824853,11.3661695,82,0.06549520766773162,0.49489170412750305,0.0,82
3327,DON GNOCCHI,44.52598517,11.36289948,82,0.06549520766773162,0.49489170412750305,0.0,82
3328,APOSAZZA,44.53331563,11.36748156,82,0.06549520766773162,0.49489170412750305,0.0,82
3329,PARCHEGGIO PARCO NORD,44.52695472,11.36476976,82,0.06549520766773162,0.49489170412750305,0.0,82
3331,PARCHEGGIO COSTITUZIONE,44.51035371,11.359704,75,0.05990415335463259,0.5050041701417848,0.0002556634507437089,58
3335,FIERA PALAZZO CONGRESSI,44.51093344,11.36130706,59,0.04712460063897764,0.48615014050582095,0.0,59
3337,MONDO,44.49954884,11.37313993,73,0.05830670926517571,0.48889786031489707,0.00033238070240714396,59
3338,FIERA PALAZZO CONGRESSI,44.51196498,11.36128757,58,0.0463258785942492,0.48036493454978185,0.0,58
3339,SERENA,44.50816717,11.36081805,77,0.06150159744408945,0.5047936640266778,0.000324019004230552,59
3340,FIERA PALAZZO CONGRESSI,44.51191994,11.36147917,58,0.0463258785942492,0.48036493454978185,0.0,58
3341,NOVELLI,44.50580812,11.36255003,19,0.015175718849840255,0.4466986351899668,0.0,19
3342,FIERA PALAZZO CONGRESSI,44.51175199,11.36160135,63,0.050319488817891375,0.47602201257861637,0.0,63
3343,NOVELLI,44.50547576,11.36330241,169,0.13498402555910544,0.5320738137082601,0.0010828961475039874,115
3345,FIERA PALAZZO CONGRESSI,44.51152147,11.36153856,134,0.10702875399361023,0.5240155776720035,0.001046747829632924,75
3347,ZACCONI,44.50431138,11.36448187,169,0.13498402555910544,0.5320738137082601,0.0010828961475039874,115
3349,PARCO NORD,44.52696913,11.36586677,82,0.06549520766773162,0.49489170412750305,0.0,82
3351,ALDO MORO,44.50710477,11.36435661,63,0.050319488817891375,0.47602201257861637,0.0,63
3352,ALDO MORO,44.50737571,11.3642339,63,0.050319488817891375,0.47602201257861637,0.0,63
3353,VIALE FIERA,44.50857016,11.36936635,63,0.050319488817891375,0.47602201257861637,0.0,63
3354,VIALE FIERA,44.50752541,11.36778842,63,0.050319488817891375,0.47602201257861637,0.0,63
3356,FERRAVILLA,44.50716236,11.37058697,265,0.21166134185303515,0.5487086542818306,0.0013674998308124762,127
3370,CARCERE,44.53387687,11.36865805,82,0.06549520766773162,0.49489170412750305,0.0,82
3371,CARCERE,44.53331018,11.36942587,82,0.06549520766773162,0.49489170412750305,0.0,82
3372,GOMITO,44.53300742,11.37062026,82,0.06549520766773162,0.49489170412750305,0.0,82
34,PORTA CASTIGLIONE,44.48537356,11.34931878,109,0.08706070287539935,0.5166382252559727,0.0013916069393348867,59
35,GIARDINI MARGHERITA,44.48478373,11.35238632,141,0.11261980830670926,0.5231101511879049,0.0028624555562852295,59
3501,VIRGOLONE,44.51468275,11.3898058,115,0.09185303514376997,0.48654077942948976,0.0,115
3502,VIRGOLONE,44.51497614,11.39006314,115,0.09185303514376997,0.48654077942948976,0.0,115
3503,MENARINI,44.51872011,11.3976543,115,0.09185303514376997,0.48654077942948976,0.0,115
3504,MENARINI,44.51823819,11.39659566,178,0.14217252396166133,0.5195195195195195,0.0008746304695162651,115
3505,SAN SISTO,44.51997978,11.40057807,115,0.09185303514376997,0.48654077942948976,0.0,115
3506,SAN SISTO,44.52012456,11.4009442,178,0.14217252396166133,0.5195195195195195,0.0008746304695162651,115
3507,SAN DONATO 240-246,44.5229935,11.40759946,115,0.09185303514376997,0.48654077942948976,0.0,115
3509,PICCOLO COW BOY,44.52441574,11.41115161,115,0.09185303514376997,0.48654077942948976,0.0,115
3511,FRULLO (BIVIO),44.52754571,11.41780597,115,0.09185303514376997,0.48654077942948976,0.0,115
3513,QUARTO CENTRO,44.52993971,11.42205819,115,0.09185303514376997,0.48654077942948976,0.0,115
3517,QUARTO S.DONATO RISORGIMENTO,44.53153443,11.42472794,115,0.09185303514376997,0.48654077942948976,0.0,115
352,DON MINZONI - MAMBO,44.50294095,11.33654497,182,0.14536741214057508,0.5306748466257669,0.0022476157033576335,111
353,BOVI CAMPEGGI QUESTURA,44.50535103,11.33538015,25,0.019968051118210862,0.483047467092142,0.0,25
354,BOVI CAMPEGGI QUESTURA,44.50551811,11.33524373,25,0.019968051118210862,0.483047467092142,0.0,25
3543,ROTONDA BARONI,44.5152361,11.40118845,119,0.0950479233226837,0.506059339740911,0.00032427349206442683,81
3544,ROTONDA BARONI,44.5153282,11.40162473,119,0.0950479233226837,0.506059339740911,0.00032427349206442683,81
3545,CARNACINI,44.51574326,11.3986321,216,0.17252396166134185,0.5281290885303096,0.0013438697454723578,115
3547,FACOLTA` DI AGRARIA,44.51305659,11.40774842,119,0.0950479233226837,0.506059339740911,0.00032427349206442683,81
3548,FACOLTA` DI AGRARIA,44.51355891,11.40660751,119,0.0950479233226837,0.506059339740911,0.00032427349206442683,81
355,BOVI CAMPEGGI,44.50570992,11.33298428,25,0.019968051118210862,0.483047467092142,0.0,25
3553,COMMERCIO ASSOCIATO,44.51764753,11.40178297,178,0.14217252396166133,0.5195195195195195,0.0008746304695162651,115
3554,FIORINI,44.51368852,11.42155049,63,0.050319488817891375,0.47602201257861637,0.0,63
356,BOVI CAMPEGGI,44.50600797,11.33186903,25,0.019968051118210862,0.483047467092142,0.0,25
36,PARCHEGGIO STAVECO,44.4860236,11.34389094,21,0.016773162939297124,0.43860919956537486,0.0,21
37,PORTA CASTIGLIONE,44.48511543,11.34901133,141,0.11261980830670926,0.5231101511879049,0.0028624555562852295,59
38,PORTA SAN MAMOLO,44.48703256,11.33826117,21,0.016773162939297124,0.43860919956537486,0.0,21
4,STAZIONE CENTRALE,44.50504346,11.34311313,21,0.016773162939297124,0.43860919956537486,0.0,21
4001,SACRO CUORE,44.50857046,11.34666227,474,0.37859424920127793,0.6122345803842265,0.01012298947887183,136
4002,SACRO CUORE,44.50854926,11.34648923,474,0.37859424920127793,0.6122345803842265,0.01012298947887183,136
4003,PIAZZA DELL`UNITA`,44.51067636,11.3472713,237,0.18929712460063897,0.5283595113438045,0.0012602634409019009,115
4004,PIAZZA DELL`UNITA`,44.5106043,11.34708126,474,0.37859424920127793,0.6122345803842265,0.01012298947887183,136
4007,PIAZZA DELL`UNITA`,44.51159728,11.34755204,267,0.213258785942492,0.5539798719121684,0.0021602432351892683,136
4015,MATTEOTTI ALTA VELOCITA',44.50711308,11.3461748,59,0.04712460063897764,0.4466986351899668,0.0,59
4016,MATTEOTTI ALTA VELOCITA',44.50712273,11.34603366,59,0.04712460063897764,0.4466986351899668,0.0,59
4024,CASERME ROSSE,44.5257942,11.34872754,108,0.08626198083067092,0.49876441515650743,0.0,108
4026,CROCE COPERTA,44.5304546,11.35220892,108,0.08626198083067092,0.49876441515650743,0.0,108
4029,RONCAGLIO,44.53661853,11.35580995,108,0.08626198083067092,0.49876441515650743,0.0,108
4033,LIPPARINI,44.54065556,11.35638429,108,0.08626198083067092,0.49876441515650743,0.0,108
4035,COLOMBAROLA,44.54314891,11.35612853,108,0.08626198083067092,0.49876441515650743,0.0,108
4041,CORTICELLA,44.5461302,11.35646679,108,0.08626198083067092,0.49876441515650743,0.0,108
4043,BENTINI,44.54908437,11.35732003,108,0.08626198083067092,0.49876441515650743,0.0,108
4045,BENTINI SOTTOVIA,44.55303353,11.35365303,108,0.08626198083067092,0.49876441515650743,0.0,108
40501,PRIMO MAGGIO,44.55572003,11.35166375,108,0.08626198083067092,0.49876441515650743,0.0,108
40505,VILLA ZARRI,44.55955147,11.35626506,108,0.08626198083067092,0.49876441515650743,0.0,108
40509,FRABACCIA,44.56999571,11.36031238,108,0.08626198083067092,0.49876441515650743,0.0,108
40513,CASTEL MAGGIORE,44.57408868,11.36310247,108,0.08626198083067092,0.49876441515650743,0.0,108
40517,CASTEL MAGGIORE BONDANELLO,44.57699025,11.36519673,108,0.08626198083067092,0.49876441515650743,0.0,108
40521,CASTEL MAGGIORE TRANCHINA,44.58067877,11.36602261,108,0.08626198083067092,0.49876441515650743,0.0,108
40525,FUNO AGUCCHI,44.58679353,11.36871628,108,0.08626198083067092,0.49876441515650743,0.0,108
40529,FUNO,44.59115606,11.36843214,108,0.08626198083067092,0.49876441515650743,0.0,108
40531,FUNO PIAZZA RESISTENZA,44.59444432,11.36956505,108,0.08626198083067092,0.49876441515650743,0.0,108
4078,MARESCALCHI,44.54397393,11.35519331,108,0.08626198083067092,0.49876441515650743,0.0,108
4079,MARESCALCHI,44.54361964,11.35503329,108,0.08626198083067092,0.49876441515650743,0.0,108
4082,FONTI,44.54813272,11.35542011,108,0.08626198083067092,0.49876441515650743,0.0,108
4083,FONTI,44.54850952,11.35537488,108,0.08626198083067092,0.49876441515650743,0.0,108
4086,CORTICELLA,44.54610549,11.35524671,108,0.08626198083067092,0.49876441515650743,0.0,108
4088,ZANICHELLI,44.54777828,11.35747198,108,0.08626198083067092,0.49876441515650743,0.0,108
409,INDIPENDENZA NORD,44.50299103,11.34496538,383,0.3059105431309904,0.5872938894277401,0.0077332522870141585,136
4090,SANT`ANNA,44.54819701,11.36067947,108,0.08626198083067092,0.49876441515650743,0.0,108
4094,BYRON CENTOFIORI,44.54630701,11.36043624,108,0.08626198083067092,0.49876441515650743,0.0,108
4096,CORTICELLA STAZIONE,44.55191145,11.35428764,108,0.08626198083067092,0.49876441515650743,0.0,108
41,PARCHEGGIO STAVECO,44.48567008,11.34502274,26,0.020766773162939296,0.4439149560117302,0.0,26
4103,CRETI,44.51041843,11.35086383,163,0.13019169329073482,0.4961081523965588,0.00026614218915566463,115
4104,CRETI,44.51059405,11.35064208,63,0.050319488817891375,0.47602201257861637,0.0,63
4105,STALINGRADO,44.50984765,11.3551341,63,0.050319488817891375,0.47602201257861637,0.0,63
4106,STALINGRADO,44.5100027,11.35514585,63,0.050319488817891375,0.47602201257861637,0.0,63
4109,BIGARI,44.50891579,11.35079868,115,0.09185303514376997,0.48654077942948976,0.0,115
4111,DOPOLAVORO FERROVIARIO,44.50794551,11.35373258,115,0.09185303514376997,0.48654077942948976,0.0,115
4160,SOLARI,44.54070678,11.35723702,108,0.08626198083067092,0.49876441515650743,0.0,108
4162,TEGA,44.53652472,11.35711352,108,0.08626198083067092,0.49876441515650743,0.0,108
4164,PINARDI,44.53469376,11.35617147,108,0.08626198083067092,0.49876441515650743,0.0,108
42,ALDINI,44.48856371,11.33429559,21,0.016773162939297124,0.43860919956537486,0.0,21
42001,CASE OSTI,44.54857559,11.31818403,95,0.07587859424920128,0.4863453815261044,4.8448905989833375e-05,86
42002,CASE OSTI,44.54857236,11.31806587,47,0.037539936102236424,0.440684133915575,0.0,47
42005,TREBBO PRONI,44.55349937,11.31837959,95,0.07587859424920128,0.4863453815261044,4.8448905989833375e-05,86
42006,TREBBO PRONI,44.5532788,11.31815837,47,0.037539936102236424,0.440684133915575,0.0,47
42007,TREBBO RISORGIMENTO,44.55552925,11.32193213,95,0.07587859424920128,0.4863453815261044,4.8448905989833375e-05,86
42010,TREBBO RESISTENZA,44.55675188,11.3209373,47,0.037539936102236424,0.440684133915575,0.0,47
42014,TREBBO CORTICELLA-COLLODI,44.55558115,11.32478915,95,0.07587859424920128,0.4863453815261044,4.8448905989833375e-05,86
4202,CARRACCI STAZIONE AV,44.50706693,11.34468492,81,0.06469648562300319,0.509251471825063,5.6233668821094057e-05,64
4204,CASA DELLA SALUTE UFF COMUNALI,44.50785571,11.33901218,64,0.051118210862619806,0.5047936640266778,0.0,64
4205,CASE FERROVIERI,44.50847729,11.33488603,64,0.051118210862619806,0.5047936640266778,0.0,64
4206,CASE FERROVIERI,44.50832127,11.33538244,64,0.051118210862619806,0.5047936640266778,0.0,64
4209,CARRACCI,44.5089796,11.33109521,64,0.051118210862619806,0.5047936640266778,0.0,64
4210,CARRACCI,44.50881991,11.33160537,64,0.051118210862619806,0.5047936640266778,0.0,64
42521,TREBBO LAME-DON MINZONI,44.55685894,11.31802201,95,0.07587859424920128,0.4863453815261044,4.8448905989833375e-05,86
42522,TREBBO LAME-DON MINZONI,44.55699515,11.31796446,47,0.037539936102236424,0.440684133915575,0.0,47
42525,TREBBO LAME-FOSCOLO,44.55717198,11.32158356,95,0.07587859424920128,0.4863453815261044,4.8448905989833375e-05,86
43,PORTA SAN MAMOLO,44.4861282,11.34085022,26,0.020766773162939296,0.4439149560117302,0.0,26
4301,FRANCESCHINI,44.51092451,11.35055158,82,0.06549520766773162,0.49489170412750305,0.0,82
4302,ZUCCA,44.51171761,11.34963829,82,0.06549520766773162,0.49489170412750305,0.0,82
4303,CIGNANI,44.51266939,11.35207727,82,0.06549520766773162,0.49489170412750305,0.0,82
4304,CIGNANI,44.51360161,11.35241045,82,0.06549520766773162,0.49489170412750305,0.0,82
4305,CASARALTA,44.51468292,11.3530988,82,0.06549520766773162,0.49489170412750305,0.0,82
4306,CASARALTA,44.51502404,11.35309209,82,0.06549520766773162,0.49489170412750305,0.0,82
4308,CASONI,44.51803583,11.35590763,82,0.06549520766773162,0.49489170412750305,0.0,82
4309,PASSAROTTI,44.5162218,11.35454482,82,0.06549520766773162,0.49489170412750305,0.0,82
4315,CASONI,44.51818995,11.35626459,82,0.06549520766773162,0.49489170412750305,0.0,82
4316,PASSAROTTI,44.51641602,11.35456758,82,0.06549520766773162,0.49489170412750305,0.0,82
4317,MANIFATTURA,44.52254316,11.35904181,82,0.06549520766773162,0.49489170412750305,0.0,82
4318,DEPOSITO FERRARESE,44.52118989,11.35801589,82,0.06549520766773162,0.49489170412750305,0.0,82
4319,DEPOSITO FERRARESE,44.52097888,11.35796177,82,0.06549520766773162,0.49489170412750305,0.0,82
4320,DOZZA CAPOLINEA,44.52888213,11.36670959,82,0.06549520766773162,0.49489170412750305,0.0,82
4322,MANIFATTURA,44.52358252,11.35991195,82,0.06549520766773162,0.49489170412750305,0.0,82
4399,SACRO CUORE,44.5082915,11.34605429,81,0.06469648562300319,0.509251471825063,5.6233668821094057e-05,64
44,PORTA SARAGOZZA - VILLA CASSARINI,44.49009927,11.33038187,21,0.016773162939297124,0.43860919956537486,0.0,21
4401,TIARINI,44.50871363,11.34286945,81,0.06469648562300319,0.509251471825063,5.6233668821094057e-05,64
4405,BOLOGNINA,44.51215724,11.34604118,267,0.213258785942492,0.5539798719121684,0.0021602432351892683,136
4406,BOLOGNINA,44.5112642,11.34437529,187,0.14936102236421725,0.5344218887908209,0.0011284958963742996,136
4409,BOLOGNESE,44.51265771,11.34238432,267,0.213258785942492,0.5539798719121684,0.0021602432351892683,136
4410,TIBALDI DALL'ARCA,44.51153775,11.34237011,187,0.14936102236421725,0.5344218887908209,0.0011284958963742996,136
4413,BATTIFERRO,44.51527227,11.33746012,59,0.04712460063897764,0.4466986351899668,0.0,59
4414,BATTIFERRO,44.5145541,11.33775782,59,0.04712460063897764,0.4466986351899668,0.0,59
4418,GOBETTI,44.5185171,11.33643398,59,0.04712460063897764,0.4466986351899668,0.0,59
4419,GOBETTI,44.51841605,11.33612008,59,0.04712460063897764,0.4466986351899668,0.0,59
4420,ROTONDA C.N.R.,44.5219928,11.33774559,59,0.04712460063897764,0.4466986351899668,0.0,59
4425,BARBIERI,44.5169038,11.3411099,136,0.10862619808306709,0.5199656504937742,0.0,136
4426,BARBIERI,44.51676853,11.34109346,136,0.10862619808306709,0.5199656504937742,0.0,136
4427,ROTONDA GOBETTI,44.51704657,11.33741009,136,0.10862619808306709,0.5199656504937742,0.0,136
4428,ROTONDA GOBETTI,44.51689421,11.33756913,136,0.10862619808306709,0.5199656504937742,0.0,136
4429,NAVILE,44.51717509,11.33214473,136,0.10862619808306709,0.5199656504937742,0.0,136
4430,NAVILE,44.51689524,11.33220985,136,0.10862619808306709,0.5199656504937742,0.0,136
4433,GAGARIN,44.5172949,11.32952843,136,0.10862619808306709,0.5199656504937742,0.0,136
4434,GAGARIN,44.5170051,11.32966787,136,0.10862619808306709,0.5199656504937742,0.0,136
4451,FIORAVANTI,44.51403479,11.34218002,219,0.17492012779552715,0.5413500223513634,0.0004458163209576135,136
4452,FIORAVANTI,44.51399838,11.34200791,219,0.17492012779552715,0.5413500223513634,0.0004458163209576135,136
4453,FONDO COMINI,44.51583084,11.34245252,219,0.17492012779552715,0.5413500223513634,0.0004458163209576135,136
4454,FONDO COMINI,44.51578488,11.3422242,219,0.17492012779552715,0.5413500223513634,0.0004458163209576135,136
4455,ARCOVEGGIO CHIESA,44.51741631,11.34207333,219,0.17492012779552715,0.5413500223513634,0.0004458163209576135,136
4456,PALESTRA IPPODROMO,44.51909024,11.3427853,219,0.17492012779552715,0.5413500223513634,0.0004458163209576135,136
4459,PALESTRA IPPODROMO,44.51935666,11.34321042,219,0.17492012779552715,0.5413500223513634,0.0004458163209576135,136
4460,VILLA ERBOSA,44.52154054,11.34366686,219,0.17492012779552715,0.5413500223513634,0.0004458163209576135,136
4461,VILLA ERBOSA,44.52175312,11.34394594,219,0.17492012779552715,0.5413500223513634,0.0004458163209576135,136
4463,ARCOVEGGIO,44.52497424,11.345321,219,0.17492012779552715,0.5413500223513634,0.0004458163209576135,136
4464,ARCOVEGGIO,44.52437589,11.34503114,219,0.17492012779552715,0.5413500223513634,0.0004458163209576135,136
4467,C.S. VIRTUS,44.52767967,11.34638056,219,0.17492012779552715,0.5413500223513634,0.0004458163209576135,136
4468,C.S. VIRTUS,44.52807883,11.34650592,136,0.10862619808306709,0.5199656504937742,0.0,136
4469,COOPERAZIONE,44.53091037,11.34720569,219,0.17492012779552715,0.5413500223513634,0.0004458163209576135,136
4470,COOPERAZIONE,44.53093831,11.34713286,136,0.10862619808306709,0.5199656504937742,0.0,136
4471,DON BEDETTI,44.53416525,11.34816796,219,0.17492012779552715,0.5413500223513634,0.0004458163209576135,136
4472,DON BEDETTI,44.53432026,11.34801765,136,0.10862619808306709,0.5199656504937742,0.0,136
4475,LAPIDARI,44.53640386,11.350474,219,0.17492012779552715,0.5413500223513634,0.0004458163209576135,136
4476,LAPIDARI,44.53642995,11.35024614,136,0.10862619808306709,0.5199656504937742,0.0,136
4477,CASA BUIA,44.53872999,11.35180826,136,0.10862619808306709,0.5199656504937742,0.0,136
4478,CASA BUIA,44.53915776,11.3513637,136,0.10862619808306709,0.5199656504937742,0.0,136
4480,ROTONDA GIARDINI,44.54162161,11.35207499,136,0.10862619808306709,0.5199656504937742,0.0,136
449,PIAZZA DEI MARTIRI,44.50183936,11.34041306,19,0.015175718849840255,0.4466986351899668,0.0,19
45,PETRARCA,44.48767245,11.33583598,26,0.020766773162939296,0.4439149560117302,0.0,26
451,MARCONI,44.49692575,11.33768898,132,0.10543130990415335,0.5041631973355537,0.0,132
452,MARCONI,44.4970605,11.33748368,626,0.5,0.6742761692650334,0.035633582860521,136
455,MARCONI,44.49800099,11.33818401,591,0.4720447284345048,0.661387220098307,0.019043176149238342,136
459,PIAZZA DEI MARTIRI,44.50083793,11.33950189,660,0.5271565495207667,0.6872871736662883,0.030128068767200936,136
46,PORTA SARAGOZZA - LICEO RIGHI,44.4921816,11.32933841,160,0.12779552715654952,0.5283595113438045,0.0024026292530142422,127
461,MILLE (PIAZZA DEI MARTIRI),44.50189119,11.34095778,218,0.1741214057507987,0.5411081322609472,0.0005399294002176805,132
462,PIAZZA DEI MARTIRI,44.50026091,11.33899451,613,0.48961661341853036,0.6694306246545052,0.020540027764982097,136
463,MILLE,44.50151782,11.34264714,454,0.36261980830670926,0.6153455284552846,0.0104659373025242,136
466,MILLE,44.50191653,11.34131399,255,0.20367412140575078,0.5464801444043321,0.002705622535581721,127
467,MILAZZO,44.50322466,11.34165187,202,0.16134185303514376,0.5351303579319487,0.0016505386961748786,112
469,AMENDOLA,44.50316993,11.34051582,395,0.3154952076677316,0.591020009760859,0.015213254397455082,121
47,PORTA SARAGOZZA - VILLA CASSARINI,44.48973658,11.33026052,26,0.020766773162939296,0.4439149560117302,0.0,26
470,AMENDOLA,44.50302164,11.34026934,663,0.5295527156549521,0.6884593519044911,0.0391025535470396,136
472,STAZIONE CENTRALE,44.50559242,11.34093997,26,0.020766773162939296,0.4439149560117302,0.0,26
474,STAZIONE CENTRALE,44.50518646,11.3431912,51,0.04073482428115016,0.5012417218543046,0.0005832448586239553,29
475,PIAZZA XX SETTEMBRE,44.50445618,11.34430575,202,0.16134185303514376,0.5351303579319487,0.0016505386961748786,112
49,ALDINI,44.4885715,11.33361208,26,0.020766773162939296,0.4439149560117302,0.0,26
5,STAZIONE CENTRALE,44.50568308,11.34369464,64,0.051118210862619806,0.5047936640266778,0.0,64
50,PORTA SANT`ISAIA,44.49553391,11.32829197,21,0.016773162939297124,0.43860919956537486,0.0,21
500001,CASAGLIA 32-34,44.4839101,11.31297474,25,0.019968051118210862,0.3462968258507292,0.0,25
500003,CASAGLIA SCUOLE,44.47754321,11.30990808,25,0.019968051118210862,0.3462968258507292,0.0,25
500005,CASAGLIA 53,44.47247225,11.30836187,25,0.019968051118210862,0.3462968258507292,0.0,25
500007,CASAGLIA 53/2,44.47022081,11.30405582,25,0.019968051118210862,0.3462968258507292,0.0,25
500009,CASAGLIA CHIESA,44.46489427,11.30075366,25,0.019968051118210862,0.3462968258507292,0.0,25
500010,CASAGLIA CHIESA,44.46477681,11.30088655,25,0.019968051118210862,0.3462968258507292,0.0,25
500011,CASAGLIA 63,44.46075744,11.29981097,25,0.019968051118210862,0.3462968258507292,0.0,25
500012,CASAGLIA 63,44.46078514,11.29999982,25,0.019968051118210862,0.3462968258507292,0.0,25
500013,CASAGLIA 64,44.45741833,11.2990749,25,0.019968051118210862,0.3462968258507292,0.0,25
500014,CASAGLIA 64,44.45740277,11.29913211,25,0.019968051118210862,0.3462968258507292,0.0,25
500016,MONTE PRADONE 66,44.45364398,11.29795109,25,0.019968051118210862,0.3462968258507292,0.0,25
500017,MONTE PRADONE,44.45119013,11.29619267,25,0.019968051118210862,0.3462968258507292,0.0,25
500020,MONTE ALBANO 21,44.46767869,11.3015459,25,0.019968051118210862,0.3462968258507292,0.0,25
500022,MONTE ALBANO 38,44.46964072,11.30201907,25,0.019968051118210862,0.3462968258507292,0.0,25
500024,MONTE ALBANO GESSAROLI,44.46682433,11.29227294,25,0.019968051118210862,0.3462968258507292,0.0,25
500026,MONTE ALBANO 15,44.47105934,11.29334558,25,0.019968051118210862,0.3462968258507292,0.0,25
500028,MONTE ALBANO 11,44.47553604,11.29373083,25,0.019968051118210862,0.3462968258507292,0.0,25
500030,BASILICA DI SAN LUCA,44.47933249,11.29640943,25,0.019968051118210862,0.3462968258507292,0.0,25
500032,SAN LUCA 35,44.48076015,11.30073141,25,0.019968051118210862,0.3462968258507292,0.0,25
500034,SAN LUCA 15,44.48567768,11.30227354,25,0.019968051118210862,0.3462968258507292,0.0,25
5001,PORTA LAME,44.50315324,11.33301548,95,0.07587859424920128,0.4863453815261044,4.8448905989833375e-05,86
5002,PORTA LAME,44.50317899,11.33280187,95,0.07587859424920128,0.4863453815261044,4.8448905989833375e-05,86
5003,BOVI CAMPEGGI,44.50562134,11.33146048,47,0.037539936102236424,0.440684133915575,0.0,47
5004,BOVI CAMPEGGI,44.50548744,11.33134901,95,0.07587859424920128,0.4863453815261044,4.8448905989833375e-05,86
5005,SOTTOPASSO ZANARDI,44.51075309,11.32857966,137,0.10942492012779552,0.5206362854686156,0.0003358039223031353,86
5006,SOTTOPASSO ZANARDI,44.51061403,11.32850021,137,0.10942492012779552,0.5206362854686156,0.0003358039223031353,86
5009,POSTE,44.51224904,11.32759422,137,0.10942492012779552,0.5206362854686156,0.0003358039223031353,86
5010,POSTE,44.5121708,11.32740238,137,0.10942492012779552,0.5206362854686156,0.0003358039223031353,86
5011,OCA,44.51643112,11.32500683,95,0.07587859424920128,0.4863453815261044,4.8448905989833375e-05,86
5014,OCA,44.51635206,11.32485584,95,0.07587859424920128,0.4863453815261044,4.8448905989833375e-05,86
5017,ZANARDI,44.51889235,11.32306476,218,0.1741214057507987,0.5408664582402859,0.0011359869365771438,136
5018,ZANARDI,44.5188617,11.32285671,218,0.1741214057507987,0.5408664582402859,0.0011359869365771438,136
5019,SELVA PESCAROLA,44.52166414,11.32151002,218,0.1741214057507987,0.5408664582402859,0.0011359869365771438,136
5020,SELVA PESCAROLA,44.52174175,11.32120716,218,0.1741214057507987,0.5408664582402859,0.0011359869365771438,136
5021,PESCAROLA,44.52233423,11.32051501,218,0.1741214057507987,0.5408664582402859,0.0011359869365771438,136
5022,PESCAROLA,44.52275857,11.3196801,218,0.1741214057507987,0.5408664582402859,0.0011359869365771438,136
5025,C.S. PESCAROLA,44.52504204,11.31811909,95,0.07587859424920128,0.4863453815261044,4.8448905989833375e-05,86
5026,C.S. PESCAROLA,44.52485958,11.31807175,95,0.07587859424920128,0.4863453815261044,4.8448905989833375e-05,86
5027,BORRE,44.52699389,11.31690033,95,0.07587859424920128,0.4863453815261044,4.8448905989833375e-05,86
5028,BORRE,44.52663031,11.31696064,95,0.07587859424920128,0.4863453815261044,4.8448905989833375e-05,86
5029,TRAGHETTO,44.52906233,11.31489068,95,0.07587859424920128,0.4863453815261044,4.8448905989833375e-05,86
5030,TRAGHETTO,44.52941231,11.31434316,95,0.07587859424920128,0.4863453815261044,4.8448905989833375e-05,86
5032,NOCE,44.53306428,11.31519744,47,0.037539936102236424,0.440684133915575,0.0,47
5033,CENTRO PROVE AUTOVEICOLI,44.53175906,11.31459819,95,0.07587859424920128,0.4863453815261044,4.8448905989833375e-05,86
5034,CENTRO PROVE AUTOVEICOLI,44.5318137,11.31442809,95,0.07587859424920128,0.4863453815261044,4.8448905989833375e-05,86
5035,NOCE,44.53340679,11.31550045,95,0.07587859424920128,0.4863453815261044,4.8448905989833375e-05,86
5038,NOCE,44.53341786,11.31544268,95,0.07587859424920128,0.4863453815261044,4.8448905989833375e-05,86
51,PORTA SARAGOZZA - LICEO RIGHI,44.49153161,11.32917888,152,0.12140575079872204,0.5313734093900834,0.0014152814923604942,127
5101,GRAZIA,44.51625109,11.32820815,64,0.051118210862619806,0.5047936640266778,0.0,64
5102,GRAZIA,44.51655408,11.32813923,64,0.051118210862619806,0.5047936640266778,0.0,64
5103,MARCO POLO,44.51924238,11.32899894,232,0.1853035143769968,0.5464801444043321,0.000964455891624944,136
5104,MARCO POLO,44.51898779,11.32870883,177,0.1413738019169329,0.5332452664024658,0.00021819675535425092,136
5105,BOTTEGO,44.52028364,11.33104982,177,0.1413738019169329,0.5332452664024658,0.00021819675535425092,136
5109,BEVERARA,44.52198427,11.33139451,177,0.1413738019169329,0.5332452664024658,0.00021819675535425092,136
5110,BOTTEGO,44.52002053,11.33095674,177,0.1413738019169329,0.5332452664024658,0.00021819675535425092,136
5111,PELLEGRINO,44.52487883,11.33237439,177,0.1413738019169329,0.5332452664024658,0.00021819675535425092,136
5112,BEVERARA,44.52172064,11.33118895,177,0.1413738019169329,0.5332452664024658,0.00021819675535425092,136
5113,TANGENZIALE LAME,44.52826273,11.33347224,64,0.051118210862619806,0.5047936640266778,0.0,64
5114,PELLEGRINO,44.52524172,11.33215527,177,0.1413738019169329,0.5332452664024658,0.00021819675535425092,136
5117,FORNACE,44.53046695,11.33406791,64,0.051118210862619806,0.5047936640266778,0.0,64
5118,TANGENZIALE LAME,44.5280738,11.33291568,64,0.051118210862619806,0.5047936640266778,0.0,64
5120,FORNACE,44.53029134,11.33361006,64,0.051118210862619806,0.5047936640266778,0.0,64
5122,SOSTEGNO,44.53220077,11.33663598,64,0.051118210862619806,0.5047936640266778,0.0,64
52,PORTA SAN FELICE,44.49981636,11.32812443,73,0.05830670926517571,0.4991755976916735,0.0002629281323370312,59
5201,PARMEGGIANI,44.50360424,11.33341323,111,0.08865814696485623,0.48517628205128205,0.0,111
5202,PARMEGGIANI,44.50342862,11.33341643,111,0.08865814696485623,0.48517628205128205,0.0,111
5203,CASARINI,44.50401745,11.33064882,197,0.1573482428115016,0.5360779105799026,0.005736235397658116,111
5204,CASARINI,44.50396807,11.33011851,111,0.08865814696485623,0.48517628205128205,0.0,111
5205,MALVASIA,44.5029793,11.32551906,111,0.08865814696485623,0.48517628205128205,0.0,111
5206,SCALO,44.50249923,11.32787117,111,0.08865814696485623,0.48517628205128205,0.0,111
5207,PARCHEGGIO TANARI,44.50688306,11.32676097,108,0.08626198083067092,0.5150999574649086,0.00043299143089708405,86
5208,TANARI,44.50623495,11.32904678,108,0.08626198083067092,0.5150999574649086,0.00043299143089708405,86
5213,TANARI,44.50621001,11.33030431,108,0.08626198083067092,0.5150999574649086,0.00043299143089708405,86
5255,ITC LUXEMBURG,44.51410722,11.3114361,136,0.10862619808306709,0.5199656504937742,0.0,136
527,DON MINZONI - MAMBO,44.50295616,11.33588437,178,0.14217252396166133,0.5297462817147857,0.0017412651190082422,111
53,PORTA SANT`ISAIA,44.49346538,11.32849418,152,0.12140575079872204,0.5313734093900834,0.0014152814923604942,127
5301,DE GAMA,44.5221228,11.32708703,209,0.16693290734824281,0.5387010676156584,0.000752122669343259,136
5302,DE GAMA,44.52172436,11.32849859,136,0.10862619808306709,0.5199656504937742,0.0,136
5304,PANE,44.5210661,11.32498992,136,0.10862619808306709,0.5199656504937742,0.0,136
5305,USODIMARE,44.51857777,11.32433884,209,0.16693290734824281,0.5387010676156584,0.000752122669343259,136
5306,USODIMARE,44.518887,11.3244054,136,0.10862619808306709,0.5199656504937742,0.0,136
5307,PANE,44.52084293,11.32475848,209,0.16693290734824281,0.5387010676156584,0.000752122669343259,136
54,PORTA LAME,44.50175732,11.33199511,73,0.05830670926517571,0.4991755976916735,0.0002629281323370312,59
5401,AGUCCHI,44.52441496,11.31599819,136,0.10862619808306709,0.5199656504937742,0.0,136
5402,AGUCCHI,44.52428837,11.31616463,136,0.10862619808306709,0.5199656504937742,0.0,136
5403,VARANINI,44.52373134,11.31316725,136,0.10862619808306709,0.5199656504937742,0.0,136
5404,VARANINI,44.52358888,11.31325598,136,0.10862619808306709,0.5199656504937742,0.0,136
5406,BERTALIA,44.5213801,11.31260621,136,0.10862619808306709,0.5199656504937742,0.0,136
5410,BERTALIA,44.52135398,11.31214588,136,0.10862619808306709,0.5199656504937742,0.0,136
5501,ZANARDI CINTURA FERROVIARIA,44.53737586,11.31710452,95,0.07587859424920128,0.4863453815261044,4.8448905989833375e-05,86
5502,ZANARDI CINTURA FERROVIARIA,44.53739068,11.3170123,47,0.037539936102236424,0.440684133915575,0.0,47
5503,CAVE,44.54516688,11.32057188,95,0.07587859424920128,0.4863453815261044,4.8448905989833375e-05,86
5504,CAVE,44.5452513,11.32046036,47,0.037539936102236424,0.440684133915575,0.0,47
5701,TRIUMVIRATO,44.51173925,11.2912163,40,0.03194888178913738,1.0,0.0,40
5702,TRIUMVIRATO,44.51191775,11.29106917,40,0.03194888178913738,1.0,0.0,40
5703,ACQUEDOTTO TRIUMVIRATO,44.51549016,11.29274659,40,0.03194888178913738,1.0,0.0,40
5704,ACQUEDOTTO TRIUMVIRATO,44.51545348,11.29252811,40,0.03194888178913738,1.0,0.0,40
5705,DUE PONTI,44.51939636,11.29415704,40,0.03194888178913738,1.0,0.0,40
5706,DUE PONTI,44.51887106,11.2938758,40,0.03194888178913738,1.0,0.0,40
5709,BIRRA,44.52132319,11.29507453,40,0.03194888178913738,1.0,0.0,40
5710,BIRRA,44.52129249,11.29489401,40,0.03194888178913738,1.0,0.0,40
5714,AEROPORTO,44.52942133,11.29270497,40,0.03194888178913738,1.0,0.0,40
5750,CASE GHEDINI@,44.52548856,11.28798254,40,0.03194888178913738,1.0,0.0,40
5751,CASE GHEDINI@,44.52560129,11.28794448,40,0.03194888178913738,1.0,0.0,40
5754,VILLA SALTARELLI@,44.52753439,11.28587607,40,0.03194888178913738,1.0,0.0,40
5755,VILLA SALTARELLI@,44.52759176,11.28565258,40,0.03194888178913738,1.0,0.0,40
5758,CASERMA R.R.A.E.@,44.52949633,11.28711462,40,0.03194888178913738,1.0,0.0,40
5759,CASERMA R.R.A.E.@,44.52932612,11.28682005,40,0.03194888178913738,1.0,0.0,40
5762,AEROCLUB@,44.5310122,11.28815272,40,0.03194888178913738,1.0,0.0,40
5766,CASE SAVINI@,44.52728011,11.28082187,40,0.03194888178913738,1.0,0.0,40
59,VICINI,44.49654564,11.32754377,26,0.020766773162939296,0.4439149560117302,0.0,26
6,STAZIONE CENTRALE,44.50492844,11.34378233,21,0.016773162939297124,0.43860919956537486,0.0,21
6001,SAN PIO V,44.50019262,11.32490193,237,0.18929712460063897,0.5477159656264133,0.0024578068865650214,132
6002,SAN PIO V,44.50002814,11.32482856,235,0.1876996805111821,0.5479638009049774,0.002123245298035178,132
6003,SAFFI,44.50169966,11.32046639,237,0.18929712460063897,0.5477159656264133,0.0024578068865650214,132
6004,SAFFI,44.50094607,11.32219125,235,0.1876996805111821,0.5479638009049774,0.002123245298035178,132
6005,TIMAVO,44.50264037,11.31794228,237,0.18929712460063897,0.5477159656264133,0.0024578068865650214,132
6006,TIMAVO,44.50247202,11.31784358,235,0.1876996805111821,0.5479638009049774,0.002123245298035178,132
6008,OSPEDALE MAGGIORE,44.50415945,11.31584742,63,0.050319488817891375,0.47602201257861637,0.0,63
6009,OSPEDALE MAGGIORE,44.50416489,11.31372349,58,0.0463258785942492,0.48036493454978185,0.0,58
601,UGO BASSI,44.49564749,11.33817999,36,0.02875399361022364,0.47639653815892996,0.0,36
6016,OSPEDALE MAGGIORE - MATERNITA`,44.5063791,11.31612719,63,0.050319488817891375,0.47602201257861637,0.0,63
602,UGO BASSI,44.49526171,11.34007616,191,0.15255591054313097,0.536552946389012,0.0004979314288322382,136
6023,OSPEDALE MAGGIORE,44.5041432,11.3159828,63,0.050319488817891375,0.47602201257861637,0.0,63
6027,CINTA DAZIARIA TEATRI DI VITA,44.51179905,11.28874012,40,0.03194888178913738,1.0,0.0,40
6028,ROTONDA GRANATIERI - AVIS,44.50737203,11.31230515,63,0.050319488817891375,0.47602201257861637,0.0,63
6029,BORGO PANIGALE STAZIONE,44.51441474,11.28371699,40,0.03194888178913738,1.0,0.0,40
6030,CINTA DAZIARIA TEATRI DI VITA,44.51189931,11.28828561,40,0.03194888178913738,1.0,0.0,40
6033,SCALA,44.51655723,11.27783747,40,0.03194888178913738,1.0,0.0,40
6035,CHIESA BORGO PANIGALE,44.517724,11.27468618,40,0.03194888178913738,1.0,0.0,40
6037,BORGO PANIGALE - MUSEO DUCATI,44.51859111,11.27208463,40,0.03194888178913738,1.0,0.0,40
6039,OSPEDALE MAGGIORE - MATERNITA`,44.50668832,11.31527928,63,0.050319488817891375,0.47602201257861637,0.0,63
604,UGO BASSI,44.49547129,11.33847191,475,0.37939297124600635,0.6125442589782498,0.01744238254827031,132
6040,BORGO PANIGALE CIMITERO,44.51579295,11.27231644,40,0.03194888178913738,1.0,0.0,40
6043,VILLAGGIO INA,44.52129771,11.2642301,40,0.03194888178913738,1.0,0.0,40
6045,ROTONDA GRANATIERI - AVIS,44.50757322,11.31198367,63,0.050319488817891375,0.47602201257861637,0.0,63
605,LAME,44.49695549,11.33686867,185,0.1477635782747604,0.52882096069869,0.0005977278607950113,132
60503,CERETOLO CHIESA,44.48059452,11.26143239,127,0.10143769968051118,0.5164179104477612,0.0,127
60504,CERETOLO CHIESA,44.4807628,11.26106086,127,0.10143769968051118,0.5164179104477612,0.0,127
60505,CERETOLO,44.48134766,11.25729453,127,0.10143769968051118,0.5164179104477612,0.0,127
60506,CERETOLO,44.4812659,11.25707604,127,0.10143769968051118,0.5164179104477612,0.0,127
60509,CERETOLO TENUTA LAURO,44.48201827,11.24937463,127,0.10143769968051118,0.5164179104477612,0.0,127
60510,CERETOLO TENUTA LAURO,44.48121953,11.25064698,127,0.10143769968051118,0.5164179104477612,0.0,127
60511,CERETOLO VIVALDI,44.48388048,11.24598407,127,0.10143769968051118,0.5164179104477612,0.0,127
60512,CERETOLO VIVALDI,44.48344187,11.24614251,127,0.10143769968051118,0.5164179104477612,0.0,127
60513,RIALE CENTRO,44.48484098,11.24022677,127,0.10143769968051118,0.5164179104477612,0.0,127
60514,RIALE CENTRO,44.4843488,11.24122261,127,0.10143769968051118,0.5164179104477612,0.0,127
60517,RIALE,44.4856108,11.2369795,127,0.10143769968051118,0.5164179104477612,0.0,127
60518,RIALE,44.48552644,11.23691132,127,0.10143769968051118,0.5164179104477612,0.0,127
60521,PILASTRINO DI ZOLA,44.48842682,11.22562353,127,0.10143769968051118,0.5164179104477612,0.0,127
60522,PILASTRINO DI ZOLA,44.4886118,11.22520955,127,0.10143769968051118,0.5164179104477612,0.0,127
60525,LAVINO DI SOPRA,44.49115448,11.21888584,127,0.10143769968051118,0.5164179104477612,0.0,127
60526,LAVINO DI SOPRA,44.49130786,11.21823137,127,0.10143769968051118,0.5164179104477612,0.0,127
60529,ZOLA PREDOSA CHIESA,44.49259476,11.21454632,127,0.10143769968051118,0.5164179104477612,0.0,127
60530,ZOLA PREDOSA CHIESA,44.49267373,11.2138104,127,0.10143769968051118,0.5164179104477612,0.0,127
60533,ZOLA PREDOSA,44.49431586,11.20877077,127,0.10143769968051118,0.5164179104477612,0.0,127
60534,ZOLA PREDOSA,44.4941829,11.20895442,127,0.10143769968051118,0.5164179104477612,0.0,127
60537,ZOLA PREDOSA SAN PANCRAZIO,44.49683822,11.20198738,127,0.10143769968051118,0.5164179104477612,0.0,127
60538,ZOLA PREDOSA SAN PANCRAZIO,44.49633104,11.20258225,127,0.10143769968051118,0.5164179104477612,0.0,127
60542,PONTE RONCA SCUOLE,44.49942079,11.19603114,127,0.10143769968051118,0.5164179104477612,0.0,127
6057,OSPEDALE  MAGGIORE,44.50271967,11.31237184,132,0.10543130990415335,0.5041631973355537,0.0,132
6058,TERRACINI,44.51366601,11.31854305,63,0.050319488817891375,0.47602201257861637,0.0,63
6059,TERRACINI,44.51429113,11.31891616,63,0.050319488817891375,0.47602201257861637,0.0,63
6060,OSPEDALE MAGGIORE,44.50296662,11.3125159,58,0.0463258785942492,0.48036493454978185,0.0,58
6062,OSPEDALE MAGGIORE,44.50386789,11.31333041,186,0.1485623003194888,0.5306748466257669,0.001124756372253361,132
607,LAME,44.49714864,11.33675061,95,0.07587859424920128,0.4863453815261044,4.8448905989833375e-05,86
6082,OSPEDALE MAGGIORE,44.50353602,11.31310914,59,0.04712460063897764,0.48615014050582095,0.0,59
609,RONDONE,44.49993739,11.33479976,279,0.2228434504792332,0.5583218072844629,0.008234612639766704,132
61,PORTA SAN FELICE,44.49841584,11.32699635,26,0.020766773162939296,0.4439149560117302,0.0,26
611,PALASPORT,44.5005577,11.33118447,185,0.1477635782747604,0.52882096069869,0.0005977278607950113,132
614,RONDONE,44.50016004,11.33449433,95,0.07587859424920128,0.4863453815261044,4.8448905989833375e-05,86
616,SAN FELICE,44.49754911,11.33188683,185,0.1477635782747604,0.52882096069869,0.0005977278607950113,132
617,RIVA DI RENO - MARCONI,44.49882714,11.33766208,95,0.07587859424920128,0.4863453815261044,4.8448905989833375e-05,86
6202,VITTORIO VENETO,44.4991163,11.32033714,111,0.08865814696485623,0.48517628205128205,0.0,111
6203,VITTORIO VENETO,44.50020342,11.32091265,111,0.08865814696485623,0.48517628205128205,0.0,111
6204,PASUBIO,44.49812288,11.31894083,111,0.08865814696485623,0.48517628205128205,0.0,111
6205,PASUBIO,44.49823912,11.31889669,111,0.08865814696485623,0.48517628205128205,0.0,111
6206,WEBER,44.4991765,11.31548812,164,0.13099041533546324,0.5265217391304348,0.0009892279318201556,111
6208,SAFFI,44.50073834,11.32145042,111,0.08865814696485623,0.48517628205128205,0.0,111
6209,WEBER,44.49914288,11.31592468,165,0.13178913738019168,0.526750761200522,0.0010110528274587427,111
6210,VELODROMO,44.50033411,11.31175716,164,0.13099041533546324,0.5265217391304348,0.0009892279318201556,111
6211,VELODROMO,44.50024407,11.31239668,165,0.13178913738019168,0.526750761200522,0.0010110528274587427,111
6212,CIVIDALI,44.50138201,11.30824264,227,0.18130990415335463,0.5358407079646018,0.000727831345253095,132
6215,CERTOSA GANDHI,44.49857654,11.31075222,59,0.04712460063897764,0.48615014050582095,0.0,59
6216,CERTOSA GANDHI,44.49857129,11.31052051,58,0.0463258785942492,0.48036493454978185,0.0,58
6217,CHIESA CERTOSA,44.49920186,11.30881853,227,0.18130990415335463,0.5358407079646018,0.000727831345253095,132
6218,TOGLIATTI,44.50232182,11.29911652,227,0.18130990415335463,0.5358407079646018,0.000727831345253095,132
6219,TOGLIATTI,44.50223771,11.30035935,227,0.18130990415335463,0.5358407079646018,0.000727831345253095,132
6220,CENTRO VITTORIA - MAST,44.50378359,11.29408399,132,0.10543130990415335,0.5041631973355537,0.0,132
6221,EINAUDI,44.50509123,11.28136436,132,0.10543130990415335,0.5041631973355537,0.0,132
6222,TOGLIATTI PIETRA,44.5066248,11.2845559,132,0.10543130990415335,0.5041631973355537,0.0,132
6223,CENTRO VITTORIA - MAST,44.50395909,11.29422611,132,0.10543130990415335,0.5041631973355537,0.0,132
6224,EINAUDI,44.50504562,11.28159138,132,0.10543130990415335,0.5041631973355537,0.0,132
6225,TOGLIATTI PIETRA,44.50678591,11.2846872,132,0.10543130990415335,0.5041631973355537,0.0,132
6226,LA MALFA,44.50524051,11.27989126,132,0.10543130990415335,0.5041631973355537,0.0,132
6227,LA MALFA,44.50534696,11.27982937,132,0.10543130990415335,0.5041631973355537,0.0,132
6228,DE NICOLA,44.50519377,11.27842781,132,0.10543130990415335,0.5041631973355537,0.0,132
6230,GALEAZZA,44.50317353,11.27759588,132,0.10543130990415335,0.5041631973355537,0.0,132
6231,DE NICOLA,44.50521988,11.2782472,132,0.10543130990415335,0.5041631973355537,0.0,132
6233,GALEAZZA,44.50304499,11.27752404,132,0.10543130990415335,0.5041631973355537,0.0,132
6234,SALVEMINI,44.50091185,11.27544089,132,0.10543130990415335,0.5041631973355537,0.0,132
6235,BOTTONELLI,44.50261934,11.27891949,132,0.10543130990415335,0.5041631973355537,0.0,132
6236,ROTTA,44.4989328,11.27516656,132,0.10543130990415335,0.5041631973355537,0.0,132
6238,CASTELDEBOLE,44.50003891,11.27734406,132,0.10543130990415335,0.5041631973355537,0.0,132
6265,STAZIONE CASALECCHIO GARIBALDI,44.48232086,11.2738054,127,0.10143769968051118,0.5164179104477612,0.0,127
6266,CASALECCHIO PIAVE,44.4800836,11.27542143,127,0.10143769968051118,0.5164179104477612,0.0,127
6267,MERIDIANA CRISTONI,44.48294882,11.27137442,127,0.10143769968051118,0.5164179104477612,0.0,127
6272,PIETRA,44.51139271,11.28686375,40,0.03194888178913738,1.0,0.0,40
6274,FAGGIOLO,44.50890139,11.28449625,40,0.03194888178913738,1.0,0.0,40
6285,MARZABOTTO,44.50134112,11.3114589,187,0.14936102236421725,0.5330105633802817,0.0013709813123867053,132
6286,MARZABOTTO,44.50156144,11.31177659,186,0.1485623003194888,0.5306748466257669,0.001124756372253361,132
6455,DEPOSITO BATTINDARNO,44.50205107,11.29736129,111,0.08865814696485623,0.48517628205128205,0.0,111
6456,DEPOSITO BATTINDARNO,44.50212558,11.29788076,111,0.08865814696485623,0.48517628205128205,0.0,111
6459,BATTINDARNO DE CAROLIS,44.50000856,11.29582584,111,0.08865814696485623,0.48517628205128205,0.0,111
6461,BERTOCCHI,44.5000319,11.29382515,111,0.08865814696485623,0.48517628205128205,0.0,111
6462,BATTINDARNO DE CAROLIS,44.50016563,11.29615747,111,0.08865814696485623,0.48517628205128205,0.0,111
6463,DE PISIS,44.50056193,11.2903781,111,0.08865814696485623,0.48517628205128205,0.0,111
6464,BERTOCCHI,44.49993131,11.29373473,111,0.08865814696485623,0.48517628205128205,0.0,111
6468,GIOTTO,44.49983484,11.29055323,111,0.08865814696485623,0.48517628205128205,0.0,111
6469,ALTOBELLI,44.49983576,11.28868053,111,0.08865814696485623,0.48517628205128205,0.0,111
6470,GNUDI,44.49820793,11.2887702,111,0.08865814696485623,0.48517628205128205,0.0,111
6471,VIGHI,44.49824215,11.28548937,111,0.08865814696485623,0.48517628205128205,0.0,111
6472,VIGHI,44.49811399,11.28545527,111,0.08865814696485623,0.48517628205128205,0.0,111
6477,CENTRO SPORTIVO BARCA,44.49287465,11.28135464,111,0.08865814696485623,0.48517628205128205,0.0,111
6478,NALDI,44.4922181,11.28288396,111,0.08865814696485623,0.48517628205128205,0.0,111
65,SILVANI,44.50054117,11.32894733,76,0.06070287539936102,0.49938144329896905,0.0002810660738581185,58
6602,CASALECCHIO SANTA LUCIA,44.47970274,11.26863293,127,0.10143769968051118,0.5164179104477612,0.0,127
6603,CASALECCHIO SANTA LUCIA,44.47980054,11.26844025,127,0.10143769968051118,0.5164179104477612,0.0,127
6657,ARIOSTO,44.51397728,11.26195458,40,0.03194888178913738,1.0,0.0,40
6661,CAVALIERI DUCATI,44.51412912,11.25924675,40,0.03194888178913738,1.0,0.0,40
6665,CAVALIERI DUCATI FRONTE 118/2,44.5155458,11.2545557,40,0.03194888178913738,1.0,0.0,40
6667,VILLAGGIO SPERANZA,44.51613672,11.2502148,40,0.03194888178913738,1.0,0.0,40
6669,CA` NUOVA@,44.51635702,11.24599957,40,0.03194888178913738,1.0,0.0,40
6671,CASA SANTA CHIARA@,44.51556453,11.24729247,40,0.03194888178913738,1.0,0.0,40
6673,RIGOSA@,44.51138019,11.23924485,40,0.03194888178913738,1.0,0.0,40
6677,OLMETOLA@,44.51023507,11.24148679,40,0.03194888178913738,1.0,0.0,40
6681,LA PICCIONAIA@,44.5098651,11.24576741,40,0.03194888178913738,1.0,0.0,40
6685,VILLA BOSCHI@,44.50839211,11.25230542,40,0.03194888178913738,1.0,0.0,40
6689,COLLEGIO SAN LUIGI@,44.50707664,11.25686148,40,0.03194888178913738,1.0,0.0,40
6691,BOIARDO14@,44.50799366,11.25871949,40,0.03194888178913738,1.0,0.0,40
6693,CASE GIARDINO@,44.50953679,11.25966764,40,0.03194888178913738,1.0,0.0,40
6695,BOIARDO@,44.51121092,11.26048094,40,0.03194888178913738,1.0,0.0,40
67,PORTA LAME,44.5029412,11.33369966,76,0.06070287539936102,0.49938144329896905,0.0002810660738581185,58
7001,PORTA SARAGOZZA - RISORGIMENTO,44.49051795,11.32833911,198,0.15814696485623003,0.5442696629213483,0.004871467182476094,127
7002,PORTA SARAGOZZA - RISORGIMENTO,44.49036034,11.32825895,192,0.15335463258785942,0.5428059166293142,0.0019406561907813326,127
7003,SAN GIUSEPPE,44.49034182,11.32538601,139,0.1110223642172524,0.5190741534504929,0.00010900069605561223,127
7004,SAN GIUSEPPE,44.49019441,11.32494311,139,0.1110223642172524,0.5190741534504929,0.00010900069605561223,127
7005,VILLA BENNI,44.48907438,11.31848619,139,0.1110223642172524,0.5190741534504929,0.00010900069605561223,127
7006,ORSONI,44.48967962,11.32148532,139,0.1110223642172524,0.5190741534504929,0.00010900069605561223,127
7007,ORSONI,44.48961843,11.32067641,139,0.1110223642172524,0.5190741534504929,0.00010900069605561223,127
7009,VILLA SPADA,44.48934381,11.31560742,150,0.11980830670926518,0.5215331610680448,0.009773778880809086,127
701,PIAZZA MALPIGHI,44.49432767,11.33630066,434,0.3466453674121406,0.608848667672197,0.010742329682697657,136
7010,VILLA BENNI,44.48890616,11.31831917,139,0.1110223642172524,0.5190741534504929,0.00010900069605561223,127
7011,MELONCELLO,44.49011958,11.31208916,150,0.11980830670926518,0.5215331610680448,0.009773778880809086,127
7012,VILLA SPADA,44.48938793,11.31531833,127,0.10143769968051118,0.5164179104477612,0.0,127
7013,DELLO SPORT,44.49091038,11.30740411,127,0.10143769968051118,0.5164179104477612,0.0,127
7014,MELONCELLO,44.4900127,11.31219891,150,0.11980830670926518,0.5215331610680448,0.009773778880809086,127
7015,BIVIO SAN LUCA,44.49019431,11.31012072,127,0.10143769968051118,0.5164179104477612,0.0,127
7017,FUNIVIA,44.49127414,11.30307156,127,0.10143769968051118,0.5164179104477612,0.0,127
7018,BIVIO SAN LUCA,44.4901684,11.3094547,127,0.10143769968051118,0.5164179104477612,0.0,127
7019,DON STURZO,44.48954585,11.29957248,219,0.17492012779552715,0.5375055481580115,0.0005503145404470582,127
702,PIAZZA MALPIGHI,44.49417325,11.33641727,391,0.31230031948881787,0.5962580009847366,0.00589014412174427,136
7020,DELLO SPORT,44.49091796,11.30700116,127,0.10143769968051118,0.5164179104477612,0.0,127
7021,TREVES,44.48874067,11.29754597,219,0.17492012779552715,0.5375055481580115,0.0005503145404470582,127
7022,FUNIVIA,44.49124831,11.30384953,127,0.10143769968051118,0.5164179104477612,0.0,127
7025,MILANI,44.48796206,11.29517772,219,0.17492012779552715,0.5375055481580115,0.0005503145404470582,127
7027,CROCE LUNA,44.48609553,11.29193776,127,0.10143769968051118,0.5164179104477612,0.0,127
7028,DON STURZO,44.48908175,11.29889712,219,0.17492012779552715,0.5375055481580115,0.0005503145404470582,127
7029,CROCE,44.48488614,11.28917327,127,0.10143769968051118,0.5164179104477612,0.0,127
703,PIAZZA SAN FRANCESCO,44.49523278,11.33589816,72,0.05750798722044728,0.4863453815261044,0.00043627300452909866,58
7030,TREVES,44.48820036,11.2964502,219,0.17492012779552715,0.5375055481580115,0.0005503145404470582,127
7031,CASALECCHIO CASA CONOSCENZA,44.47833886,11.27688449,127,0.10143769968051118,0.5164179104477612,0.0,127
7033,CASALECCHIO VILLA CHIARA,44.48241869,11.28651457,127,0.10143769968051118,0.5164179104477612,0.0,127
7034,CROCE LUNA,44.48625691,11.29244789,127,0.10143769968051118,0.5164179104477612,0.0,127
7035,CASALECCHIO SAN MARTINO,44.47755548,11.28427185,127,0.10143769968051118,0.5164179104477612,0.0,127
7036,CROCE,44.48506711,11.29024928,127,0.10143769968051118,0.5164179104477612,0.0,127
7037,CASALECCHIO CHIUSA,44.47734838,11.28092539,127,0.10143769968051118,0.5164179104477612,0.0,127
7038,CASALECCHIO VILLA CHIARA,44.48262199,11.2867583,127,0.10143769968051118,0.5164179104477612,0.0,127
704,PIAZZA MALPIGHI,44.49370661,11.33632222,452,0.36102236421725237,0.6144089294774226,0.03556179983762557,132
7042,CASALECCHIO SAN MARTINO,44.47758295,11.28481125,127,0.10143769968051118,0.5164179104477612,0.0,127
7043,CASALECCHIO STAZIONE,44.4746218,11.27621335,127,0.10143769968051118,0.5164179104477612,0.0,127
7044,CASALECCHIO CHIUSA,44.47690458,11.28150929,127,0.10143769968051118,0.5164179104477612,0.0,127
7046,CASALECCHIO MARCONI,44.47712896,11.27759891,127,0.10143769968051118,0.5164179104477612,0.0,127
7048,CASALECCHIO STAZIONE,44.47504909,11.27622997,127,0.10143769968051118,0.5164179104477612,0.0,127
705,SANT`ISAIA,44.49401779,11.33227606,312,0.24920127795527156,0.5666822648572766,0.0020644075028950965,127
7051,CROCE CARAVAGGIO,44.48695899,11.29248169,219,0.17492012779552715,0.5375055481580115,0.0005503145404470582,127
7052,CROCE CARAVAGGIO,44.48713514,11.29183542,219,0.17492012779552715,0.5375055481580115,0.0005503145404470582,127
7053,CROCEFISSI,44.49032196,11.28948504,219,0.17492012779552715,0.5375055481580115,0.0005503145404470582,127
7054,CROCEFISSI,44.48954372,11.28951668,219,0.17492012779552715,0.5375055481580115,0.0005503145404470582,127
7055,LORENZETTI,44.49159953,11.29199227,115,0.09185303514376997,0.48654077942948976,0.0,115
7056,BONINSEGNA,44.49019093,11.29060316,115,0.09185303514376997,0.48654077942948976,0.0,115
706,SANT`ISAIA,44.49394186,11.33224709,322,0.2571884984025559,0.5693464974141984,0.0026084974485467496,127
7060,FILANDA,44.49072648,11.29147779,115,0.09185303514376997,0.48654077942948976,0.0,115
707,SANT`ISAIA,44.49345556,11.33270729,197,0.1573482428115016,0.5432929564827277,0.0008302466690833459,136
709,PORTA SANT`ISAIA,44.49455031,11.32942567,312,0.24920127795527156,0.5666822648572766,0.0020644075028950965,127
710,PORTA SANT`ISAIA,44.49437954,11.32996364,322,0.2571884984025559,0.5693464974141984,0.0026084974485467496,127
7101,ANDREA COSTA,44.49500677,11.32641183,213,0.17012779552715654,0.5363153232949512,0.0005074660992776028,121
7102,ANDREA COSTA,44.49496216,11.32595019,213,0.17012779552715654,0.5363153232949512,0.0005074660992776028,121
7103,SAN PAOLO RAVONE,44.49538429,11.32282096,213,0.17012779552715654,0.5363153232949512,0.0005074660992776028,121
7104,SAN PAOLO RAVONE,44.49527425,11.32308544,213,0.17012779552715654,0.5363153232949512,0.0005074660992776028,121
7105,CROCETTA,44.49536542,11.31957043,213,0.17012779552715654,0.5363153232949512,0.0005074660992776028,121
7106,CROCETTA,44.49532474,11.32021579,213,0.17012779552715654,0.5363153232949512,0.0005074660992776028,121
7109,MARTINI,44.4950162,11.31598608,213,0.17012779552715654,0.5363153232949512,0.0005074660992776028,121
711,PORTA SARAGOZZA - FRASSINAGO,44.49042527,11.33055862,26,0.020766773162939296,0.46327467482785006,0.0,26
7110,MARTINI,44.49487617,11.31576043,213,0.17012779552715654,0.5363153232949512,0.0005074660992776028,121
7111,MAGNANI,44.49430983,11.31263921,213,0.17012779552715654,0.5363153232949512,0.0005074660992776028,121
7112,MAGNANI,44.49415056,11.31255744,213,0.17012779552715654,0.5363153232949512,0.0005074660992776028,121
7113,STADIO,44.49383518,11.30943127,213,0.17012779552715654,0.5363153232949512,0.0005074660992776028,121
7114,STADIO,44.49381066,11.31028321,213,0.17012779552715654,0.5363153232949512,0.0005074660992776028,121
7117,LINO,44.49340353,11.30637569,213,0.17012779552715654,0.5363153232949512,0.0005074660992776028,121
7118,LINO,44.49344753,11.30722765,213,0.17012779552715654,0.5363153232949512,0.0005074660992776028,121
7119,CERTOSA,44.49293527,11.30328711,213,0.17012779552715654,0.5363153232949512,0.0005074660992776028,121
7120,CERTOSA,44.49291513,11.3041738,213,0.17012779552715654,0.5363153232949512,0.0005074660992776028,121
7123,FUNIVIA,44.49154951,11.30191668,115,0.09185303514376997,0.48654077942948976,0.0,115
7124,FUNIVIA,44.49181174,11.30219426,115,0.09185303514376997,0.48654077942948976,0.0,115
7125,GHISELLO,44.49333214,11.29925835,121,0.09664536741214057,0.5022812111157197,0.0,121
7126,GHISELLO,44.49307194,11.29988483,121,0.09664536741214057,0.5022812111157197,0.0,121
7127,BARCA,44.49407469,11.29661088,121,0.09664536741214057,0.5022812111157197,0.0,121
7128,BARCA,44.49396217,11.29666621,121,0.09664536741214057,0.5022812111157197,0.0,121
7129,BELCANTONE,44.49541591,11.29362522,121,0.09664536741214057,0.5022812111157197,0.0,121
7130,BELCANTONE,44.49531049,11.29360695,121,0.09664536741214057,0.5022812111157197,0.0,121
7133,DE AMBRIS,44.4959681,11.291092,121,0.09664536741214057,0.5022812111157197,0.0,121
7134,DE AMBRIS,44.49582482,11.29164296,121,0.09664536741214057,0.5022812111157197,0.0,121
7135,BUOZZI,44.49621626,11.28825752,121,0.09664536741214057,0.5022812111157197,0.0,121
7136,BUOZZI,44.49613661,11.28810505,121,0.09664536741214057,0.5022812111157197,0.0,121
7140,RIGOLA,44.49411519,11.28694194,121,0.09664536741214057,0.5022812111157197,0.0,121
7143,TRENO,44.49477824,11.28482337,111,0.08865814696485623,0.48517628205128205,0.0,111
7144,TRENO,44.49436896,11.28452517,226,0.18051118210862618,0.5375055481580115,0.001531697808419277,121
7145,TOMMASEO,44.49680003,11.28616489,111,0.08865814696485623,0.48517628205128205,0.0,111
7146,PIAZZA GIOVANNI XXIII,44.49633007,11.2856096,121,0.09664536741214057,0.5022812111157197,0.0,121
7150,TOMMASEO,44.49690016,11.28602573,111,0.08865814696485623,0.48517628205128205,0.0,111
7163,ROTONDA MALAGUTI,44.4907696,11.28812148,127,0.10143769968051118,0.5164179104477612,0.0,127
7171,MONTEFIORINO,44.49585751,11.31517511,59,0.04712460063897764,0.48615014050582095,0.0,59
7172,MONTEFIORINO,44.49586051,11.31502729,58,0.0463258785942492,0.48036493454978185,0.0,58
7201,RONCATI,44.49332706,11.32597792,59,0.04712460063897764,0.48615014050582095,0.0,59
7203,PIAZZA VOLTA,44.49282459,11.32349201,59,0.04712460063897764,0.48615014050582095,0.0,59
7204,PIAZZA VOLTA,44.49278028,11.32376145,58,0.0463258785942492,0.48036493454978185,0.0,58
7205,TURATI,44.4912353,11.32162803,59,0.04712460063897764,0.48615014050582095,0.0,59
7206,TURATI,44.49174363,11.32200271,58,0.0463258785942492,0.48036493454978185,0.0,58
7209,XXI APRILE ZANNONI,44.49184576,11.31759452,59,0.04712460063897764,0.48615014050582095,0.0,59
7210,XXI APRILE ZANNONI,44.49142879,11.31902834,58,0.0463258785942492,0.48036493454978185,0.0,58
7211,XXI APRILE MARTINI,44.4919806,11.31343536,59,0.04712460063897764,0.48615014050582095,0.0,59
7212,XXI APRILE MARTINI,44.49201223,11.31492779,58,0.0463258785942492,0.48036493454978185,0.0,58
7213,IRMA BANDIERA,44.49346955,11.3136782,59,0.04712460063897764,0.48615014050582095,0.0,59
7214,IRMA BANDIERA,44.49289562,11.31314535,58,0.0463258785942492,0.48036493454978185,0.0,58
7231,CASAGLIA,44.48666339,11.31510282,51,0.04073482428115016,0.46774816531479335,0.0040319170782782306,26
7232,CASAGLIA,44.48681362,11.31526989,26,0.020766773162939296,0.46327467482785006,0.0,26
7233,SCUOLE CARRACCI,44.48471724,11.31493149,26,0.020766773162939296,0.46327467482785006,0.0,26
7234,SCUOLE CARRACCI,44.48473474,11.31503986,26,0.020766773162939296,0.46327467482785006,0.0,26
7236,RAVONE,44.4824726,11.31482931,26,0.020766773162939296,0.46327467482785006,0.0,26
72401,CASALECCHIO LIDO,44.46903894,11.27754421,127,0.10143769968051118,0.5164179104477612,0.0,127
72402,CASALECCHIO LIDO,44.47038486,11.27748657,127,0.10143769968051118,0.5164179104477612,0.0,127
72405,CASALECCHIO RONZANI,44.46494558,11.27796638,127,0.10143769968051118,0.5164179104477612,0.0,127
72406,CASALECCHIO RONZANI,44.46537146,11.27805365,127,0.10143769968051118,0.5164179104477612,0.0,127
72409,CASALECCHIO C.S. ALLENDE,44.4614144,11.27897605,127,0.10143769968051118,0.5164179104477612,0.0,127
72410,CASALECCHIO C.S. ALLENDE,44.46158338,11.27896692,127,0.10143769968051118,0.5164179104477612,0.0,127
72413,SAN BIAGIO MICCA,44.45730502,11.2749824,127,0.10143769968051118,0.5164179104477612,0.0,127
72414,SAN BIAGIO MICCA,44.45716384,11.27444271,127,0.10143769968051118,0.5164179104477612,0.0,127
72417,SAN BIAGIO CEFALONIA,44.45582199,11.27443773,127,0.10143769968051118,0.5164179104477612,0.0,127
72418,SAN BIAGIO CEFALONIA,44.45526445,11.2741804,127,0.10143769968051118,0.5164179104477612,0.0,127
72421,SAN BIAGIO RESISTENZA,44.45532587,11.27137828,127,0.10143769968051118,0.5164179104477612,0.0,127
7301,AUDINOT,44.49170184,11.32737065,59,0.04712460063897764,0.48615014050582095,0.0,59
7302,GUIDOTTI,44.49258054,11.3254192,58,0.0463258785942492,0.48036493454978185,0.0,58
750,FARINI,44.49132723,11.34287801,281,0.2244408945686901,0.5588371019843101,0.0026890911209074995,136
7502,CASALECCHIO CASA CONOSCENZA,44.47817561,11.27646554,127,0.10143769968051118,0.5164179104477612,0.0,127
753,FARINI,44.49139376,11.34226833,610,0.48722044728434505,0.6603053435114504,0.060916905704877476,136
754,COLLEGIO DI SPAGNA,44.49026892,11.33681957,397,0.3170926517571885,0.5977295162882527,0.008567492927858262,136
755,COLLEGIO DI SPAGNA,44.4904475,11.33737504,59,0.04712460063897764,0.48615014050582095,0.0,59
756,NOSADELLA,44.48999766,11.33384111,344,0.2747603833865815,0.5824915824915825,0.0053028417429718065,136
758,D`AZEGLIO,44.49044021,11.34135528,297,0.23722044728434505,0.5696142991533396,0.017012197752694212,127
759,NOSADELLA,44.49010559,11.33417635,59,0.04712460063897764,0.48615014050582095,0.0,59
760,PORTA SARAGOZZA - FRASSINAGO,44.49025416,11.33100822,344,0.2747603833865815,0.5824915824915825,0.0053028417429718065,136
761,PORTA SARAGOZZA - FRASSINAGO,44.49037379,11.33121187,59,0.04712460063897764,0.48615014050582095,0.0,59
799,PIAZZA CAVOUR,44.4911381,11.34364941,110,0.0878594249201278,0.5135708227311281,0.00018231998941759588,86
8,STAZIONE CENTRALE,44.50486794,11.34464633,82,0.06549520766773162,0.49896992171405025,0.0005084403735468065,59
800,PIAZZA CAVOUR,44.49098273,11.34365262,95,0.07587859424920128,0.4728621632174932,0.0,95
8001,DELLE ROSE,44.4826008,11.3488522,151,0.12060702875399361,0.5246967071057193,0.0011378909647408932,86
8002,PORTA CASTIGLIONE,44.48454138,11.34830684,151,0.12060702875399361,0.5246967071057193,0.0011378909647408932,86
8003,CASTIGLIONE,44.48049583,11.34923689,151,0.12060702875399361,0.5246967071057193,0.0011378909647408932,86
8004,DELLE ROSE,44.48178585,11.34923674,151,0.12060702875399361,0.5246967071057193,0.0011378909647408932,86
8005,SCALINI,44.47831622,11.34791712,44,0.03514376996805112,0.47790055248618785,0.000300411925183537,36
8006,SCALINI,44.47768717,11.34649382,36,0.02875399361022364,0.47639653815892996,0.0,36
8007,PORTA CASTIGLIONE,44.48425833,11.34828133,151,0.12060702875399361,0.5246967071057193,0.0011378909647408932,86
8008,VILLA GUASTAVILLANI,44.46747606,11.34643412,20,0.01597444089456869,0.3645394340758579,0.0,20
8009,BARBIANO,44.47635902,11.34360361,44,0.03514376996805112,0.47790055248618785,0.000300411925183537,36
801,PIAZZA CAVOUR,44.4908117,11.34365205,41,0.03274760383386581,0.40746971736204574,0.0,41
8010,BARBIANO,44.47618425,11.34331843,36,0.02875399361022364,0.47639653815892996,0.0,36
8011,PUTTI,44.48060858,11.34709273,128,0.10223642172523961,0.5186295503211992,0.00017082935981804542,86
8012,IST. RIZZOLI - CENTRO RICERCA,44.4753565,11.34071716,36,0.02875399361022364,0.47639653815892996,0.0,36
8013,PIAZZALE BACCHELLI,44.4806637,11.34413676,128,0.10223642172523961,0.5186295503211992,0.00017082935981804542,86
8014,CASTIGLIONE,44.4805738,11.34935208,151,0.12060702875399361,0.5246967071057193,0.0011378909647408932,86
8015,BARBIANO 1,44.4751864,11.3427001,20,0.01597444089456869,0.3645394340758579,0.0,20
8016,SCALINI,44.47797303,11.34797016,20,0.01597444089456869,0.3645394340758579,0.0,20
8017,PIAZZALE BACCHELLI,44.48071639,11.34378993,64,0.051118210862619806,0.5047936640266778,0.0,64
8018,PUTTI,44.4804806,11.3477069,128,0.10223642172523961,0.5186295503211992,0.00017082935981804542,86
8019,ISTITUTO ORTOPEDICO RIZZOLI,44.48132622,11.34258832,64,0.051118210862619806,0.5047936640266778,0.0,64
802,PIAZZA CAVOUR,44.4908574,11.34419389,110,0.0878594249201278,0.5135708227311281,0.00018231998941759588,86
8020,PIAZZALE BACCHELLI,44.48053917,11.34441942,128,0.10223642172523961,0.5186295503211992,0.00017082935981804542,86
8021,CODIVILLA,44.48446868,11.33990039,86,0.06869009584664537,0.484593837535014,0.0,86
8022,ISTITUTO ORTOPEDICO RIZZOLI,44.48129857,11.34248269,64,0.051118210862619806,0.5047936640266778,0.0,64
8023,BIVIO SAN VITTORE,44.46419284,11.34265691,20,0.01597444089456869,0.3645394340758579,0.0,20
8024,POLIAMBULATORIO RIZZOLI,44.47606082,11.34099758,36,0.02875399361022364,0.47639653815892996,0.0,36
8026,SAN MICHELE IN BOSCO,44.48228749,11.34189117,64,0.051118210862619806,0.5047936640266778,0.0,64
8028,CODIVILLA,44.48438742,11.33985705,86,0.06869009584664537,0.484593837535014,0.0,86
803,TRIBUNALE,44.48822717,11.34368998,265,0.21166134185303515,0.5547411818598259,0.010632377780141191,86
8030,BATTIVENTO,44.47126624,11.34686816,20,0.01597444089456869,0.3645394340758579,0.0,20
8032,VILLA COLONNA,44.47350429,11.34663335,20,0.01597444089456869,0.3645394340758579,0.0,20
8034,VILLA SAMPIERA,44.47460385,11.34818703,20,0.01597444089456869,0.3645394340758579,0.0,20
8036,BELLA RIPA,44.47418794,11.34975064,20,0.01597444089456869,0.3645394340758579,0.0,20
804,TRIBUNALE,44.48794166,11.34424997,241,0.19249201277955272,0.5494555353901996,0.007107744300294986,86
805,XII GIUGNO,44.4857542,11.34698006,237,0.18929712460063897,0.5477159656264133,0.0059350207470948374,86
806,XII GIUGNO,44.48636111,11.34578534,241,0.19249201277955272,0.5494555353901996,0.007107744300294986,86
807,PIAZZA CAVOUR,44.49066255,11.34392826,44,0.03514376996805112,0.47790055248618785,0.000300411925183537,36
809,PIAZZA CAVOUR,44.49064382,11.34410044,87,0.0694888178913738,0.46380697050938335,0.0017442390181695653,49
8101,ANNUNZIATA,44.48480396,11.33932747,123,0.09824281150159744,0.506059339740911,0.0005946911262296126,86
8102,ANNUNZIATA,44.48493628,11.3394876,123,0.09824281150159744,0.506059339740911,0.0005946911262296126,86
8103,BAGNI DI MARIO,44.48203225,11.33734778,123,0.09824281150159744,0.506059339740911,0.0005946911262296126,86
8104,BAGNI DI MARIO,44.48247193,11.33805298,123,0.09824281150159744,0.506059339740911,0.0005946911262296126,86
8105,VILLA GHIGI,44.47926677,11.33592164,123,0.09824281150159744,0.506059339740911,0.0005946911262296126,86
8106,VILLA GHIGI,44.48015026,11.33665874,123,0.09824281150159744,0.506059339740911,0.0005946911262296126,86
8109,SAN MAMOLO,44.47767064,11.33572197,123,0.09824281150159744,0.506059339740911,0.0005946911262296126,86
8110,SAN MAMOLO,44.4774637,11.33599113,123,0.09824281150159744,0.506059339740911,0.0005946911262296126,86
8111,BIVIO COLLI,44.47563209,11.33605318,123,0.09824281150159744,0.506059339740911,0.0005946911262296126,86
8112,BIVIO COLLI,44.47565337,11.33619548,123,0.09824281150159744,0.506059339740911,0.0005946911262296126,86
8113,FONTANINA,44.47228505,11.33820419,86,0.06869009584664537,0.484593837535014,0.0,86
8114,FONTANINA,44.47231113,11.33825498,86,0.06869009584664537,0.484593837535014,0.0,86
8117,POLVERIERA,44.47054061,11.33800142,86,0.06869009584664537,0.484593837535014,0.0,86
8118,POLVERIERA,44.47041468,11.3380239,86,0.06869009584664537,0.484593837535014,0.0,86
8120,RONCRIO,44.46808275,11.33704679,86,0.06869009584664537,0.484593837535014,0.0,86
8144,VILLA BARUZZIANA,44.48345552,11.33587982,49,0.039137380191693286,0.4375,0.0,49
8145,VILLA ALDINI,44.48114074,11.32891218,49,0.039137380191693286,0.4375,0.0,49
8146,VILLA ALDINI,44.48103932,11.32869829,49,0.039137380191693286,0.4375,0.0,49
8148,OSSERVANZA,44.48110089,11.32667229,49,0.039137380191693286,0.4375,0.0,49
8151,MONTE CUCCOLINO,44.46476393,11.32866052,49,0.039137380191693286,0.4375,0.0,49
8152,MONTE CUCCOLINO,44.46497358,11.328892,49,0.039137380191693286,0.4375,0.0,49
8153,BIVIO GAIBOLA,44.46234709,11.32599291,49,0.039137380191693286,0.4375,0.0,49
8154,GAIBOLA CHIESA,44.46289706,11.31964843,49,0.039137380191693286,0.4375,0.0,49
8155,GAIBOLA CHIESA,44.46292507,11.31954348,49,0.039137380191693286,0.4375,0.0,49
8156,BIVIO GAIBOLA,44.46183546,11.32561433,49,0.039137380191693286,0.4375,0.0,49
8157,CASA CANTINELLA,44.4558284,11.3192561,49,0.039137380191693286,0.4375,0.0,49
8158,CASA CANTINELLA,44.45577789,11.31938765,49,0.039137380191693286,0.4375,0.0,49
8159,FORTE,44.45394491,11.31721762,49,0.039137380191693286,0.4375,0.0,49
8160,FORTE,44.45385552,11.31721409,49,0.039137380191693286,0.4375,0.0,49
8161,PADERNO,44.44830984,11.31544181,49,0.039137380191693286,0.4375,0.0,49
8162,PADERNO,44.44753685,11.31477031,49,0.039137380191693286,0.4375,0.0,49
8163,TIRO AL PIATTELLO,44.4437018,11.3092379,49,0.039137380191693286,0.4375,0.0,49
8164,TIRO AL PIATTELLO,44.44371296,11.30940956,49,0.039137380191693286,0.4375,0.0,49
8165,GAIBOLA,44.46659713,11.31998126,49,0.039137380191693286,0.4375,0.0,49
8167,CAVAIONI,44.44212446,11.30807853,49,0.039137380191693286,0.4375,0.0,49
8168,CAVAIONI,44.44216417,11.30820183,49,0.039137380191693286,0.4375,0.0,49
8169,CA` BRUCIATA,44.43800886,11.30935245,49,0.039137380191693286,0.4375,0.0,49
8170,CA` BRUCIATA,44.43924204,11.30935272,49,0.039137380191693286,0.4375,0.0,49
8171,LUMIERA,44.43564614,11.31315484,49,0.039137380191693286,0.4375,0.0,49
8172,LUMIERA,44.43555558,11.31326435,49,0.039137380191693286,0.4375,0.0,49
8173,PARCO CAVAIONI,44.44226643,11.30397492,49,0.039137380191693286,0.4375,0.0,49
8174,LASTRE,44.44898842,11.32345062,49,0.039137380191693286,0.4375,0.0,49
8175,SABBIUNO,44.42893197,11.31484115,49,0.039137380191693286,0.4375,0.0,49
8176,SABBIUNO,44.42905593,11.31452802,49,0.039137380191693286,0.4375,0.0,49
8177,CIPPO SABBIUNO,44.42159187,11.31470837,49,0.039137380191693286,0.4375,0.0,49
8178,CALANCHI,44.42816867,11.31546822,49,0.039137380191693286,0.4375,0.0,49
8179,SABBIUNO CASETTA,44.42093356,11.31304148,49,0.039137380191693286,0.4375,0.0,49
8180,CIPPO SABBIUNO,44.421457,11.31472737,49,0.039137380191693286,0.4375,0.0,49
8181,CA` DI SAVINI,44.45844849,11.32167586,49,0.039137380191693286,0.4375,0.0,49
8182,CA` DI SAVINI,44.4581217,11.32166998,49,0.039137380191693286,0.4375,0.0,49
851,TAGLIAPIETRE,44.49107082,11.34003951,86,0.06869009584664537,0.484593837535014,0.0,86
855,SAN LUIGI PORTA SAN MAMOLO,44.4879903,11.33963017,123,0.09824281150159744,0.506059339740911,0.0005946911262296126,86
856,SAN LUIGI PORTA SAN MAMOLO,44.48721634,11.33969982,123,0.09824281150159744,0.506059339740911,0.0005946911262296126,86
897,PIAZZA MINGHETTI,44.49146672,11.34542884,226,0.18051118210862618,0.5408664582402859,0.0026749919556298177,136
9,STAZIONE CENTRALE,44.50535591,11.34274826,225,0.17971246006389777,0.5142250530785563,0.003033439273112751,115
900002,SANT`ISAIA PIAZZA MALPIGHI,44.49342332,11.33528614,121,0.09664536741214057,0.5022812111157197,0.0,121
9001,PORTA SANTO STEFANO-ROSA PARKS,44.48356592,11.35782177,207,0.16533546325878593,0.5403837572512271,0.004333447406704933,95
9002,PORTA SANTO STEFANO-ROSA PARKS,44.48384329,11.35763406,207,0.16533546325878593,0.5411081322609472,0.004131042502644818,95
9003,MURRI,44.48236472,11.35953538,174,0.1389776357827476,0.5304424003504161,0.0025069679298710995,95
9004,MURRI,44.48238212,11.35975536,178,0.14217252396166133,0.5341861490957213,0.0025354113168748233,95
9005,STERLINO,44.48026569,11.3634125,174,0.1389776357827476,0.5304424003504161,0.0025069679298710995,95
9006,STERLINO,44.48153923,11.36122563,178,0.14217252396166133,0.5341861490957213,0.0025354113168748233,95
90071,PIANORO N. RESISTENZA,44.39091521,11.34352519,95,0.07587859424920128,0.4728621632174932,0.0,95
90072,PIANORO N. RESISTENZA,44.39102284,11.34349025,95,0.07587859424920128,0.4728621632174932,0.0,95
90075,PIANORO N. VILLAGGIO MARTINO,44.39039159,11.34600748,95,0.07587859424920128,0.4728621632174932,0.0,95
90076,PIANORO N. VILLAGGIO MARTINO,44.39043286,11.34618961,95,0.07587859424920128,0.4728621632174932,0.0,95
90079,PIANORO N. SPORT,44.38742807,11.34748269,95,0.07587859424920128,0.4728621632174932,0.0,95
90080,PIANORO N. SPORT,44.38745181,11.34769551,95,0.07587859424920128,0.4728621632174932,0.0,95
9009,RAGNO,44.47818039,11.36545816,174,0.1389776357827476,0.5304424003504161,0.0025069679298710995,95
9010,RAGNO,44.47979098,11.36424553,178,0.14217252396166133,0.5341861490957213,0.0025354113168748233,95
9011,VARTHEMA,44.4762369,11.36683957,95,0.07587859424920128,0.4728621632174932,0.0,95
9012,VARTHEMA,44.47734335,11.36633892,149,0.11900958466453673,0.5246967071057193,0.00138328204833585,95
9013,CHIESA NUOVA,44.47357067,11.36867349,95,0.07587859424920128,0.4728621632174932,0.0,95
9014,CHIESA NUOVA,44.47390331,11.36845121,95,0.07587859424920128,0.4728621632174932,0.0,95
90150,PIANORO V. FONDOVALLE SAVENA,44.37050427,11.33878144,95,0.07587859424920128,0.4728621632174932,0.0,95
9017,PARISIO,44.47216582,11.36964367,133,0.10623003194888178,0.48810963321241435,0.0010006995162843131,95
9018,PARISIO,44.47168425,11.37031803,133,0.10623003194888178,0.48810963321241435,0.0010006995162843131,95
9019,VILLA MAZZACORATI,44.46924653,11.37098071,95,0.07587859424920128,0.4728621632174932,0.0,95
9020,VILLA MAZZACORATI,44.46910738,11.37109765,158,0.12619808306709265,0.49938144329896905,0.001408826506075687,95
9021,CROCE DI CAMALDOLI,44.46653171,11.37065389,158,0.12619808306709265,0.49938144329896905,0.001408826506075687,95
9022,CROCE DI CAMALDOLI,44.46640952,11.37084853,158,0.12619808306709265,0.49938144329896905,0.001408826506075687,95
9025,DIRETTISSIMA,44.46397817,11.37074393,158,0.12619808306709265,0.49938144329896905,0.001408826506075687,95
9026,DIRETTISSIMA,44.46338578,11.37098299,95,0.07587859424920128,0.4728621632174932,0.0,95
9027,ANGELO CUSTODE,44.46061832,11.3702644,95,0.07587859424920128,0.4728621632174932,0.0,95
9028,ANGELO CUSTODE,44.46000883,11.37030829,95,0.07587859424920128,0.4728621632174932,0.0,95
9029,SAN RUFFILLO,44.45711083,11.36936276,95,0.07587859424920128,0.4728621632174932,0.0,95
903,PIAZZA MINGHETTI,44.49144852,11.34719047,226,0.18051118210862618,0.5408664582402859,0.0026749919556298177,136
9030,SAN RUFFILLO,44.4573066,11.36971712,95,0.07587859424920128,0.4728621632174932,0.0,95
9035,PONTE SAVENA,44.45493741,11.36778232,95,0.07587859424920128,0.4728621632174932,0.0,95
9036,PONTE SAVENA,44.45490235,11.36780845,95,0.07587859424920128,0.4728621632174932,0.0,95
9037,TOSCANA PIETRO DA ANZOLA,44.45255505,11.36452729,95,0.07587859424920128,0.4728621632174932,0.0,95
904,PIAZZA MINGHETTI,44.4915695,11.34519086,518,0.41373801916932906,0.6287642782969886,0.01952481258492045,136
9040,TOSCANA PIETRO DA ANZOLA,44.45273147,11.36505522,95,0.07587859424920128,0.4728621632174932,0.0,95
9042,SAN RUFFILLO STAZIONE,44.46301781,11.37285056,66,0.052715654952076675,0.42625835973248855,0.0,66
905,GARGANELLI,44.48975241,11.35048349,226,0.18051118210862618,0.5408664582402859,0.0026749919556298177,136
90521,CARTERIA PUCCINI,44.42067178,11.34900873,95,0.07587859424920128,0.4728621632174932,0.0,95
90522,CARTERIA PUCCINI,44.42051081,11.34917501,95,0.07587859424920128,0.4728621632174932,0.0,95
90525,PIANORO N. DEPOSITO GAS,44.41746385,11.35109411,95,0.07587859424920128,0.4728621632174932,0.0,95
90526,PIANORO N. DEPOSITO GAS,44.41748424,11.35119699,95,0.07587859424920128,0.4728621632174932,0.0,95
90529,BOARIA,44.40906725,11.34660436,95,0.07587859424920128,0.4728621632174932,0.0,95
90534,BOARIA,44.41099621,11.34889595,95,0.07587859424920128,0.4728621632174932,0.0,95
90541,PIAN DI MACINA GARGANELLI,44.40678901,11.34315297,95,0.07587859424920128,0.4728621632174932,0.0,95
90542,PIAN DI MACINA GARGANELLI,44.4061644,11.3430456,95,0.07587859424920128,0.4728621632174932,0.0,95
90545,PIAN DI MACINA ALLENDE,44.40219572,11.340695,95,0.07587859424920128,0.4728621632174932,0.0,95
90546,PIAN DI MACINA ALLENDE,44.40217581,11.34084333,95,0.07587859424920128,0.4728621632174932,0.0,95
90549,PIAN DI MACINA,44.4000003,11.34033273,95,0.07587859424920128,0.4728621632174932,0.0,95
90550,PIAN DI MACINA,44.39999853,11.34041899,95,0.07587859424920128,0.4728621632174932,0.0,95
90557,MUSIANO,44.39934039,11.34534497,95,0.07587859424920128,0.4728621632174932,0.0,95
90558,MUSIANO,44.39916948,11.34544801,95,0.07587859424920128,0.4728621632174932,0.0,95
90561,PIANORO N. ZONA ARTIGIANALE,44.39588921,11.342374,95,0.07587859424920128,0.4728621632174932,0.0,95
90562,PIANORO N. ZONA ARTIGIANALE,44.3958974,11.34252343,95,0.07587859424920128,0.4728621632174932,0.0,95
90565,PIANORO N. BIVIO RESISTENZA,44.39189908,11.34090426,95,0.07587859424920128,0.4728621632174932,0.0,95
90566,PIANORO N. BIVIO RESISTENZA,44.39248217,11.34100599,95,0.07587859424920128,0.4728621632174932,0.0,95
90571,PIANORO N.MUNICIPIO,44.38505666,11.34284172,95,0.07587859424920128,0.4728621632174932,0.0,95
90572,PIANORO N.MUNICIPIO,44.38486992,11.34313949,95,0.07587859424920128,0.4728621632174932,0.0,95
90573,PIANORO N. CAMPO SPORTIVO,44.3839742,11.34549368,95,0.07587859424920128,0.4728621632174932,0.0,95
90574,PIANORO N. CAMPO SPORTIVO,44.38394521,11.3456722,95,0.07587859424920128,0.4728621632174932,0.0,95
90581,PIANORO STAZIONE,44.37937958,11.34233511,95,0.07587859424920128,0.4728621632174932,0.0,95
90582,PIANORO STAZIONE,44.37961233,11.34250915,95,0.07587859424920128,0.4728621632174932,0.0,95
90585,PIANORO V. MAESTA`,44.37476502,11.34041889,95,0.07587859424920128,0.4728621632174932,0.0,95
90586,PIANORO V. MAESTA`,44.37485651,11.34048451,95,0.07587859424920128,0.4728621632174932,0.0,95
90589,PIANORO VECCHIO,44.37190584,11.34169267,95,0.07587859424920128,0.4728621632174932,0.0,95
90590,PIANORO VECCHIO,44.37220719,11.34208906,95,0.07587859424920128,0.4728621632174932,0.0,95
906,GARGANELLI,44.48964448,11.35077941,488,0.389776357827476,0.619120654396728,0.023134437739217358,136
909,FONDAZZA,44.48691974,11.35393496,136,0.10862619808306709,0.5199656504937742,0.0,136
910,FONDAZZA,44.48709604,11.35403558,374,0.2987220447284345,0.582771896053898,0.004706674744476922,136
9100,PAVESE,44.45083713,11.36048089,95,0.07587859424920128,0.4728621632174932,0.0,95
9101,GANDINO,44.48092165,11.35803031,41,0.03274760383386581,0.40746971736204574,0.0,41
9102,GANDINO,44.48019634,11.35721439,41,0.03274760383386581,0.40746971736204574,0.0,41
9103,BELLACOSTA,44.47952534,11.35815559,41,0.03274760383386581,0.40746971736204574,0.0,41
9104,REDENTI,44.47837407,11.3549971,41,0.03274760383386581,0.40746971736204574,0.0,41
9105,SANTA BARBARA,44.47774406,11.35594308,41,0.03274760383386581,0.40746971736204574,0.0,41
9106,SANTA BARBARA,44.4770544,11.35620766,41,0.03274760383386581,0.40746971736204574,0.0,41
9109,BORGHI MAMO,44.47681677,11.3614445,41,0.03274760383386581,0.40746971736204574,0.0,41
911,BARACCANO,44.4855268,11.35493447,95,0.07587859424920128,0.4728621632174932,0.0,95
9110,SIEPELUNGA,44.47747637,11.36048485,41,0.03274760383386581,0.40746971736204574,0.0,41
9111,VILLA HERCOLANI,44.4750731,11.36242245,41,0.03274760383386581,0.40746971736204574,0.0,41
9112,BORGHI MAMO,44.47596533,11.36338184,41,0.03274760383386581,0.40746971736204574,0.0,41
9113,MOLINELLI,44.4731126,11.36485005,41,0.03274760383386581,0.40746971736204574,0.0,41
9114,VILLA HERCOLANI,44.47454512,11.36346515,41,0.03274760383386581,0.40746971736204574,0.0,41
9117,ROVIGHI,44.47251789,11.3662609,41,0.03274760383386581,0.40746971736204574,0.0,41
9119,ARANZIO,44.47243006,11.36854246,41,0.03274760383386581,0.40746971736204574,0.0,41
912,BARACCANO,44.4860181,11.35446615,124,0.09904153354632587,0.49509403107113653,0.0004754716241766249,95
9120,ROVIGHI,44.47258183,11.36622168,41,0.03274760383386581,0.40746971736204574,0.0,41
9202,PARCHEGGIO LERCARO,44.47887149,11.37236012,38,0.03035143769968051,0.43342877594846096,0.0,38
9203,DAGNINI,44.47737253,11.36807923,88,0.07028753993610223,0.5050041701417848,0.0005105101051296681,58
9204,DAGNINI,44.477659,11.36821185,59,0.04712460063897764,0.48615014050582095,0.0,59
9205,ORTI,44.4770715,11.37081757,234,0.18690095846645366,0.5457413249211357,0.0009821720389010776,136
9206,ORTI,44.47754047,11.36993754,270,0.21565495207667731,0.5567816091954023,0.005285606640661593,136
9209,LUNETTA GAMBERINI,44.47651315,11.37373695,234,0.18690095846645366,0.5457413249211357,0.0009821720389010776,136
9210,LUNETTA GAMBERINI,44.4766577,11.37250849,234,0.18690095846645366,0.5457413249211357,0.0009821720389010776,136
9212,PO,44.47587758,11.37744342,234,0.18690095846645366,0.5457413249211357,0.0009821720389010776,136
9213,CRICCA,44.47265573,11.38526724,111,0.08865814696485623,0.48517628205128205,0.0,111
9215,ROMA,44.47066525,11.39039426,111,0.08865814696485623,0.48517628205128205,0.0,111
9216,HOSPICE SERAGNOLI,44.46562847,11.39613649,111,0.08865814696485623,0.48517628205128205,0.0,111
9217,HOSPICE SERAGNOLI,44.46579023,11.39626356,111,0.08865814696485623,0.48517628205128205,0.0,111
9218,CRICCA,44.47285038,11.38537655,111,0.08865814696485623,0.48517628205128205,0.0,111
9219,ALTURA,44.46398327,11.39331131,111,0.08865814696485623,0.48517628205128205,0.0,111
9220,ROMA,44.47075214,11.39078599,111,0.08865814696485623,0.48517628205128205,0.0,111
9221,OSPEDALE BELLARIA,44.46441043,11.39037207,111,0.08865814696485623,0.48517628205128205,0.0,111
9222,ALTURA,44.46413014,11.39368659,111,0.08865814696485623,0.48517628205128205,0.0,111
9225,ALTURA,44.46394781,11.39339237,111,0.08865814696485623,0.48517628205128205,0.0,111
9226,OSPEDALE BELLARIA,44.46429659,11.39089869,111,0.08865814696485623,0.48517628205128205,0.0,111
9227,CROARA BIVIO,44.46427647,11.39998204,111,0.08865814696485623,0.48517628205128205,0.0,111
9228,CROARA BIVIO,44.4642329,11.40055538,111,0.08865814696485623,0.48517628205128205,0.0,111
9229,PONTEBUCO BIVIO,44.46304301,11.40220679,111,0.08865814696485623,0.48517628205128205,0.0,111
9230,PONTEBUCO BIVIO,44.46313301,11.40378498,111,0.08865814696485623,0.48517628205128205,0.0,111
9233,BELLARIA VECCHIA,44.46250437,11.40464699,111,0.08865814696485623,0.48517628205128205,0.0,111
9234,SAN LAZZARO GIOVANNI XXIII,44.46444901,11.41128505,227,0.18130990415335463,0.5358407079646018,0.000727831345253095,132
9235,SAN LAZZARO GIOVANNI XXIII,44.46439395,11.41122778,227,0.18130990415335463,0.5358407079646018,0.000727831345253095,132
9236,CICOGNA FANTINI,44.46091593,11.41924192,227,0.18130990415335463,0.5358407079646018,0.000727831345253095,132
9237,CICOGNA FANTINI,44.46123034,11.41980487,227,0.18130990415335463,0.5358407079646018,0.000727831345253095,132
9238,SAN CAMILLO,44.44887437,11.41639794,227,0.18130990415335463,0.5358407079646018,0.000727831345253095,132
9241,CICOGNA DONINI,44.46142809,11.42215429,227,0.18130990415335463,0.5358407079646018,0.000727831345253095,132
9242,CICOGNA DONINI,44.46167548,11.4218974,227,0.18130990415335463,0.5358407079646018,0.000727831345253095,132
9243,CICOGNA VIGANO`,44.45902358,11.42251048,227,0.18130990415335463,0.5358407079646018,0.000727831345253095,132
9244,CICOGNA VIGANO`,44.45915198,11.42295575,227,0.18130990415335463,0.5358407079646018,0.000727831345253095,132
9245,PIO LA TORRE,44.45762306,11.42381162,227,0.18130990415335463,0.5358407079646018,0.000727831345253095,132
9246,PIO LA TORRE,44.45792055,11.42358041,227,0.18130990415335463,0.5358407079646018,0.000727831345253095,132
9249,ROTONDA PULCE,44.45080659,11.41016954,227,0.18130990415335463,0.5358407079646018,0.000727831345253095,132
9250,MURA SAN CARLO,44.44975538,11.41619269,227,0.18130990415335463,0.5358407079646018,0.000727831345253095,132
9261,PO,44.47600823,11.37681829,234,0.18690095846645366,0.5457413249211357,0.0009821720389010776,136
9262,TORINO,44.4727878,11.37783103,136,0.10862619808306709,0.5199656504937742,0.0,136
9263,TORINO,44.472299,11.37741827,136,0.10862619808306709,0.5199656504937742,0.0,136
9264,ARMI,44.46919104,11.37705788,136,0.10862619808306709,0.5199656504937742,0.0,136
9265,ARMI,44.4692239,11.37680384,136,0.10862619808306709,0.5199656504937742,0.0,136
9266,MARCELLO,44.46698314,11.37649129,136,0.10862619808306709,0.5199656504937742,0.0,136
9269,MARCELLO,44.46612166,11.37616858,232,0.1853035143769968,0.546726862302483,0.0036580979366628323,136
9270,CORTICELLI,44.46322196,11.375615,136,0.10862619808306709,0.5199656504937742,0.0,136
9271,CORTICELLI,44.46273367,11.37528563,136,0.10862619808306709,0.5199656504937742,0.0,136
9272,CORELLI,44.45874585,11.37356176,136,0.10862619808306709,0.5199656504937742,0.0,136
9273,CORELLI,44.45853721,11.37337415,136,0.10862619808306709,0.5199656504937742,0.0,136
9274,ROTONDA CORELLI,44.45566455,11.37198264,136,0.10862619808306709,0.5199656504937742,0.0,136
9301,STERLINO,44.48059477,11.36178481,38,0.03035143769968051,0.43342877594846096,0.0,38
9302,STERLINO,44.48056099,11.36186754,38,0.03035143769968051,0.43342877594846096,0.0,38
9303,CARUSO,44.47889538,11.36078573,38,0.03035143769968051,0.43342877594846096,0.0,38
9304,CARUSO,44.47859076,11.36076871,38,0.03035143769968051,0.43342877594846096,0.0,38
9305,VILLA GETSEMANI,44.47224941,11.36042176,38,0.03035143769968051,0.43342877594846096,0.0,38
9306,SIEPELUNGA,44.47719499,11.35961345,74,0.05910543130990415,0.4537279880104908,0.0002907894272299041,41
9309,VILLA MAGLI,44.46941145,11.36120545,38,0.03035143769968051,0.43342877594846096,0.0,38
9310,VILLA GETSEMANI,44.47247721,11.36047968,38,0.03035143769968051,0.43342877594846096,0.0,38
9311,VILLA BELCOLLE,44.46501561,11.3598598,38,0.03035143769968051,0.43342877594846096,0.0,38
9312,VILLA MAGLI,44.46947712,11.36118609,38,0.03035143769968051,0.43342877594846096,0.0,38
9313,SCUOLE MERLANI,44.46255502,11.35822935,38,0.03035143769968051,0.43342877594846096,0.0,38
9314,VILLA BELCOLLE,44.46506577,11.36001896,38,0.03035143769968051,0.43342877594846096,0.0,38
9318,SCUOLE MERLANI,44.46263966,11.35840797,38,0.03035143769968051,0.43342877594846096,0.0,38
9320,MONTE DONATO,44.46188649,11.35668061,38,0.03035143769968051,0.43342877594846096,0.0,38
9322,SCUOLE MERLANI,44.46240766,11.35835921,38,0.03035143769968051,0.43342877594846096,0.0,38
9323,BORGO GESSAIOLI,44.46119601,11.36008894,38,0.03035143769968051,0.43342877594846096,0.0,38
9324,BORGO GESSAIOLI,44.46085762,11.3604766,38,0.03035143769968051,0.43342877594846096,0.0,38
9325,PICCHIO,44.45971219,11.36665635,38,0.03035143769968051,0.43342877594846096,0.0,38
9326,PICCHIO,44.45937728,11.36669158,38,0.03035143769968051,0.43342877594846096,0.0,38
9328,ANGELO CUSTODE NOVARO,44.45874066,11.36876898,38,0.03035143769968051,0.43342877594846096,0.0,38
9330,BUON PASTORE,44.45933478,11.36994209,38,0.03035143769968051,0.43342877594846096,0.0,38
9350,ALBORNOZ,44.46585973,11.37747969,103,0.08226837060702875,0.4682907965970611,0.0009524965931361124,67
9352,PONCHIELLI,44.46704883,11.37317397,41,0.03274760383386581,0.40746971736204574,0.0,41
9354,FOSCHERARA,44.46906243,11.37385541,41,0.03274760383386581,0.40746971736204574,0.0,41
9358,VILLA MAZZACORATI,44.47015779,11.37164309,41,0.03274760383386581,0.40746971736204574,0.0,41
9360,PONCHIELLI,44.46644875,11.37258891,66,0.052715654952076675,0.42625835973248855,0.0,66
9401,VILLA MAZZACORATI,44.46917184,11.37173201,103,0.08226837060702875,0.4682907965970611,0.0009524965931361124,67
9403,FOSCHERARA,44.46832514,11.37386559,103,0.08226837060702875,0.4682907965970611,0.0009524965931361124,67
9405,BENEDETTO MARCELLO,44.46745025,11.37721583,103,0.08226837060702875,0.4682907965970611,0.0009524965931361124,67
9450,CAVAZZONI,44.47088499,11.37814976,136,0.10862619808306709,0.5199656504937742,0.0,136
9451,CAVAZZONI,44.4707594,11.37791207,136,0.10862619808306709,0.5199656504937742,0.0,136
9452,CHERUBINI,44.47048515,11.38140471,136,0.10862619808306709,0.5199656504937742,0.0,136
9453,CHERUBINI,44.47047091,11.3806042,136,0.10862619808306709,0.5199656504937742,0.0,136
9454,GUBELLINI,44.46879231,11.38131384,198,0.15814696485623003,0.5344218887908209,0.0011332280829541835,136
9455,GUBELLINI,44.46947719,11.38171258,198,0.15814696485623003,0.5344218887908209,0.0011332280829541835,136
9458,BATTAGLIA,44.46663556,11.37945506,198,0.15814696485623003,0.5344218887908209,0.0011332280829541835,136
9459,BATTAGLIA,44.4666131,11.3792098,198,0.15814696485623003,0.5344218887908209,0.0011332280829541835,136
9460,ABBA,44.46490304,11.3788378,136,0.10862619808306709,0.5199656504937742,0.0,136
9461,ALBORNOZ,44.4651451,11.37732022,174,0.1389776357827476,0.5325417766051012,0.0016883772779808365,136
9462,STADIO FALCHI,44.46349648,11.37894092,174,0.1389776357827476,0.5325417766051012,0.0016883772779808365,136
9463,STADIO FALCHI,44.46376192,11.37856988,174,0.1389776357827476,0.5325417766051012,0.0016883772779808365,136
9464,ALBORNOZ,44.46577015,11.37851161,66,0.052715654952076675,0.42625835973248855,0.0,66
9466,ALBERTO MARIO,44.46071206,11.37941704,136,0.10862619808306709,0.5199656504937742,0.0,136
9467,ALBERTO MARIO,44.46058521,11.37913219,136,0.10862619808306709,0.5199656504937742,0.0,136
9468,PONTICELLA,44.45950526,11.378602,136,0.10862619808306709,0.5199656504937742,0.0,136
9469,PONTICELLA,44.45934,11.37856701,136,0.10862619808306709,0.5199656504937742,0.0,136
9470,PONTICELLA EDERA,44.4581395,11.37774598,136,0.10862619808306709,0.5199656504937742,0.0,136
9471,PONTICELLA BRIZZI,44.45762772,11.37676127,136,0.10862619808306709,0.5199656504937742,0.0,136
9499,TOSCANA PAVESE 2,44.44814398,11.35913131,95,0.07587859424920128,0.4728621632174932,0.0,95
9500,TOSCANA PAVESE 2,44.44866412,11.35990947,95,0.07587859424920128,0.4728621632174932,0.0,95
9501,TOSCANA PAVESE 1,44.45032699,11.36150505,95,0.07587859424920128,0.4728621632174932,0.0,95
9502,TOSCANA PAVESE 1,44.45018385,11.36147841,95,0.07587859424920128,0.4728621632174932,0.0,95
9503,RASTIGNANO PALEOTTO,44.4457976,11.35823567,95,0.07587859424920128,0.4728621632174932,0.0,95
9504,RASTIGNANO PALEOTTO,44.44567052,11.35839548,95,0.07587859424920128,0.4728621632174932,0.0,95
9505,RASTIGNANO STAZIONE,44.44361681,11.35593448,95,0.07587859424920128,0.4728621632174932,0.0,95
9506,RASTIGNANO STAZIONE,44.44373335,11.35637439,95,0.07587859424920128,0.4728621632174932,0.0,95
9507,RASTIGNANO,44.44114183,11.3539913,95,0.07587859424920128,0.4728621632174932,0.0,95
9508,RASTIGNANO,44.44037439,11.35423974,95,0.07587859424920128,0.4728621632174932,0.0,95
9509,RIOLO,44.43488995,11.35471047,95,0.07587859424920128,0.4728621632174932,0.0,95
951,CARTOLERIA,44.4898128,11.34924476,25,0.019968051118210862,0.483047467092142,0.0,25
9510,RIOLO,44.4356272,11.35497569,95,0.07587859424920128,0.4728621632174932,0.0,95
9511,CARTERIA DI SESTO,44.43023896,11.35214437,95,0.07587859424920128,0.4728621632174932,0.0,95
9512,CARTERIA DI SESTO,44.43064241,11.3524982,95,0.07587859424920128,0.4728621632174932,0.0,95
9513,CARTERIA CHIESA,44.42828496,11.35262895,95,0.07587859424920128,0.4728621632174932,0.0,95
9514,CARTERIA CHIESA,44.42811145,11.35269345,95,0.07587859424920128,0.4728621632174932,0.0,95
9516,CARTERIA SCUOLE,44.4263134,11.35114215,95,0.07587859424920128,0.4728621632174932,0.0,95
9517,CARTERIA SCUOLE,44.42648449,11.35139698,95,0.07587859424920128,0.4728621632174932,0.0,95
9518,CARTERIA SCUOLE,44.42628943,11.3513334,95,0.07587859424920128,0.4728621632174932,0.0,95
9519,RASTIGNANO,44.44067323,11.35410065,95,0.07587859424920128,0.4728621632174932,0.0,95
952,GARGANELLI,44.48942395,11.34968426,25,0.019968051118210862,0.483047467092142,0.0,25
953,CESTELLO,44.48791662,11.34787798,25,0.019968051118210862,0.483047467092142,0.0,25
954,RIALTO,44.48750845,11.34870969,25,0.019968051118210862,0.483047467092142,0.0,25
99010,VILLA SPADA,44.48874504,11.31613943,25,0.019968051118210862,0.3462968258507292,0.0,25
99013,CASAGLIA 31,44.48468919,11.31428903,25,0.019968051118210862,0.3462968258507292,0.0,25
