Station_ID,Station_Name,Latitude,Longitude,Degree,Degree Centrality,Closeness Centrality,Betweenness Centrality,Coreness
1,STAZIONE CENTRALE,44.50576575,11.34317589,2,0.001597444089456869,0.0006778292850645642,0.0,2
10,PORTA GALLIERA,44.50444281,11.3463873,8,0.006389776357827476,0.0007093877203046004,0.06670191003746524,2
100,PIAZZA MAGGIORE,44.4943692,11.3436723,2,0.001597444089456869,0.0007039299465831103,0.003968710016012749,2
10001,IDICE,44.45985295,11.43665318,3,0.0023961661341853034,0.00033506836200590794,0.011557527141226317,2
10002,IDICE,44.46003544,11.436539,3,0.0023961661341853034,0.00033494876711064124,0.012031269553047659,2
10003,IDICE TRE PONTI,44.45657296,11.44419111,2,0.001597444089456869,0.0003217984529505222,0.0006014357842799243,2
10005,IDICE TRE PONTI,44.45650543,11.44466436,2,0.001597444089456869,0.0003151335367561345,0.009232230828755525,1
10006,IDICE TRE PONTI,44.45681162,11.4442922,2,0.001597444089456869,0.0003156386111248997,0.009232230828755525,1
10009,MARESCOTTA,44.45412812,11.4516194,2,0.001597444089456869,0.00030019262136670854,0.007699910359252534,1
10010,MARESCOTTA,44.45459228,11.45070402,2,0.001597444089456869,0.00030170447583497995,0.007699910359252534,1
10013,CAMPANA,44.45203565,11.45708549,2,0.001597444089456869,0.0002890661635146433,0.00616503602230037,1
10014,CAMPANA,44.45194994,11.45793026,2,0.001597444089456869,0.00028728935041813676,0.00616503602230037,1
10017,OLMATELLO,44.4483912,11.46692389,2,0.001597444089456869,0.0002713680628167718,0.0046276078178990356,1
10018,OLMATELLO,44.44853072,11.46697689,2,0.001597444089456869,0.0002710356319591819,0.0046276078178990356,1
1002,PORTA MAGGIORE,44.48988493,11.3581904,4,0.003194888178913738,0.0007011262831862899,0.046744712855913355,2
10021,OZZANO,44.44511505,11.47556707,2,0.001597444089456869,0.0002573903820459212,0.0030876257460485286,1
10022,OZZANO,44.44494148,11.4763059,2,0.001597444089456869,0.00025602602713428984,0.0030876257460485286,1
10025,OZZANO PIAVE,44.44142188,11.48524403,2,0.001597444089456869,0.00024334940066737638,0.0015450898067488502,1
10026,OZZANO PIAVE,44.44138113,11.48582349,2,0.001597444089456869,0.00024239663088263116,0.0015450898067488502,1
10029,TOLARA BIVIO,44.43938928,11.49070244,1,0.0007987220447284345,0.00023598859490097624,0.0,1
1003,PORTA MAGGIORE,44.48966894,11.35829567,3,0.0023961661341853034,0.0007093685028499213,0.057834882253941254,2
10030,TOLARA BIVIO,44.43935824,11.4910938,1,0.0007987220447284345,0.00023528350918398426,0.0,1
1004,ALBERTONI,44.48783117,11.36336834,2,0.001597444089456869,0.0006522944114731623,0.0,2
1005,ALBERTONI,44.48791017,11.36291271,2,0.001597444089456869,0.0006898815398708095,0.0565515638607325,2
1006,ALEMANNI - AGEOP RICERCA,44.48656268,11.36676841,3,0.0023961661341853034,0.0006275487441009478,0.042834741791231555,2
1008,ALBERTONI,44.48854535,11.36159918,2,0.001597444089456869,0.0006675638203965228,0.04385884263834938,2
1009,ALEMANNI - AGEOP RICERCA,44.48711477,11.36507885,3,0.0023961661341853034,0.0006867342652229153,0.07783038744723071,2
1010,LAURA BASSI,44.48517234,11.37050999,2,0.001597444089456869,0.000602580698578493,0.04180553320921537,2
1011,LAURA BASSI,44.48551226,11.36939589,2,0.001597444089456869,0.0006479319486462195,0.06633159925733535,2
1012,FERMI,44.48393846,11.37375786,2,0.001597444089456869,0.0005846620466200768,0.040946156812569114,2
1013,FERMI,44.48439907,11.37225258,2,0.001597444089456869,0.0006246260893375946,0.0652359901216407,2
1018,MAZZINI STAZIONE,44.48301643,11.37596748,2,0.001597444089456869,0.0005738344307569762,0.04016850417429635,2
1019,MAZZINI STAZIONE,44.48274896,11.3765445,2,0.001597444089456869,0.0006002881767727332,0.06428339756309968,2
1020,PONTEVECCHIO,44.4818874,11.37906298,2,0.001597444089456869,0.0005615079195306465,0.039464913692049554,2
1021,PONTEVECCHIO,44.48143292,11.38045916,3,0.0023961661341853034,0.0005815849076061802,0.06914340731887333,2
1022,VILLA PARADISO,44.48107787,11.38159216,3,0.0023961661341853034,0.000553460283950145,0.044072090570355216,2
1025,VILLA LAURA,44.47933254,11.38525491,2,0.001597444089456869,0.0005458936568735885,0.04414870659383037,2
1026,VILLA LAURA,44.47921225,11.38597617,2,0.001597444089456869,0.0005237588054348037,0.033395647699093124,2
1027,ARNO,44.47716644,11.39119186,2,0.001597444089456869,0.0005057044282369503,0.041379037345203706,2
1028,ARNO,44.47782387,11.38980964,2,0.001597444089456869,0.0005003168849666575,0.03201400540909126,2
1031,EMILIA CALABRIA,44.47836855,11.38795363,2,0.001597444089456869,0.0005264399652969122,0.04275557190030723,2
1033,VILLAGGIO DUE MADONNE,44.47559917,11.39517569,2,0.001597444089456869,0.00048290816971334195,0.04002037986224439,2
1034,VILLAGGIO DUE MADONNE,44.47571733,11.39530941,2,0.001597444089456869,0.00047143854009020457,0.030647686323784423,2
1035,PARCO DEI CEDRI,44.47357286,11.40050195,2,0.001597444089456869,0.0004582355177768352,0.038685984120052204,2
1036,PARCO DEI CEDRI,44.47404506,11.39942556,2,0.001597444089456869,0.0004519883277404979,0.029300521244346376,2
1037,SAN LAZZARO FIUME SAVENA,44.47264177,11.40307018,2,0.001597444089456869,0.00044568758962596774,0.037383511720974656,2
1038,SAN LAZZARO FIUME SAVENA,44.47256732,11.4033563,2,0.001597444089456869,0.0004343028875634012,0.02799932577899342,2
1041,SAN LAZZARO VILLA RODRIGUEZ,44.47151424,11.40607324,2,0.001597444089456869,0.00043400534411126184,0.03610274719521508,2
1042,SAN LAZZARO VILLA RODRIGUEZ,44.4717488,11.40558676,2,0.001597444089456869,0.0004259639965561175,0.02674793072889931,2
1043,SAN LAZZARO MUNICIPIO,44.47072213,11.40808772,4,0.003194888178913738,0.0004262853312796254,0.036129562803431374,2
1044,SAN LAZZARO MUNICIPIO,44.47060884,11.40852666,3,0.0023961661341853034,0.00041677680474086525,0.02653723666434265,2
1045,SAN LAZZARO JUSSI,44.46882273,11.4129825,2,0.001597444089456869,0.00041064096380037776,0.01330054167528597,2
105,RIZZOLI,44.49445532,11.34491628,3,0.0023961661341853034,0.000733610352567782,0.060766722085590315,2
1050,SAN LAZZARO MODENA,44.465452,11.40748425,2,0.001597444089456869,0.0004004429201220571,0.006311883400627741,2
1052,SAN LAZZARO MARZABOTTO,44.46354554,11.40765176,2,0.001597444089456869,0.0004099452265185452,0.012913630756736464,2
1053,SAN LAZZARO DI VITTORIO,44.46697213,11.41253065,3,0.0023961661341853034,0.00040588220059205863,0.01420588768601732,2
1054,SAN LAZZARO PERTINI,44.45868499,11.40884397,2,0.001597444089456869,0.00037267905550433697,0.001259056652441625,2
1060,SAN LAZZARO DI VITTORIO,44.46806146,11.4136473,3,0.0023961661341853034,0.00040487038235847186,0.014862231620454436,2
1061,SAN LAZZARO KENNEDY,44.46437648,11.41024337,2,0.001597444089456869,0.0003926102426120564,0.004577807402640188,2
1062,SAN LAZZARO KENNEDY,44.46432575,11.4103535,2,0.001597444089456869,0.0003862421908790541,0.0038269703725837224,2
1063,SAN LAZZARO PISCINA KENNEDY,44.46257171,11.40926055,2,0.001597444089456869,0.00038461559494775587,0.003157857100900749,2
1064,SAN LAZZARO PISCINA KENNEDY,44.46263244,11.40936864,2,0.001597444089456869,0.00037902057426850703,0.002450435817480201,2
1065,SAN LAZZARO KENNEDY - SCORNETTA,44.46038859,11.40918831,2,0.001597444089456869,0.00037664373993078853,0.0019000773821837098,2
1066,SAN LAZZARO KENNEDY - SCORNETTA ,44.46045921,11.40922642,2,0.001597444089456869,0.00037344122858368455,0.0014978432589391746,2
108,PIAZZA MAGGIORE,44.49358847,11.34368217,2,0.001597444089456869,0.0006706256546508835,0.0010445317867112062,2
109,RIZZOLI,44.49430039,11.34599708,5,0.003993610223642172,0.0007420401798922707,0.04496466724384071,2
11,PORTA GALLIERA,44.50449161,11.34724311,4,0.003194888178913738,0.0006879238080408147,0.009264154171870171,2
1101,BITONE,44.4782025,11.38478055,3,0.0023961661341853034,0.0005595219586283502,0.03034632996478217,2
1102,BITONE,44.47979967,11.38374065,3,0.0023961661341853034,0.000545865970617464,0.015180188117876307,2
1103,SARDEGNA,44.47613179,11.38351974,3,0.0023961661341853034,0.0005507698671696698,0.029369475665474012,2
1104,LOMBARDIA,44.47725295,11.38482358,2,0.001597444089456869,0.0005383410455717168,0.011913791650385763,2
1105,CALABRIA,44.47446643,11.38248926,3,0.0023961661341853034,0.0005396085674364932,0.032339623508860646,2
1106,SARDEGNA,44.47574208,11.38399423,3,0.0023961661341853034,0.0005412597719789403,0.024610343673942634,2
1109,MILANO,44.47315115,11.3813733,2,0.001597444089456869,0.0005309586313429695,0.016995987874237353,2
111,STRADA MAGGIORE,44.49270369,11.35025937,3,0.0023961661341853034,0.0007224173877726644,0.06844109377035114,2
1110,CALABRIA,44.47458146,11.38288216,3,0.0023961661341853034,0.0005331052931915621,0.025311380288740255,2
1111,CHIESA SAN LORENZO,44.47183158,11.3833702,2,0.001597444089456869,0.0005219258608865805,0.016203012031269552,2
1112,CHIESA SAN LORENZO,44.4726061,11.38166152,2,0.001597444089456869,0.0005227558298223786,0.011148908349358852,2
1114,MAZZONI,44.4715351,11.3856349,2,0.001597444089456869,0.000511107193724986,0.011139969813286752,2
1117,MAZZONI,44.47148021,11.38529949,2,0.001597444089456869,0.0005166619276377194,0.01564116119245179,2
1118,FIRENZE,44.46996536,11.38563064,4,0.003194888178913738,0.000519603019220471,0.018830941636467185,2
1119,FIRENZE,44.47076787,11.38575764,4,0.003194888178913738,0.0005152880329303002,0.0278026779854072,2
112,PIAZZA GALVANI,44.49214571,11.3432716,2,0.001597444089456869,0.0007011767872168974,0.0039431713415210325,2
1120,LONGO CAVAZZONI,44.46820727,11.38521562,2,0.001597444089456869,0.0005061878202869647,0.00540015272127346,2
1121,LONGO CAVAZZONI,44.46839077,11.38505023,2,0.001597444089456869,0.0005001614030817007,0.0035575373566961127,2
1122,PIAZZALE ATLETI AZZURRI,44.46423946,11.38201422,4,0.003194888178913738,0.0005097748893116861,0.009671496030013051,2
1124,LONGO,44.46617303,11.38457959,2,0.001597444089456869,0.0004979672756956002,0.0050323958085927425,2
1125,LONGO,44.46603437,11.38407893,2,0.001597444089456869,0.0005010125582950816,0.0035537065555223553,2
1128,BELLARIA LOMBARDIA,44.47678565,11.38618372,2,0.001597444089456869,0.0005168454491656206,0.0026368681412697317,2
113,GARGANELLI,44.49055523,11.35073426,2,0.001597444089456869,0.0006656089407926806,0.0025206671723324216,2
1131,BELLARIA LOMBARDIA,44.47590469,11.38734889,2,0.001597444089456869,0.0005327687002016779,0.004239419965624944,2
1133,CENTRO CIVICO MAZZINI,44.47433947,11.39023157,2,0.001597444089456869,0.0005109282168213948,0.002797761790567546,2
1134,CENTRO CIVICO MAZZINI,44.47462755,11.38993607,2,0.001597444089456869,0.0004936228396628374,0.0014033501633198234,2
1135,GENOVA,44.47276477,11.3943501,2,0.001597444089456869,0.00048794585479777796,0.0016063826255289697,2
1136,GENOVA,44.47295165,11.39447981,2,0.001597444089456869,0.00048631957959404884,0.0010100545761473887,2
114,PIAZZA GALVANI,44.49205677,11.34335528,2,0.001597444089456869,0.0006797105507846663,0.0016536291733386453,2
1141,ADIGE,44.47738475,11.37991019,2,0.001597444089456869,0.0005474920331783815,0.009663834427665536,2
1142,ADIGE,44.47747247,11.3795892,2,0.001597444089456869,0.0005639091796146078,0.018017534853906014,2
1143,VENEZIA GIULIA,44.47829118,11.38177267,2,0.001597444089456869,0.0005411648483829818,0.00923095389503094,2
1144,VENEZIA GIULIA,44.47834279,11.38188794,2,0.001597444089456869,0.000549895775343626,0.016967895332296465,2
1151,FAENZA,44.47323192,11.38776918,2,0.001597444089456869,0.0005042261741324764,0.00993199050982856,2
1152,CENTRO GALLIA,44.46959578,11.38427977,2,0.001597444089456869,0.0005137416999750326,0.01669080071406134,2
1153,ARNO,44.47644313,11.39013046,2,0.001597444089456869,0.0005015045346980704,0.009734065782517756,2
1154,FAENZA,44.47307458,11.38749008,2,0.001597444089456869,0.0005015786251989962,0.01791410322221456,2
1156,ARNO,44.47684266,11.39012871,2,0.001597444089456869,0.0005014633956592036,0.017871964409303227,2
117,TORLEONE,44.49089016,11.35504035,3,0.0023961661341853034,0.0007211850083324083,0.07012153855190607,2
12,BORGO,44.50276435,11.35117478,3,0.0023961661341853034,0.0007027282189118161,0.04442580121206549,2
1201,OSPEDALE MALPIGHI,44.48856617,11.36639517,4,0.003194888178913738,0.0006852081015399983,0.04641781782241938,2
1202,OSPEDALE MALPIGHI,44.4892827,11.36676293,2,0.001597444089456869,0.0006482255343539248,0.0183699685618917,2
1203,PIZZARDI,44.48980543,11.36857938,3,0.0023961661341853034,0.0006675537861609467,0.02401784642573481,2
1204,MENGOLI,44.4883403,11.37001428,2,0.001597444089456869,0.0006203598556957996,0.01716198925843351,2
1205,MENGOLI,44.48867202,11.3722207,2,0.001597444089456869,0.0006327040919932566,0.01870963293263153,2
1206,AZZURRA,44.48650964,11.37319804,4,0.003194888178913738,0.0006012890222597582,0.01929446857849184,2
1209,AZZURRA,44.48639962,11.3730238,4,0.003194888178913738,0.0006124228006521493,0.020768050096663885,2
1210,FOSSOLO,44.48605978,11.37718754,2,0.001597444089456869,0.0005756700668516654,0.0113698178837122,2
1211,FOSSOLO,44.48604793,11.37699998,2,0.001597444089456869,0.0005832537759411817,0.012517781302114858,2
1212,FELSINA,44.48389232,11.38097107,2,0.001597444089456869,0.0005551610107130899,0.010465748806705434,2
1213,FELSINA,44.48382161,11.38085502,2,0.001597444089456869,0.0005578107199292651,0.011456649376984035,2
1214,ALLENDE,44.48287523,11.38522015,4,0.003194888178913738,0.0005404141426779916,0.011546034737705043,2
1217,ALLENDE,44.48271796,11.38596117,4,0.003194888178913738,0.0005393666348854146,0.012335179779499085,2
1218,LINCOLN,44.48214269,11.38988891,2,0.001597444089456869,0.000527840911242836,0.008214514650260622,2
1219,LINCOLN,44.48203407,11.38996706,2,0.001597444089456869,0.000527502058673559,0.008489055401046575,2
1251,MENGOLI,44.48951586,11.37160488,2,0.001597444089456869,0.0006003608316422965,0.014862231620454436,2
1252,MENGOLI,44.48914569,11.37157495,2,0.001597444089456869,0.000596649314815989,0.007487939360971287,2
1253,AGNESI,44.48774995,11.37042659,2,0.001597444089456869,0.0006001273883141394,0.014849462283208577,2
1254,AGNESI,44.48617901,11.36958558,2,0.001597444089456869,0.0006030536878161398,0.00787229641207162,2
1263,POMPONAZZI,44.48067855,11.390118,2,0.001597444089456869,0.0005094499795619319,0.0012169178395302928,2
1264,POMPONAZZI,44.48080023,11.39011119,2,0.001597444089456869,0.0005077032558821232,0.0007636063673023243,2
1266,BOMBICCI,44.47920469,11.39432897,2,0.001597444089456869,0.0004901254921776757,0.0003077410276251842,2
13,BORGO,44.50300565,11.35126076,3,0.0023961661341853034,0.0006858014230440006,0.010597272980337774,2
1301,DANTE,44.48741149,11.35870613,2,0.001597444089456869,0.0006430414000172683,0.0073934462653519354,2
1302,DANTE,44.48766732,11.35969502,2,0.001597444089456869,0.0006799129241483379,0.0057615249653312495,2
1303,PIAZZA TRENTO TRIESTE,44.48674516,11.36230943,2,0.001597444089456869,0.0006386944772868999,0.007203183140388648,2
1304,PIAZZA TRENTO TRIESTE,44.48662986,11.3614869,2,0.001597444089456869,0.000671477543943981,0.005255859210395262,2
1305,SAVIOLI,44.48582584,11.36462145,2,0.001597444089456869,0.0006396753729108109,0.0072797991638637975,2
1306,SAVIOLI,44.48436977,11.36308471,2,0.001597444089456869,0.0006655001804430839,0.004967272188638865,2
1309,MEZZOFANTI,44.48351186,11.36500706,3,0.0023961661341853034,0.0006457409294120765,0.013246910458853364,2
1310,MEZZOFANTI,44.48345442,11.36552505,3,0.0023961661341853034,0.000668083982774928,0.016925756519385132,2
1311,ALBINI,44.48237401,11.36799951,3,0.0023961661341853034,0.0006357691373203173,0.025304995620117326,2
1312,ALBINI,44.48209545,11.3691129,3,0.0023961661341853034,0.0006461871835066135,0.022297816698717703,2
1313,LARGO LERCARO,44.48009905,11.37006552,3,0.0023961661341853034,0.0006233583123343461,0.029190704944031996,2
1314,LARGO LERCARO,44.47970576,11.36992936,4,0.003194888178913738,0.0006297688806109104,0.019931658507060166,2
1351,ALEMANNI - AGEOP RICERCA,44.4860583,11.36585671,2,0.001597444089456869,0.0006403108521026778,0.007135505652985599,2
1352,ALEMANNI - AGEOP RICERCA,44.48628328,11.3662132,2,0.001597444089456869,0.0006681704385295269,0.013337572753298959,2
1353,LAURA BASSI,44.48524054,11.36874273,2,0.001597444089456869,0.0006089525812496216,0.01539598991733131,2
1354,LAURA BASSI,44.48310451,11.36750327,2,0.001597444089456869,0.0006268424619329372,0.008818504301989718,2
14,PORTA MASCARELLA,44.5017753,11.35373575,2,0.001597444089456869,0.0006852142761750803,1.2769337245858266e-06,2
1400,FERMATA SERVIZIO DUE MADONNE,44.48480216,11.39455505,1,0.0007987220447284345,0.000492222417767397,0.0,1
1401,MONDOLFO,44.48150054,11.39337072,3,0.0023961661341853034,0.0005203440299502386,0.015060156347765238,2
1402,MONDOLFO,44.48133394,11.39305111,3,0.0023961661341853034,0.0005206698137613312,0.022512341564448122,2
1403,DEPOSITO DUE MADONNE 1,44.4831604,11.39438962,2,0.001597444089456869,0.0005083290285693221,0.010857767460153283,2
1404,DEPOSITO DUE MADONNE 1,44.48320394,11.39424522,2,0.001597444089456869,0.0005074317262119613,0.017634454736530265,2
1405,DEPOSITO DUE MADONNE 2,44.4851561,11.39567526,3,0.0023961661341853034,0.0005003788850895377,0.010251223940975015,2
1406,DEPOSITO DUE MADONNE 2,44.4852113,11.39548904,5,0.003993610223642172,0.000500065709212957,0.022683450683542623,2
1407,CANOVA,44.48800003,11.3970888,3,0.0023961661341853034,0.00048160921351123525,0.007157213526303558,2
1408,CANOVA,44.4880386,11.39699371,2,0.001597444089456869,0.0004817315838356113,0.01433485799220049,2
1412,FIORAVANTI PIAZZA LIBER PARADISUS,44.50871348,11.34035332,3,0.0023961661341853034,0.0006280289369352517,0.008822335103163475,2
15,STAZIONE CENTRALE - MATTEOTTI,44.50499342,11.34426605,3,0.0023961661341853034,0.0006811427078286203,0.00516775078339884,2
1501,SAN LAZZARO POGGI,44.46818616,11.41473041,2,0.001597444089456869,0.0004005744647453111,0.015577314506222498,2
1502,SAN LAZZARO JUSSI,44.46908404,11.41283848,3,0.0023961661341853034,0.00040773973394534255,0.025832369248371272,2
1503,CICOGNA FONDAZIONE CIRULLI,44.46378111,11.42644798,2,0.001597444089456869,0.0003626554870825544,0.014082025114732496,2
1504,CICOGNA FONDAZIONE CIRULLI,44.46509918,11.42307834,2,0.001597444089456869,0.0003727247357023089,0.014813708138920174,2
1505,SAN LAZZARO CIMITERO,44.46219254,11.43031753,2,0.001597444089456869,0.00035117319615371673,0.012598228126763766,2
1506,SAN LAZZARO CIMITERO,44.46247875,11.43011493,2,0.001597444089456869,0.00035194631071200436,0.013318418747430172,2
16,STAZIONE CENTRALE,44.50500553,11.34337106,3,0.0023961661341853034,0.0006994387927774626,0.012068300631060647,2
1602,CASELLE GRAMSCI,44.47130518,11.4105334,2,0.001597444089456869,0.00040865614504532143,0.0037426927467610577,2
1603,CASELLE GRAMSCI,44.47120695,11.41078866,2,0.001597444089456869,0.0004160416701232045,0.004367113338083527,2
1604,CASELLE SPERANZA,44.47362928,11.41352801,2,0.001597444089456869,0.00039489153190597524,0.002363604324208365,2
1605,CASELLE SPERANZA,44.47358781,11.41370625,2,0.001597444089456869,0.0004013760606723014,0.002922901295576957,2
1606,CASELLE CA` RICCHI,44.47611226,11.41584493,2,0.001597444089456869,0.000384915122018623,0.0012616105198907967,2
1607,CASELLE CA` RICCHI,44.47601614,11.41602643,2,0.001597444089456869,0.00038913764672827663,0.0015655207463422234,2
1608,SAN LAZZARO STAZIONE,44.47842609,11.4158108,2,0.001597444089456869,0.0003823552323743442,0.0008695918664429478,2
17,PORTA MASCARELLA,44.5017886,11.35450991,2,0.001597444089456869,0.0006813992980977034,0.008953859276795815,2
18,PORTA SAN DONATO,44.4975665,11.35652223,3,0.0023961661341853034,0.0006989644579356627,0.0005478045678473196,2
19,PORTA SAN DONATO,44.49912108,11.35666114,2,0.001597444089456869,0.0006850997306605368,0.009156891739004962,2
2,STAZIONE CENTRALE,44.50514374,11.34255876,3,0.0023961661341853034,0.0006820698926585619,0.03218256066073659,2
20,PORTA SAN VITALE,44.49451777,11.35688755,5,0.003993610223642172,0.0007172075465241017,0.045027236996345414,2
2000,PORTA SAN VITALE (VIA MASSARENTI),44.49390682,11.35810889,3,0.0023961661341853034,0.0007214864975545277,0.05889090644417373,2
2001,PORTA SAN VITALE,44.49372582,11.35837279,2,0.001597444089456869,0.0006942136407817905,0.02431281811611414,2
2002,OSPEDALE SANT`ORSOLA,44.49279834,11.36200243,3,0.0023961661341853034,0.000704649104296807,0.05276417843361094,2
2003,OSPEDALE SANT`ORSOLA,44.49282613,11.36152955,3,0.0023961661341853034,0.0006975585698467157,0.04489954362388683,2
2004,OSPEDALE SANT`ORSOLA ALBERTONI,44.49232116,11.36415193,5,0.003993610223642172,0.0006957756573548568,0.06957628785150793,2
2005,OSPEDALE SANT`ORSOLA ALBERTONI,44.49217793,11.36424833,3,0.0023961661341853034,0.0006865728802933507,0.04846474258293046,2
2006,MASSARENTI,44.49267403,11.36698835,2,0.001597444089456869,0.0006662977007731851,0.01844913845281602,2
2008,RIMESSE STAZIONE,44.49341153,11.37342856,2,0.001597444089456869,0.0006111581138077511,0.015725438818274453,2
2009,MASSARENTI,44.49269931,11.36833027,2,0.001597444089456869,0.0006487556494966576,0.03343523264455528,2
201,PIAZZA ALDROVANDI,44.49284909,11.35166835,2,0.001597444089456869,0.0006774254488508937,0.0030748564088026705,2
2010,TRIACHINI,44.49299884,11.37040821,2,0.001597444089456869,0.0006356539656624836,0.017077711632610845,2
2011,RIMESSE STAZIONE,44.49330983,11.37377345,2,0.001597444089456869,0.0006089351728320147,0.032137867980376086,2
2013,PARCO,44.49319694,11.37600842,2,0.001597444089456869,0.0005914355994239383,0.030906903869875345,2
2014,PARCO,44.4932466,11.37681224,2,0.001597444089456869,0.000587092838415539,0.01443573575644277,2
2017,MASSARENTI SOTTOVIA,44.49355702,11.38162548,2,0.001597444089456869,0.0005595341446684751,0.029742340313053072,2
2018,MASSARENTI SOTTOVIA,44.49369241,11.38128512,2,0.001597444089456869,0.0005604768666974684,0.013244356591404194,2
2019,GIAMBOLOGNA,44.49318452,11.38556038,2,0.001597444089456869,0.0005403157174421139,0.028701639327515623,2
2020,SANTA RITA,44.49350601,11.3831264,2,0.001597444089456869,0.0005483838585554706,0.012121931847493252,2
2021,TANGENZIALE SAN VITALE,44.4933262,11.38960113,3,0.0023961661341853034,0.0005268425037673715,0.027973787104501702,2
2022,GIAMBOLOGNA,44.49328239,11.38588509,2,0.001597444089456869,0.0005341239660983514,0.011082507795680388,2
2025,PIAZZA DEI COLORI,44.49456442,11.39854377,3,0.0023961661341853034,0.0005064193651946461,0.016065103189014284,2
2026,TANGENZIALE SAN VITALE,44.49363923,11.38988748,3,0.0023961661341853034,0.0005210490789533934,0.010278039549191318,2
2028,PIAZZA DEI COLORI,44.49452436,11.39723672,3,0.0023961661341853034,0.0005061680667375539,0.009624249482203374,2
2030,BARELLI,44.4948308,11.39979076,2,0.001597444089456869,0.0004974548033756269,0.008237499457303166,2
21,FILOPANTI,44.49546118,11.35708657,4,0.003194888178913738,0.0007190454641572298,0.06622561375819472,2
2101,PALAGI,44.49131579,11.36596638,3,0.0023961661341853034,0.0006768024419618288,0.018967573544997868,2
2103,OSPEDALE MALPIGHI,44.48777934,11.36618962,2,0.001597444089456869,0.0006458267644792797,0.00745346215040747,2
2105,ZANOLINI - CASA DELLE DONNE,44.4971993,11.35937211,2,0.001597444089456869,0.0006900545318859788,0.021005559769436848,2
2106,ZANOLINI - CASA DELLE DONNE,44.4975101,11.35941609,3,0.0023961661341853034,0.0006987306037849689,0.018096704744830334,2
2111,MASSARENTI,44.49224921,11.36762344,4,0.003194888178913738,0.0006145608098510441,0.017568054182851803,2
2112,PALAGI,44.4917379,11.36655808,3,0.0023961661341853034,0.0005986756690157935,0.00816599116872636,2
2113,ARPA,44.4914655,11.36995147,2,0.001597444089456869,0.0006036735515223329,0.0,2
2114,ARPA,44.49029285,11.37087629,3,0.0023961661341853034,0.0005966774828231754,0.009513156248164407,2
2117,VERMIGLIA,44.49092065,11.37158638,4,0.003194888178913738,0.0006041750998495145,0.01801498098645684,2
2118,ARCOBALENO,44.48855537,11.37350112,2,0.001597444089456869,0.00058921038434631,0.0036609689883875646,2
2119,ARCOBALENO,44.48891024,11.37340155,2,0.001597444089456869,0.0005985446700668408,0.003989140955606122,2
2120,VETULONIA,44.48731258,11.37746898,2,0.001597444089456869,0.0005663382303952133,0.0038180318365116216,2
2121,VETULONIA,44.48707449,11.37752745,2,0.001597444089456869,0.000574832959800454,0.0039789254858094356,2
2122,SPINA,44.48894154,11.37806158,2,0.001597444089456869,0.0005495588472045656,0.0024338356790605856,2
2125,SPINA,44.48917809,11.37834709,2,0.001597444089456869,0.0005529188727242647,0.0025436519793749666,2
2126,ISTITUTO MANFREDI TANARI,44.48924791,11.38632498,2,0.001597444089456869,0.0005161648948608816,0.00043415746635918105,2
2127,ETRURIA,44.48960438,11.38048986,2,0.001597444089456869,0.0005392863542029033,0.0012718259896874833,2
2128,MARX,44.48576087,11.38625505,2,0.001597444089456869,0.0005136723196987647,0.0008057451802136566,2
2129,ISTITUTO MANFREDI TANARI,44.48881017,11.38726685,2,0.001597444089456869,0.0005143661954234936,0.00027198688333678105,2
2130,ETRURIA,44.48963887,11.38031992,2,0.001597444089456869,0.0005361971057181005,0.001324180272395502,2
2133,MARX,44.48574764,11.38606235,2,0.001597444089456869,0.0005123457433477694,0.0006448515309158424,2
22,PORTA MAGGIORE,44.49188037,11.35712682,4,0.003194888178913738,0.0007228727771960161,0.06757660963880653,2
2201,MASIA,44.49779851,11.36402354,2,0.001597444089456869,0.0006407195820735693,0.005416752859693077,2
2202,MASIA,44.49656024,11.36436969,2,0.001597444089456869,0.0006136497632912389,0.003984033220707779,2
2203,CIRENAICA,44.49583114,11.36431032,2,0.001597444089456869,0.0006235546726725276,0.004414359885893202,2
2204,CIRENAICA,44.49470431,11.36465467,2,0.001597444089456869,0.0006037198070812104,0.0033966437073982988,2
2205,BENTIVOGLI,44.49321421,11.36469034,2,0.001597444089456869,0.0006131895949263416,0.0038320781074820654,2
2301,CROCE DEL BIACCO,44.49058182,11.39903002,2,0.001597444089456869,0.0004806231772355679,0.0068507494324029595,2
2302,CROCE DEL BIACCO,44.49049067,11.39884236,2,0.001597444089456869,0.00048793086993010535,0.01461961421278313,2
2303,MARTELLI,44.49263572,11.40041286,2,0.001597444089456869,0.0004883412670539837,0.0074994317644925595,2
2304,MARTELLI,44.49276113,11.40033548,2,0.001597444089456869,0.0004969484119205629,0.015283619749567759,2
2448,LARGA STAZIONE,44.49872449,11.39429361,4,0.003194888178913738,0.00049876847552216,0.024967885116826665,2
2451,LARGA,44.49514563,11.39235138,4,0.003194888178913738,0.0005162074148198345,0.030578731902656787,2
2452,LARGA,44.49498382,11.39201774,4,0.003194888178913738,0.0005139471941783793,0.01996102798272564,2
2453,CARROZZAIO,44.49917004,11.39574637,2,0.001597444089456869,0.0004914378759649273,0.009750665920937372,2
2454,CARROZZAIO,44.49897337,11.39584051,2,0.001597444089456869,0.00048665017723595815,0.009513156248164407,2
2455,CERAMISTA,44.49923631,11.39760128,3,0.0023961661341853034,0.00048091111359987716,0.010552580299977271,2
2456,CERAMISTA,44.49906873,11.39700714,3,0.0023961661341853034,0.00048725147152753844,0.011468141780505309,2
2457,LARGA STAZIONE,44.49817673,11.39412001,4,0.003194888178913738,0.000496156391702831,0.017356083184570555,2
2459,CERODOLO,44.50224546,11.39949993,2,0.001597444089456869,0.0004597423689565569,0.008749549880862083,2
2460,CERODOLO,44.50223632,11.39939971,2,0.001597444089456869,0.0004637817109873528,0.009633188018275476,2
2461,ELETTRICISTA,44.50247377,11.40175391,2,0.001597444089456869,0.000449588992317446,0.007223614079982021,2
2462,ELETTRICISTA,44.50253336,11.4017831,2,0.001597444089456869,0.0004528938764340343,0.008107252217395413,2
2463,FONDITORE,44.50186788,11.40471579,2,0.001597444089456869,0.0004370253056641382,0.005697678279101958,2
2464,FONDITORE,44.50198883,11.40463664,2,0.001597444089456869,0.00044061339162675714,0.00658131641651535,2
2467,FRESATORE,44.50093103,11.40765296,2,0.001597444089456869,0.0004246806412507417,0.004171742478221895,2
2468,FRESATORE,44.50104306,11.40762378,2,0.001597444089456869,0.0004278930285268743,0.0050553806156352875,2
2469,MURATORE,44.50080149,11.41045824,2,0.001597444089456869,0.00041431026247233036,0.0026458066773418325,2
2470,MURATORE,44.50091919,11.41032001,2,0.001597444089456869,0.00041772647602035724,0.0035294448147552247,2
2472,ROTONDA ACQUA FRESCA,44.50358753,11.41318729,2,0.001597444089456869,0.00040177941107280064,0.002003509013875162,2
2476,ROTONDA NEGRONI,44.50186699,11.41863303,2,0.001597444089456869,0.00038360098064893966,0.0004852348153426141,2
2477,ROTONDA ACQUA FRESCA,44.50429244,11.41260627,2,0.001597444089456869,0.0003967293144216833,0.00111987087646177,2
2479,VETRAIO,44.50503017,11.42150395,2,0.001597444089456869,0.00037342004067458307,4.34157466359181e-05,2
2482,INDUSTRIA,44.50474693,11.39492449,3,0.0023961661341853034,0.00047920289743123775,0.007033350955018732,2
2485,INDUSTRIA,44.50488541,11.39476033,2,0.001597444089456869,0.00045708777938959486,0.0015616899451684658,2
2486,CARPENTIERE,44.50430621,11.39125518,2,0.001597444089456869,0.00048061899043888183,0.005711724550072402,2
2487,CARPENTIERE,44.50451676,11.39146428,2,0.001597444089456869,0.00044797999526457105,0.0005605739050931779,2
2488,PILASTRO VECCHIO,44.50755804,11.38834217,2,0.001597444089456869,0.0004934603354508653,0.0063872224903783045,2
2491,INNOCENTI,44.49989703,11.39513071,2,0.001597444089456869,0.0004868069941649692,0.005554661701948346,2
2492,INNOCENTI,44.49993348,11.39502607,2,0.001597444089456869,0.000492377039273138,0.013045154930368804,2
2493,ENZO FERRARI,44.50241025,11.39679821,4,0.003194888178913738,0.0004760419570618643,0.007641171407921586,2
2494,ENZO FERRARI,44.50246172,11.396625,4,0.003194888178913738,0.00048343375747327244,0.015629668788930517,2
2495,SCALO SAN DONATO,44.50790239,11.3966908,3,0.0023961661341853034,0.00046935960448607483,0.006099912402346494,2
2496,SCALO SAN DONATO,44.50766111,11.39655196,2,0.001597444089456869,0.0004704128574325126,0.0077420491721638665,2
2497,PIANETA,44.49677196,11.39128535,3,0.0023961661341853034,0.0005046329133522165,0.008459685925381101,2
2498,SCUOLE SCANDELLARA,44.49667121,11.38478521,3,0.0023961661341853034,0.00048203321762997707,1.6600138419615746e-05,2
25,PORTA SAN VITALE,44.49285467,11.35737739,3,0.0023961661341853034,0.0007151961319228602,0.035658374259059204,2
26,CARDUCCI,44.4866652,11.35776272,2,0.001597444089456869,0.0006923606812828942,0.04261510919060279,2
27,PORTA MAGGIORE,44.49096432,11.35763496,4,0.003194888178913738,0.0007217479006114227,0.039819901267484414,2
28,PORTA SANTO STEFANO,44.48467453,11.35525385,3,0.0023961661341853034,0.000699459805266273,0.051964817922020214,2
29,CARDUCCI,44.48822898,11.35791928,2,0.001597444089456869,0.0006930359287639206,0.011630312363527708,2
3,STAZIONE CENTRALE,44.50544812,11.34379295,4,0.003194888178913738,0.0006912305601036604,0.006853303299852131,2
30,GIARDINI MARGHERITA,44.48500519,11.35239757,2,0.001597444089456869,0.0006934313746658902,0.016283458855918462,2
30001,GRANAROLO FOGGIA NUOVA,44.53753819,11.4337605,2,0.001597444089456869,0.00031272210462655886,0.0289199949944198,1
30003,GRANAROLO DE ROSSI,44.55829624,11.45069742,2,0.001597444089456869,0.00025623543747898083,0.019886965826699663,1
30005,GRANAROLO HOTEL KING,44.54176823,11.44061229,2,0.001597444089456869,0.00029584712016438025,0.02742087480175604,1
30009,GRANAROLO MATTEUCCI,44.54632288,11.44362779,2,0.001597444089456869,0.00028379955981938535,0.025919200741643108,1
30013,GRANAROLO ROMA,44.55030276,11.44607264,2,0.001597444089456869,0.00027410218337582887,0.024414972814081004,1
30014,GRANAROLO ROMA,44.55163096,11.44672714,2,0.001597444089456869,0.00024273972796011497,0.015335974032275776,1
30017,GRANAROLO,44.5548561,11.44898478,2,0.001597444089456869,0.00026375762750208153,0.02290819101906973,1
30018,GRANAROLO,44.55456956,11.44858387,2,0.001597444089456869,0.0002484498828530673,0.01685552516453291,1
30021,GRANAROLO TARTARINI,44.55692102,11.45026926,2,0.001597444089456869,0.0002591524768480782,0.02139885535660928,1
30022,GRANAROLO TARTARINI,44.55754882,11.45054824,2,0.001597444089456869,0.00025454906365254273,0.018372522429340874,1
3003,MERCATO SAN DONATO,44.50279922,11.36294734,2,0.001597444089456869,0.0006462394404243114,0.013647867648373314,2
3004,SANT`EGIDIO,44.49917902,11.35935844,4,0.003194888178913738,0.0006742630688912535,0.036487104246315405,2
3006,MERCATO SAN DONATO,44.50290911,11.36288496,2,0.001597444089456869,0.000628145474319894,0.02301545345193494,2
3007,SANT`EGIDIO,44.49904059,11.35951858,5,0.003993610223642172,0.0006947451251056923,0.05193544844635474,2
301,SFERISTERIO,44.50044908,11.34720661,3,0.0023961661341853034,0.0007095854375191185,0.025797892037807454,2
3010,CENTRO ZANARDI,44.50394231,11.36695062,2,0.001597444089456869,0.0006012796312275096,0.021866213099807696,2
3012,SAN DONATO,44.50497647,11.37077431,2,0.001597444089456869,0.0005866885199025019,0.021222638502616437,2
3014,SIRENELLA,44.50607346,11.37338356,4,0.003194888178913738,0.000585905653579747,0.03950960637241006,2
3015,SAN DONNINO,44.50943974,11.38038474,4,0.003194888178913738,0.0005330114715151454,0.06417485819650988,2
3017,CADRIANO BIVIO,44.51109765,11.38388282,3,0.0023961661341853034,0.0005122695530682692,0.053627385631430956,2
3018,SAN DONNINO,44.50868222,11.37820957,2,0.001597444089456869,0.0005414136525325296,0.01319327924242076,2
3019,PIRANDELLO,44.51171743,11.38948797,2,0.001597444089456869,0.0004896464481653284,0.012974923575516583,2
302,SFERISTERIO,44.50069116,11.3467344,3,0.0023961661341853034,0.0007163966117759284,0.06095953907800277,2
3020,CADRIANO BIVIO,44.51184256,11.38479632,5,0.003993610223642172,0.0005122584247932422,0.017283297962269163,2
3022,PIRANDELLO,44.5117616,11.38977049,3,0.0023961661341853034,0.0004889883390447816,0.007814834394465259,2
3025,SVEVO,44.50844589,11.39452092,3,0.0023961661341853034,0.0004711855920900225,0.006251867515572207,2
3026,PILASTRO,44.51042507,11.39590019,4,0.003194888178913738,0.00046984587535464346,0.0003409413044644157,2
3027,DELEDDA,44.51010584,11.39992796,4,0.003194888178913738,0.0004537652605722095,0.002732638170613669,2
303,IRNERIO,44.4997928,11.34978799,4,0.003194888178913738,0.0007149788246330407,0.02627929605197631,2
304,IRNERIO,44.49999648,11.34954145,2,0.001597444089456869,0.0007151913418576541,0.06091484639764227,2
305,PORTA SAN DONATO,44.49842999,11.35514117,5,0.003993610223642172,0.0007194927942501572,0.08593253192972779,2
3051,BIVIO PILASTRO,44.51006636,11.38347047,3,0.0023961661341853034,0.0005162317893800502,0.012548427711504918,2
3052,SALGARI,44.51434878,11.39006265,2,0.001597444089456869,0.00047991748035720394,0.0013292880072938455,2
3053,PILASTRO VECCHIO,44.50787583,11.38942292,2,0.001597444089456869,0.000445801617170292,0.0005554661701948346,2
3054,NEGRI,44.51351226,11.3957995,2,0.001597444089456869,0.0004578743425039114,4.980041525884724e-05,2
3055,C.S. RECORD,44.50796414,11.3916808,2,0.001597444089456869,0.0004539552841241118,0.0015425359392996784,2
3056,PILASTRO,44.51107229,11.39581271,4,0.003194888178913738,0.0004646582478705636,0.005615954520728465,2
3059,SVEVO,44.50818135,11.39530265,4,0.003194888178913738,0.00047139239687227853,0.010145238441834393,2
306,PORTA SAN DONATO,44.49891781,11.35377796,4,0.003194888178913738,0.0007178451556847766,0.07775249449003098,2
3074,PANZINI,44.50935826,11.39329942,4,0.003194888178913738,0.0004762714025343141,0.012920015425359394,2
3075,SIGHINOLFI,44.51109042,11.400761,5,0.003993610223642172,0.0004527889638353398,0.0037720622224265317,2
3076,SIGHINOLFI,44.51122389,11.40155752,3,0.0023961661341853034,0.00044311659776389884,0.0011569019544747589,2
3101,BEROALDO,44.50225729,11.36667249,2,0.001597444089456869,0.0005757204527989589,0.004196004218989026,2
3102,GALEOTTI,44.50265888,11.36469728,2,0.001597444089456869,0.0006151070183262077,0.0044309600243128185,2
3103,DUSE,44.50130267,11.36926602,2,0.001597444089456869,0.0005809373081850383,0.004599515275958147,2
3104,CAMPO SAVENA,44.50114055,11.36704554,2,0.001597444089456869,0.0005986239896935257,0.0034668750622505193,2
3105,CALINDRI,44.50051911,11.37123352,3,0.0023961661341853034,0.0005916536239073749,0.006863518769648818,2
3106,DUSE,44.50013874,11.3701772,2,0.001597444089456869,0.0005889635583850766,0.002936947566547401,2
3107,ARTIGIANO,44.50303752,11.36706457,3,0.0023961661341853034,0.0006204263076095321,0.021647857432903518,2
3108,TERRAPIENO MONDO,44.4992831,11.37698842,2,0.001597444089456869,0.0005560590561144901,7.023135485222046e-05,2
3109,ANDREINI,44.50054617,11.3735051,3,0.0023961661341853034,0.0005832400256161266,0.0015999979569060407,2
3110,MONDO,44.49902521,11.37261633,3,0.0023961661341853034,0.000587659664302493,0.007592647926387325,2
3111,BEOLCO,44.50300955,11.37401629,4,0.003194888178913738,0.0005892066381730716,0.0029267320967507147,2
3112,ANDREINI,44.50141693,11.37357033,5,0.003993610223642172,0.0006034506739883801,0.026779854072013956,2
3113,GIARDINO GINO CERVI,44.50512094,11.37241939,2,0.001597444089456869,0.0005732057388810671,0.001510612596185033,2
3114,BEOLCO,44.50300474,11.37376058,2,0.001597444089456869,0.0005880648376160754,0.019161667471134913,2
3115,MAGAZZARI,44.50389286,11.37230716,2,0.001597444089456869,0.0005902465240642891,0.014225041691886108,2
3116,TERRAPIENO,44.50080906,11.37852691,2,0.001597444089456869,0.0005669467015950774,0.0005848356458603086,2
3118,GIARDINO GINO CERVI,44.50501144,11.37236786,2,0.001597444089456869,0.0005817338680010203,0.01873134080594949,2
3120,MAGAZZARI,44.50406701,11.37249071,2,0.001597444089456869,0.000583324290596663,0.0,2
3122,RISTORI,44.50213146,11.37200255,4,0.003194888178913738,0.0006029341754072013,0.0070933668400742665,2
3131,NUOVA,44.49816702,11.37297458,2,0.001597444089456869,0.0006113030176985188,0.026501482520054246,2
3132,NUOVA,44.4983116,11.37305671,2,0.001597444089456869,0.0005799578984021115,0.005387383384027602,2
3133,STAZIONE SAN VITALE,44.49589352,11.37193504,3,0.0023961661341853034,0.0006272955214370451,0.028376021227746236,2
3134,STAZIONE SAN VITALE,44.49594856,11.37215661,2,0.001597444089456869,0.0005702275847150443,0.004923856442002947,2
3151,CAVALCAVIA SAN DONATO,44.49940843,11.36031896,2,0.001597444089456869,0.0006807423898335803,0.007835265334058632,2
3152,CAVALCAVIA SAN DONATO,44.5003831,11.36167201,2,0.001597444089456869,0.000648744615066243,0.00591731087973072,2
3153,ROSSI,44.49872286,11.36337616,2,0.001597444089456869,0.0006532231967106694,0.006544285338502361,2
3154,ROSSI,44.4987506,11.36287886,2,0.001597444089456869,0.0006311400921042855,0.004865117490671999,2
3161,MERCATO SAN DONATO,44.50208881,11.36334397,2,0.001597444089456869,0.0006479199337274116,0.02270515855686058,2
3165,LIBIA,44.49418425,11.36574834,2,0.001597444089456869,0.0006670045094839988,0.016033179845899637,2
32006,GRANAROLO SCUOLA MEDIA,44.5515947,11.44436184,2,0.001597444089456869,0.00023971610653176679,0.013813869032569473,1
32008,GRANAROLO DALLA CHIESA,44.55245249,11.44132422,2,0.001597444089456869,0.00023575971055709766,0.012289210165413995,1
3201,VESTRI,44.50708276,11.35744991,2,0.001597444089456869,0.000574932047923221,0.0030735794750780844,2
32010,VIADAGOLA CENTRO SPORTIVO,44.55374694,11.43709528,2,0.001597444089456869,0.00023050163691496557,0.010761997430809347,1
32014,VIADAGOLA,44.55460178,11.434303,2,0.001597444089456869,0.0002270643172813402,0.009232230828755525,1
3202,REPUBBLICA,44.50402216,11.36350468,4,0.003194888178913738,0.0006350589308962096,0.014595352472015998,2
32022,VIADAGOLA CHIESA,44.55636187,11.42913765,2,0.001597444089456869,0.00022106323475568255,0.007699910359252534,1
32026,CADRIANO ROMA,44.56156765,11.40927558,2,0.001597444089456869,0.00020277692928834452,0.00616503602230037,1
3203,LAVORO,44.50523139,11.35931256,2,0.001597444089456869,0.0005761424354362188,0.003115718287989417,2
32030,CADRIANO SCUOLE ELEMENTARI,44.55625474,11.40606273,2,0.001597444089456869,0.0001964294029530001,0.0046276078178990356,1
32034,CADRIANO GANDOLFI,44.55171021,11.40141147,2,0.001597444089456869,0.00019046584118701418,0.0030876257460485286,1
32038,CADRIANO,44.54962406,11.39947656,2,0.001597444089456869,0.00018782736311403122,0.0015450898067488502,1
3204,RUGGERI,44.50489809,11.36068289,4,0.003194888178913738,0.0006318475008067888,0.010878198399746656,2
32042,CADRIANO MATTEOTTI,44.54749688,11.39802006,1,0.0007987220447284345,0.00018538331404808776,0.0,1
3205,PEZZANA,44.50393356,11.36060779,2,0.001597444089456869,0.0006334350957259754,0.006000311571828799,2
3206,NOVELLI,44.50663453,11.36106044,2,0.001597444089456869,0.0006096600517602793,0.005531676894905801,2
3208,LAVORO,44.50538159,11.35936816,2,0.001597444089456869,0.000622549378909164,0.005824094717835955,2
3210,VESTRI,44.50677599,11.35800051,2,0.001597444089456869,0.0006180595061744593,0.005343967637391684,2
3212,DOPOLAVORO FERROVIARIO,44.50802935,11.35351289,2,0.001597444089456869,0.0006172037404028958,0.005301828824480352,2
3214,BIGARI,44.50838684,11.35131994,2,0.001597444089456869,0.0006182543394605784,0.005392491118925946,2
3216,CRETI,44.50974616,11.35006621,2,0.001597444089456869,0.0006304401242668204,0.006070542926681019,2
33,PORTA SANTO STEFANO,44.48498771,11.35711821,2,0.001597444089456869,0.0006848520957943611,0.011293201860237051,2
3301,CAVALCAVIA MASCARELLA,44.50689527,11.35511186,2,0.001597444089456869,0.0006392011868116712,0.01716198925843351,2
3302,CAVALCAVIA MASCARELLA,44.50716093,11.35510763,2,0.001597444089456869,0.0006372316155587489,0.002804146459190475,2
3303,STALINGRADO,44.50876671,11.35611902,2,0.001597444089456869,0.0006203428026418184,0.016200458163820382,2
3304,STALINGRADO,44.50915064,11.35602756,2,0.001597444089456869,0.0006213229180379295,0.001937108460196699,2
3305,STALINGRADO PARRI,44.51229817,11.35788044,4,0.003194888178913738,0.000610134506779011,0.02393867653481049,2
3307,FIERA ALDO MORO,44.50859454,11.3628152,2,0.001597444089456869,0.000586436933716851,0.020596940977569384,2
3308,STALINGRADO PARRI,44.5122206,11.35752268,4,0.003194888178913738,0.0006135354506771082,0.020819127445647317,2
3319,DOZZA,44.52889371,11.3670467,2,0.001597444089456869,0.0004295861914747766,0.002762007646279143,2
3320,DON GNOCCHI,44.52528694,11.36167417,2,0.001597444089456869,0.0004716388171523475,0.009718742577822726,2
3321,APOSAZZA,44.53335336,11.36777886,2,0.001597444089456869,0.00040660632194156754,0.0012271333093269792,2
3322,PARCHEGGIO PARCO NORD,44.52721569,11.36466628,2,0.001597444089456869,0.00045418357865998715,0.008263038131794884,2
3326,DOZZA,44.52824853,11.3661695,3,0.0023961661341853034,0.000444993484394575,0.007033350955018732,2
3327,DON GNOCCHI,44.52598517,11.36289948,2,0.001597444089456869,0.00045553306120568694,0.007296399302283413,2
3328,APOSAZZA,44.53331563,11.36748156,2,0.001597444089456869,0.00041717522529353626,0.0033979206411228844,2
3329,PARCHEGGIO PARCO NORD,44.52695472,11.36476976,2,0.001597444089456869,0.0004461571603010517,0.005974772897337083,2
3331,PARCHEGGIO COSTITUZIONE,44.51035371,11.359704,4,0.003194888178913738,0.0006093386289220807,0.007447077481784541,2
3335,FIERA PALAZZO CONGRESSI,44.51093344,11.36130706,2,0.001597444089456869,0.0005998967956036027,0.00223974175292354,2
3337,MONDO,44.49954884,11.37313993,3,0.0023961661341853034,0.0006065329375894879,0.02689733197467585,2
3338,FIERA PALAZZO CONGRESSI,44.51196498,11.36128757,2,0.001597444089456869,0.0006037753136289767,0.0023738197940050515,2
3339,SERENA,44.50816717,11.36081805,4,0.003194888178913738,0.0006030263231770693,0.0054959227506173975,2
3340,FIERA PALAZZO CONGRESSI,44.51191994,11.36147917,1,0.0007987220447284345,0.0005882585231487134,0.0,1
3341,NOVELLI,44.50580812,11.36255003,2,0.001597444089456869,0.0006157194921423168,0.003950832943868547,2
3342,FIERA PALAZZO CONGRESSI,44.51175199,11.36160135,2,0.001597444089456869,0.0005906609438270302,0.016833817291214952,2
3343,NOVELLI,44.50547576,11.36330241,3,0.0023961661341853034,0.0005825734038473987,0.0054716610098502665,2
3345,FIERA PALAZZO CONGRESSI,44.51152147,11.36153856,4,0.003194888178913738,0.0006119959261746298,0.025016408598360927,2
3347,ZACCONI,44.50431138,11.36448187,2,0.001597444089456869,0.0005758558017114463,0.004241973833074116,2
3349,PARCO NORD,44.52696913,11.36586677,3,0.0023961661341853034,0.000441732691304195,0.005065596085431974,2
3351,ALDO MORO,44.50710477,11.36435661,2,0.001597444089456869,0.0005707100424180515,0.01936469993334406,2
3352,ALDO MORO,44.50737571,11.3642339,2,0.001597444089456869,0.0005732576070406107,0.01619790429637121,2
3353,VIALE FIERA,44.50857016,11.36936635,3,0.0023961661341853034,0.0005438039981613565,0.018229505852187262,2
3354,VIALE FIERA,44.50752541,11.36778842,2,0.001597444089456869,0.0005733377020751535,0.016205565898718726,2
3356,FERRAVILLA,44.50716236,11.37058697,5,0.003993610223642172,0.0005802835263069628,0.05341541463314971,2
3370,CARCERE,44.53387687,11.36865805,2,0.001597444089456869,0.0004110530686282644,0.0018630463041707209,2
3371,CARCERE,44.53331018,11.36942587,2,0.001597444089456869,0.00040167013145920926,0.0003320027683923149,2
3372,GOMITO,44.53300742,11.37062026,2,0.001597444089456869,0.0004031380853593213,0.0006499592658141857,2
34,PORTA CASTIGLIONE,44.48537356,11.34931878,3,0.0023961661341853034,0.0006928006801398115,0.016964064531122706,2
35,GIARDINI MARGHERITA,44.48478373,11.35238632,3,0.0023961661341853034,0.0006945870296891392,0.0334875869272633,2
3501,VIRGOLONE,44.51468275,11.3898058,3,0.0023961661341853034,0.0004750023246333303,0.042489969685593376,2
3502,VIRGOLONE,44.51497614,11.39006314,2,0.001597444089456869,0.00047879802802623054,0.0037554620840069158,2
3503,MENARINI,44.51872011,11.3976543,2,0.001597444089456869,0.0004361025512586932,0.03934232805448932,1
3504,MENARINI,44.51823819,11.39659566,3,0.0023961661341853034,0.0004467652516243148,0.0024351126127851713,2
3505,SAN SISTO,44.51997978,11.40057807,2,0.001597444089456869,0.00042323192158477007,0.03786108493396976,1
3506,SAN SISTO,44.52012456,11.4009442,2,0.001597444089456869,0.00042863637447846016,0.0,2
3507,SAN DONATO 240-246,44.5229935,11.40759946,2,0.001597444089456869,0.00039628043649087805,0.03637728794600103,1
3509,PICCOLO COW BOY,44.52441574,11.41115161,2,0.001597444089456869,0.0003834809457182005,0.03489093709058313,1
3511,FRULLO (BIVIO),44.52754571,11.41780597,2,0.001597444089456869,0.00036125659024132946,0.03340203236771605,1
3513,QUARTO CENTRO,44.52993971,11.42205819,2,0.001597444089456869,0.0003473977569866885,0.03191057377739981,1
3517,QUARTO S.DONATO RISORGIMENTO,44.53153443,11.42472794,2,0.001597444089456869,0.00033882491016212665,0.03041656131963439,1
352,DON MINZONI - MAMBO,44.50294095,11.33654497,3,0.0023961661341853034,0.0006861442706503319,0.026926701450341324,2
353,BOVI CAMPEGGI QUESTURA,44.50535103,11.33538015,2,0.001597444089456869,0.0006294720986178957,0.0025972831958075713,2
354,BOVI CAMPEGGI QUESTURA,44.50551811,11.33524373,2,0.001597444089456869,0.0006386958014612875,0.012141085853362038,2
3543,ROTONDA BARONI,44.5152361,11.40118845,4,0.003194888178913738,0.0004376021585141827,0.0037158771385447553,2
3544,ROTONDA BARONI,44.5153282,11.40162473,3,0.0023961661341853034,0.00043499014468614556,0.0004367113338083527,2
3545,CARNACINI,44.51574326,11.3986321,5,0.003993610223642172,0.000445263035495454,0.005742370959462462,2
3547,FACOLTA` DI AGRARIA,44.51305659,11.40774842,3,0.0023961661341853034,0.000427354437400576,0.0011045476717667399,2
3548,FACOLTA` DI AGRARIA,44.51355891,11.40660751,4,0.003194888178913738,0.000426166795385442,0.0007329599579122644,2
355,BOVI CAMPEGGI,44.50570992,11.33298428,2,0.001597444089456869,0.0006219785608421875,0.001980524206832617,2
3553,COMMERCIO ASSOCIATO,44.51764753,11.40178297,3,0.0023961661341853034,0.00043038589404863805,0.00040095718951994956,2
3554,FIORINI,44.51368852,11.42155049,4,0.003194888178913738,0.00038465604598930333,0.0,2
356,BOVI CAMPEGGI,44.50600797,11.33186903,2,0.001597444089456869,0.0006159118728180642,0.011248509179876546,2
36,PARCHEGGIO STAVECO,44.4860236,11.34389094,2,0.001597444089456869,0.0006530213903303192,0.0028820394163902104,2
37,PORTA CASTIGLIONE,44.48511543,11.34901133,4,0.003194888178913738,0.0006950584514123294,0.030717917678636644,2
38,PORTA SAN MAMOLO,44.48703256,11.33826117,2,0.001597444089456869,0.0006339226244494633,0.002233357084300611,2
4,STAZIONE CENTRALE,44.50504346,11.34311313,1,0.0007987220447284345,0.0006714057744780998,0.0,1
4001,SACRO CUORE,44.50857046,11.34666227,6,0.004792332268370607,0.0006632563172379628,0.07185689148361822,2
4002,SACRO CUORE,44.50854926,11.34648923,6,0.004792332268370607,0.0006780216147838409,0.06359896108672168,2
4003,PIAZZA DELL`UNITA`,44.51067636,11.3472713,3,0.0023961661341853034,0.0006403719649091562,0.030837949448747713,2
4004,PIAZZA DELL`UNITA`,44.5106043,11.34708126,6,0.004792332268370607,0.0006584358743586703,0.08074435020673557,2
4007,PIAZZA DELL`UNITA`,44.51159728,11.34755204,2,0.001597444089456869,0.0006283476317322093,0.047808398648493344,2
4015,MATTEOTTI ALTA VELOCITA',44.50711308,11.3461748,2,0.001597444089456869,0.0006628173052962852,0.0,2
4016,MATTEOTTI ALTA VELOCITA',44.50712273,11.34603366,2,0.001597444089456869,0.0006767359964659175,0.023621996971113206,2
4024,CASERME ROSSE,44.5257942,11.34872754,2,0.001597444089456869,0.0004899913715535437,0.017640839405153194,2
4026,CROCE COPERTA,44.5304546,11.35220892,2,0.001597444089456869,0.00045775849590077867,0.016181304157951593,2
4029,RONCAGLIO,44.53661853,11.35580995,2,0.001597444089456869,0.0003948413416651642,0.023145700691842692,2
4033,LIPPARINI,44.54065556,11.35638429,3,0.0023961661341853034,0.00037973392296569404,0.02288648314575177,2
4035,COLOMBAROLA,44.54314891,11.35612853,2,0.001597444089456869,0.0003686288338892176,0.020868927860906165,2
4041,CORTICELLA,44.5461302,11.35646679,3,0.0023961661341853034,0.0003565244431349858,0.01938640780666202,2
4043,BENTINI,44.54908437,11.35732003,2,0.001597444089456869,0.00034478943856881285,0.001524658867155477,2
4045,BENTINI SOTTOVIA,44.55303353,11.35365303,2,0.001597444089456869,0.0003214576787128278,0.013813869032569473,1
40501,PRIMO MAGGIO,44.55572003,11.35166375,2,0.001597444089456869,0.0003119596190411534,0.012289210165413995,1
40505,VILLA ZARRI,44.55955147,11.35626506,2,0.001597444089456869,0.00029907863564081124,0.010761997430809347,1
40509,FRABACCIA,44.56999571,11.36031238,2,0.001597444089456869,0.00027509907958194347,0.009232230828755525,1
40513,CASTEL MAGGIORE,44.57408868,11.36310247,2,0.001597444089456869,0.00026592036657341496,0.007699910359252534,1
40517,CASTEL MAGGIORE BONDANELLO,44.57699025,11.36519673,2,0.001597444089456869,0.0002596022412495257,0.00616503602230037,1
40521,CASTEL MAGGIORE TRANCHINA,44.58067877,11.36602261,2,0.001597444089456869,0.00025276273836010213,0.0046276078178990356,1
40525,FUNO AGUCCHI,44.58679353,11.36871628,2,0.001597444089456869,0.00024202221851079222,0.0030876257460485286,1
40529,FUNO,44.59115606,11.36843214,2,0.001597444089456869,0.00023511242695147566,0.0015450898067488502,1
40531,FUNO PIAZZA RESISTENZA,44.59444432,11.36956505,1,0.0007987220447284345,0.00022995346792355084,0.0,1
4078,MARESCALCHI,44.54397393,11.35519331,2,0.001597444089456869,0.00038502569626448486,0.0016153211616010707,2
4079,MARESCALCHI,44.54361964,11.35503329,3,0.0023961661341853034,0.00038817365492190155,0.01077348983433062,2
4082,FONTI,44.54813272,11.35542011,2,0.001597444089456869,0.0003672963706378569,0.005028565007418985,2
4083,FONTI,44.54850952,11.35537488,3,0.0023961661341853034,0.0003469393380272115,0.018469569392409395,2
4086,CORTICELLA,44.54610549,11.35524671,2,0.001597444089456869,0.00037658806018642184,0.006530239067531917,2
4088,ZANICHELLI,44.54777828,11.35747198,3,0.0023961661341853034,0.000340079880192587,0.01687084836922794,2
409,INDIPENDENZA NORD,44.50299103,11.34496538,6,0.004792332268370607,0.0007078588775993249,0.03476452065184913,2
4090,SANT`ANNA,44.54819701,11.36067947,2,0.001597444089456869,0.00033138387579731464,1.91540058687874e-05,2
4094,BYRON CENTOFIORI,44.54630701,11.36043624,2,0.001597444089456869,0.0003321976845375756,1.2769337245858266e-06,2
4096,CORTICELLA STAZIONE,44.55191145,11.35428764,2,0.001597444089456869,0.00035269476966259393,0.0036264917778237476,2
41,PARCHEGGIO STAVECO,44.48567008,11.34502274,2,0.001597444089456869,0.0006629028134391296,0.013057924267614662,2
4103,CRETI,44.51041843,11.35086383,3,0.0023961661341853034,0.0006159945407552915,0.013483143197901743,2
4104,CRETI,44.51059405,11.35064208,2,0.001597444089456869,0.0006314169999712612,0.019473239299933855,2
4105,STALINGRADO,44.50984765,11.3551341,2,0.001597444089456869,0.000597316000496642,0.0073142763744276145,2
4106,STALINGRADO,44.5100027,11.35514585,2,0.001597444089456869,0.0006134056203990795,0.018843710973713044,2
4109,BIGARI,44.50891579,11.35079868,2,0.001597444089456869,0.0005973035682278815,0.004456498698804535,2
4111,DOPOLAVORO FERROVIARIO,44.50794551,11.35373258,2,0.001597444089456869,0.0005802828426877046,0.0034375055865850453,2
4160,SOLARI,44.54070678,11.35723702,2,0.001597444089456869,0.0004017468690857762,0.01192656098763162,2
4162,TEGA,44.53652472,11.35711352,2,0.001597444089456869,0.0004203818000646099,0.013327357283502272,2
4164,PINARDI,44.53469376,11.35617147,2,0.001597444089456869,0.00043083660038679343,0.01474730758524171,2
42,ALDINI,44.48856371,11.33429559,2,0.001597444089456869,0.0006320216025615703,0.0022116492109826515,2
42001,CASE OSTI,44.54857559,11.31818403,2,0.001597444089456869,0.00034835719146183514,0.006482992519722242,2
42002,CASE OSTI,44.54857236,11.31806587,2,0.001597444089456869,0.0003487606845698935,0.005798556043344239,2
42005,TREBBO PRONI,44.55349937,11.31837959,2,0.001597444089456869,0.0003317408806347795,0.004960887520015936,2
42006,TREBBO PRONI,44.5532788,11.31815837,2,0.001597444089456869,0.0003327886557203169,0.004276451043637933,2
42007,TREBBO RISORGIMENTO,44.55552925,11.32193213,2,0.001597444089456869,0.00030842103504350225,0.00044948067105421094,2
42010,TREBBO RESISTENZA,44.55675188,11.3209373,2,0.001597444089456869,0.0003144786555379962,0.001229687176776151,2
42014,TREBBO CORTICELLA-COLLODI,44.55558115,11.32478915,2,0.001597444089456869,0.00030716337048907394,0.00010726243286520943,2
4202,CARRACCI STAZIONE AV,44.50706693,11.34468492,4,0.003194888178913738,0.0006632567906535885,0.01164180476704898,2
4204,CASA DELLA SALUTE UFF COMUNALI,44.50785571,11.33901218,2,0.001597444089456869,0.0006174066624059582,0.003446444122657146,2
4205,CASE FERROVIERI,44.50847729,11.33488603,2,0.001597444089456869,0.0005944465429933748,0.007381953861830663,2
4206,CASE FERROVIERI,44.50832127,11.33538244,2,0.001597444089456869,0.000592462155015106,0.0021478025247533604,2
4209,CARRACCI,44.5089796,11.33109521,2,0.001597444089456869,0.0005855057394117584,0.006941411726848553,2
4210,CARRACCI,44.50881991,11.33160537,2,0.001597444089456869,0.0005799485027032149,0.001745568401508825,2
42521,TREBBO LAME-DON MINZONI,44.55685894,11.31802201,2,0.001597444089456869,0.0003210928293799974,0.0034375055865850453,2
42522,TREBBO LAME-DON MINZONI,44.55699515,11.31796446,2,0.001597444089456869,0.0003210537937751696,0.002753069110207042,2
42525,TREBBO LAME-FOSCOLO,44.55717198,11.32158356,2,0.001597444089456869,0.00031333368306511614,0.001914123653154154,2
43,PORTA SAN MAMOLO,44.4861282,11.34085022,2,0.001597444089456869,0.000637456465046152,0.012068300631060647,2
4301,FRANCESCHINI,44.51092451,11.35055158,2,0.001597444089456869,0.0006106077833149363,0.017700855290208727,2
4302,ZUCCA,44.51171761,11.34963829,2,0.001597444089456869,0.0006277076024075477,0.020162783511210203,2
4303,CIGNANI,44.51266939,11.35207727,2,0.001597444089456869,0.0005848090595865237,0.016205565898718726,2
4304,CIGNANI,44.51360161,11.35241045,2,0.001597444089456869,0.0005942619664638933,0.01867004798716937,2
4305,CASARALTA,44.51468292,11.3530988,2,0.001597444089456869,0.0005603969518785898,0.014710276507228722,2
4306,CASARALTA,44.51502404,11.35309209,2,0.001597444089456869,0.0005744744070997083,0.017176035529403954,2
4308,CASONI,44.51803583,11.35590763,2,0.001597444089456869,0.0005330116239561676,0.014185456746423948,2
4309,PASSAROTTI,44.5162218,11.35454482,2,0.001597444089456869,0.0005399189641327761,0.01321498711573872,2
4315,CASONI,44.51818995,11.35626459,2,0.001597444089456869,0.0005168918081776435,0.011720974657973301,2
4316,PASSAROTTI,44.51641602,11.35456758,2,0.001597444089456869,0.0005538379330276965,0.01568074613791395,2
4317,MANIFATTURA,44.52254316,11.35904181,2,0.001597444089456869,0.00048145339482366764,0.008734226676167054,2
4318,DEPOSITO FERRARESE,44.52118989,11.35801589,2,0.001597444089456869,0.000505889909166077,0.012690167354933944,2
4319,DEPOSITO FERRARESE,44.52097888,11.35796177,2,0.001597444089456869,0.0004942551208208766,0.010228239133932471,2
4320,DOZZA CAPOLINEA,44.52888213,11.36670959,2,0.001597444089456869,0.0004400048358147083,0.0010330393831899337,2
4322,MANIFATTURA,44.52358252,11.35991195,2,0.001597444089456869,0.00048627139304255177,0.011201262632066871,2
4399,SACRO CUORE,44.5082915,11.34605429,3,0.0023961661341853034,0.0006525411659964613,0.004653146492390752,2
44,PORTA SARAGOZZA - VILLA CASSARINI,44.49009927,11.33038187,2,0.001597444089456869,0.000646712998467143,0.0027058225623973666,2
4401,TIARINI,44.50871363,11.34286945,2,0.001597444089456869,0.0006272633358367239,0.003461767327352176,2
4405,BOLOGNINA,44.51215724,11.34604118,2,0.001597444089456869,0.0006127022304382716,0.046511033984314144,2
4406,BOLOGNINA,44.5112642,11.34437529,2,0.001597444089456869,0.0006315159757556393,0.005462722473778166,2
4409,BOLOGNESE,44.51265771,11.34238432,3,0.0023961661341853034,0.0005860738147291784,0.04578445869502481,2
4410,TIBALDI DALL'ARCA,44.51153775,11.34237011,3,0.0023961661341853034,0.000613443688310704,0.004623777016725278,2
4413,BATTIFERRO,44.51527227,11.33746012,2,0.001597444089456869,0.0005453007873847616,0.001943493128819628,2
4414,BATTIFERRO,44.5145541,11.33775782,2,0.001597444089456869,0.0005679911179749053,0.0030288867947175805,2
4418,GOBETTI,44.5185171,11.33643398,2,0.001597444089456869,0.0005180809511817317,0.0005784509772373794,2
4419,GOBETTI,44.51841605,11.33612008,2,0.001597444089456869,0.0005321318927158099,0.0016038287580797982,2
4420,ROTONDA C.N.R.,44.5219928,11.33774559,2,0.001597444089456869,0.0005076494191900682,0.00042011119538873696,2
4425,BARBIERI,44.5169038,11.3411099,2,0.001597444089456869,0.0005414547033277014,0.007599032595010254,2
4426,BARBIERI,44.51676853,11.34109346,2,0.001597444089456869,0.00057399715493254,0.01038147118088277,2
4427,ROTONDA GOBETTI,44.51704657,11.33741009,2,0.001597444089456869,0.0005228406569061731,0.006394884092725819,2
4428,ROTONDA GOBETTI,44.51689421,11.33756913,2,0.001597444089456869,0.0005511791334060832,0.00905984477593644,2
4429,NAVILE,44.51717509,11.33214473,2,0.001597444089456869,0.0005129935793359787,0.005891772205239004,2
4430,NAVILE,44.51689524,11.33220985,2,0.001597444089456869,0.0005280546975959098,0.008256653463171955,2
4433,GAGARIN,44.5172949,11.32952843,2,0.001597444089456869,0.0005159933335214716,0.006226328841080491,2
4434,GAGARIN,44.5170051,11.32966787,2,0.001597444089456869,0.0005276481647090538,0.008143006361683816,2
4451,FIORAVANTI,44.51403479,11.34218002,2,0.001597444089456869,0.0005711787664818817,0.04164208569246839,2
4452,FIORAVANTI,44.51399838,11.34200791,3,0.0023961661341853034,0.000607924225518716,0.04171870171594354,2
4453,FONDO COMINI,44.51583084,11.34245252,3,0.0023961661341853034,0.0005548251780541044,0.043258683787794044,2
4454,FONDO COMINI,44.51578488,11.3422242,3,0.0023961661341853034,0.0005889100847889666,0.042396753523698615,2
4455,ARCOVEGGIO CHIESA,44.51741631,11.34207333,2,0.001597444089456869,0.000538559154832065,0.03578862149896696,2
4456,PALESTRA IPPODROMO,44.51909024,11.3427853,2,0.001597444089456869,0.0005569826637471671,0.031163567548517096,2
4459,PALESTRA IPPODROMO,44.51935666,11.34321042,2,0.001597444089456869,0.0005194469113585467,0.03435079412508332,2
4460,VILLA ERBOSA,44.52154054,11.34366686,2,0.001597444089456869,0.0005338564872696052,0.029727017108358043,2
4461,VILLA ERBOSA,44.52175312,11.34394594,2,0.001597444089456869,0.0004997560876214368,0.032914243684924266,2
4463,ARCOVEGGIO,44.52497424,11.345321,2,0.001597444089456869,0.00047779799553656087,0.03147769324476521,2
4464,ARCOVEGGIO,44.52437589,11.34503114,3,0.0023961661341853034,0.0005112600184018636,0.028341544017182422,2
4467,C.S. VIRTUS,44.52767967,11.34638056,2,0.001597444089456869,0.0004606710212403102,0.0300462505395045,2
4468,C.S. VIRTUS,44.52807883,11.34650592,2,0.001597444089456869,0.00048454671996123975,0.007796957322321057,2
4469,COOPERAZIONE,44.53091037,11.34720569,2,0.001597444089456869,0.00044226942656698634,0.028628854105214232,2
4470,COOPERAZIONE,44.53093831,11.34713286,2,0.001597444089456869,0.0004659504863294253,0.006354022213539073,2
4471,DON BEDETTI,44.53416525,11.34816796,2,0.001597444089456869,0.0004254211086673911,0.027244657947763196,2
4472,DON BEDETTI,44.53432026,11.34801765,2,0.001597444089456869,0.00044632134965808006,0.00493534884552422,2
4475,LAPIDARI,44.53640386,11.350474,3,0.0023961661341853034,0.0004123096512785169,0.02623588030534039,2
4476,LAPIDARI,44.53642995,11.35024614,2,0.001597444089456869,0.00043176051983781846,0.0035383833508273255,2
4477,CASA BUIA,44.53872999,11.35180826,2,0.001597444089456869,0.0004016015854574638,0.0007533908975056377,2
4478,CASA BUIA,44.53915776,11.3513637,2,0.001597444089456869,0.0004175386682032954,0.0021861105364909352,2
4480,ROTONDA GIARDINI,44.54162161,11.35207499,2,0.001597444089456869,0.0004064325914763038,0.0008925766734854928,2
449,PIAZZA DEI MARTIRI,44.50183936,11.34041306,2,0.001597444089456869,0.0007095123608022424,0.0011607327556485162,2
45,PETRARCA,44.48767245,11.33583598,2,0.001597444089456869,0.0006278233467916836,0.011497511256170783,2
451,MARCONI,44.49692575,11.33768898,2,0.001597444089456869,0.0006689311879783074,0.0,2
452,MARCONI,44.4970605,11.33748368,6,0.004792332268370607,0.000738316495040603,0.10237433056749488,2
455,MARCONI,44.49800099,11.33818401,5,0.003993610223642172,0.0007160840256845855,0.03845358218217758,2
459,PIAZZA DEI MARTIRI,44.50083793,11.33950189,6,0.004792332268370607,0.0007141483841964499,0.03860426036167871,2
46,PORTA SARAGOZZA - LICEO RIGHI,44.4921816,11.32933841,4,0.003194888178913738,0.0006655675175977598,0.013098786146801409,2
461,MILLE (PIAZZA DEI MARTIRI),44.50189119,11.34095778,3,0.0023961661341853034,0.0007107774794594064,0.0005873895133094802,2
462,PIAZZA DEI MARTIRI,44.50026091,11.33899451,4,0.003194888178913738,0.000723896996235046,0.07084555997374624,2
463,MILLE,44.50151782,11.34264714,5,0.003993610223642172,0.0007173192434658416,0.030643855522610664,2
466,MILLE,44.50191653,11.34131399,4,0.003194888178913738,0.0007197146769968529,0.04655317279722548,2
467,MILAZZO,44.50322466,11.34165187,3,0.0023961661341853034,0.0006928518485747096,0.007610524998531526,2
469,AMENDOLA,44.50316993,11.34051582,10,0.007987220447284345,0.0007112593194204135,0.05642642435572309,2
47,PORTA SARAGOZZA - VILLA CASSARINI,44.48973658,11.33026052,2,0.001597444089456869,0.0006375035226789128,0.012035100354221416,2
470,AMENDOLA,44.50302164,11.34026934,11,0.00878594249201278,0.0007163337383867009,0.061338788394204764,2
472,STAZIONE CENTRALE,44.50559242,11.34093997,1,0.0007987220447284345,0.0006287312907497043,0.0,1
474,STAZIONE CENTRALE,44.50518646,11.3431912,4,0.003194888178913738,0.0006995880058071592,0.01652607626358977,2
475,PIAZZA XX SETTEMBRE,44.50445618,11.34430575,4,0.003194888178913738,0.0007074322591333386,0.027142503249796328,2
49,ALDINI,44.4885715,11.33361208,2,0.001597444089456869,0.0006267734653337265,0.0115409270028067,2
5,STAZIONE CENTRALE,44.50568308,11.34369464,3,0.0023961661341853034,0.0006788534419074907,0.007597755661285668,2
50,PORTA SANT`ISAIA,44.49553391,11.32829197,2,0.001597444089456869,0.0006424271892410785,0.004104064990818846,2
500001,CASAGLIA 32-34,44.4839101,11.31297474,2,0.001597444089456869,0.0005317834214817673,0.019717133641329748,2
500003,CASAGLIA SCUOLE,44.47754321,11.30990808,2,0.001597444089456869,0.0004841701609781547,0.0182077979788693,2
500005,CASAGLIA 53,44.47247225,11.30836187,2,0.001597444089456869,0.000452678263526187,0.01669973925013344,2
500007,CASAGLIA 53/2,44.47022081,11.30405582,2,0.001597444089456869,0.0004321328262127659,0.015191680521397579,2
500009,CASAGLIA CHIESA,44.46489427,11.30075366,3,0.0023961661341853034,0.00040463721754266016,0.013718099003225535,2
500010,CASAGLIA CHIESA,44.46477681,11.30088655,2,0.001597444089456869,0.00037953086771762035,0.0030889026797731147,2
500011,CASAGLIA 63,44.46075744,11.29981097,2,0.001597444089456869,0.00038636398006013605,0.004607176878305662,2
500012,CASAGLIA 63,44.46078514,11.29999982,2,0.001597444089456869,0.00036393537879282726,0.001552751409096365,2
500013,CASAGLIA 64,44.45741833,11.2990749,2,0.001597444089456869,0.00037263850443011005,0.0030710256076289127,2
500014,CASAGLIA 64,44.45740277,11.29913211,2,0.001597444089456869,0.00035154038441772396,1.6600138419615746e-05,2
500016,MONTE PRADONE 66,44.45364398,11.29795109,2,0.001597444089456869,0.0003400150013882386,7.661602347514959e-06,2
500017,MONTE PRADONE,44.45119013,11.29619267,2,0.001597444089456869,0.00034925059734113907,0.0015348743369521635,2
500020,MONTE ALBANO 21,44.46767869,11.3015459,3,0.0023961661341853034,0.0003919548607102542,0.006126728010562796,2
500022,MONTE ALBANO 38,44.46964072,11.30201907,2,0.001597444089456869,0.0003837806993615475,8.68314932718362e-05,2
500024,MONTE ALBANO GESSAROLI,44.46682433,11.29227294,2,0.001597444089456869,0.0003876746550236841,0.00015450898067488503,2
500026,MONTE ALBANO 15,44.47105934,11.29334558,2,0.001597444089456869,0.00040621033616560246,0.001663844643135332,2
500028,MONTE ALBANO 11,44.47553604,11.29373083,2,0.001597444089456869,0.00042747140636298586,0.003173180305595779,2
500030,BASILICA DI SAN LUCA,44.47933249,11.29640943,3,0.0023961661341853034,0.00044982998315973,0.004714439311170872,2
500032,SAN LUCA 35,44.48076015,11.30073141,2,0.001597444089456869,0.00045970069655568217,0.0010126084435965604,2
500034,SAN LUCA 15,44.48567768,11.30227354,2,0.001597444089456869,0.0004893420552304586,0.0024874668954931903,2
5001,PORTA LAME,44.50315324,11.33301548,3,0.0023961661341853034,0.000657173797551467,0.030104989490835447,2
5002,PORTA LAME,44.50317899,11.33280187,2,0.001597444089456869,0.0006444946803814384,0.03375191220825257,2
5003,BOVI CAMPEGGI,44.50562134,11.33146048,2,0.001597444089456869,0.0006259074570153386,0.024340910658055027,2
5004,BOVI CAMPEGGI,44.50548744,11.33134901,3,0.0023961661341853034,0.0006328168766798246,0.033352231952457206,2
5005,SOTTOPASSO ZANARDI,44.51075309,11.32857966,4,0.003194888178913738,0.0005956892434721343,0.04553162581755682,2
5006,SOTTOPASSO ZANARDI,44.51061403,11.32850021,4,0.003194888178913738,0.0005971987290495365,0.0407673860911271,2
5009,POSTE,44.51224904,11.32759422,3,0.0023961661341853034,0.000579402883453628,0.04329699179953162,2
5010,POSTE,44.5121708,11.32740238,3,0.0023961661341853034,0.0005802562057026317,0.038605537295403294,2
5011,OCA,44.51643112,11.32500683,3,0.0023961661341853034,0.0005436117965772441,0.031702433580292316,2
5014,OCA,44.51635206,11.32485584,2,0.001597444089456869,0.000541284369489645,0.025635721454785054,2
5017,ZANARDI,44.51889235,11.32306476,3,0.0023961661341853034,0.0005212592368964887,0.030577454968932202,2
5018,ZANARDI,44.5188617,11.32285671,3,0.0023961661341853034,0.0005212910820484851,0.028444975648873872,2
5019,SELVA PESCAROLA,44.52166414,11.32151002,2,0.001597444089456869,0.0004978076169997533,0.026501482520054246,2
5020,SELVA PESCAROLA,44.52174175,11.32120716,2,0.001597444089456869,0.0004976067412141986,0.02460651287276888,2
5021,PESCAROLA,44.52233423,11.32051501,3,0.0023961661341853034,0.0004888888567648344,0.025183686916281672,2
5022,PESCAROLA,44.52275857,11.3196801,3,0.0023961661341853034,0.00048579909848750524,0.023358948623848526,2
5025,C.S. PESCAROLA,44.52504204,11.31811909,2,0.001597444089456869,0.0004667850994364793,0.018064781401715687,2
5026,C.S. PESCAROLA,44.52485958,11.31807175,2,0.001597444089456869,0.0004686249011465029,0.016796786213201964,2
5027,BORRE,44.52699389,11.31690033,2,0.001597444089456869,0.00045252612746682146,0.01661163082313702,2
5028,BORRE,44.52663031,11.31696064,2,0.001597444089456869,0.00045519531373962405,0.015344912568347878,2
5029,TRAGHETTO,44.52906233,11.31489068,2,0.001597444089456869,0.0004380545259646328,0.015199342123745093,2
5030,TRAGHETTO,44.52941231,11.31434316,2,0.001597444089456869,0.000436583555390307,0.013937731603854297,2
5032,NOCE,44.53306428,11.31519744,2,0.001597444089456869,0.00041587781828928376,0.010364871042463154,2
5033,CENTRO PROVE AUTOVEICOLI,44.53175906,11.31459819,3,0.0023961661341853034,0.000423826533242509,0.014240364896581138,2
5034,CENTRO PROVE AUTOVEICOLI,44.5318137,11.31442809,3,0.0023961661341853034,0.0004242658640402502,0.01337077303013819,2
5035,NOCE,44.53340679,11.31550045,2,0.001597444089456869,0.00041357890650178304,0.011049307518841157,2
5038,NOCE,44.53341786,11.31544268,2,0.001597444089456869,0.0004183107032619102,0.0015003971263883463,2
51,PORTA SARAGOZZA - LICEO RIGHI,44.49153161,11.32917888,3,0.0023961661341853034,0.0006530900089042835,0.01631155139785935,2
5101,GRAZIA,44.51625109,11.32820815,2,0.001597444089456869,0.0005459192491144808,0.011583065815718033,2
5102,GRAZIA,44.51655408,11.32813923,2,0.001597444089456869,0.0005473066823751264,0.010440210132213718,2
5103,MARCO POLO,44.51924238,11.32899894,5,0.003993610223642172,0.0005264547339100552,0.014905647367090354,2
5104,MARCO POLO,44.51898779,11.32870883,4,0.003194888178913738,0.0005341507319552324,0.016375398084088638,2
5105,BOTTEGO,44.52028364,11.33104982,2,0.001597444089456869,0.0005104229957258987,0.006278683123788509,2
5109,BEVERARA,44.52198427,11.33139451,2,0.001597444089456869,0.0004963866069033301,0.004791055334646022,2
5110,BOTTEGO,44.52002053,11.33095674,2,0.001597444089456869,0.0005168904638044648,0.001510612596185033,2
5111,PELLEGRINO,44.52487883,11.33237439,3,0.0023961661341853034,0.00047664101750621016,0.0035524296217977697,2
5112,BEVERARA,44.52172064,11.33118895,2,0.001597444089456869,0.0005026530148379694,3.0646409390059834e-05,2
5113,TANGENZIALE LAME,44.52826273,11.33347224,2,0.001597444089456869,0.00045491847589333164,0.0021541871933762895,2
5114,PELLEGRINO,44.52524172,11.33215527,3,0.0023961661341853034,0.00048281099172258396,0.00447948350584708,2
5117,FORNACE,44.53046695,11.33406791,2,0.001597444089456869,0.000443346610294141,0.0009462078899180975,2
5118,TANGENZIALE LAME,44.5280738,11.33291568,2,0.001597444089456869,0.0004636532688632025,0.003025055993543823,2
5120,FORNACE,44.53029134,11.33361006,2,0.001597444089456869,0.00044984217261831655,0.0016089364929781414,2
5122,SOSTEGNO,44.53220077,11.33663598,2,0.001597444089456869,0.00043854471352635174,0.0006601747356108724,2
52,PORTA SAN FELICE,44.49981636,11.32812443,3,0.0023961661341853034,0.0006426452421570218,0.0168925562425459,2
5201,PARMEGGIANI,44.50360424,11.33341323,2,0.001597444089456869,0.0006600978126975512,0.01714666605373848,2
5202,PARMEGGIANI,44.50342862,11.33341643,2,0.001597444089456869,0.0006500044017777199,0.00881211963336679,2
5203,CASARINI,44.50401745,11.33064882,4,0.003194888178913738,0.0006550938433142316,0.02747322908446406,2
5204,CASARINI,44.50396807,11.33011851,2,0.001597444089456869,0.0006214384777245535,0.007433031210814097,2
5205,MALVASIA,44.5029793,11.32551906,2,0.001597444089456869,0.0006170128272724493,0.017689362886687456,2
5206,SCALO,44.50249923,11.32787117,2,0.001597444089456869,0.0005974470782890557,0.00607948146275312,2
5207,PARCHEGGIO TANARI,44.50688306,11.32676097,4,0.003194888178913738,0.0006214354558802279,0.02048457080980583,2
5208,TANARI,44.50623495,11.32904678,3,0.0023961661341853034,0.0006287785410352218,0.007759926244308068,2
5213,TANARI,44.50621001,11.33030431,3,0.0023961661341853034,0.0006139226132310231,0.014728153579372924,2
5255,ITC LUXEMBURG,44.51410722,11.3114361,2,0.001597444089456869,0.0004048186526532679,0.0,2
527,DON MINZONI - MAMBO,44.50295616,11.33588437,5,0.003993610223642172,0.0006749760393307554,0.025317764957363185,2
53,PORTA SANT`ISAIA,44.49346538,11.32849418,3,0.0023961661341853034,0.0006588722237206489,0.006462561580128868,2
5301,DE GAMA,44.5221228,11.32708703,3,0.0023961661341853034,0.0005024833324495111,0.000529927495703118,2
5302,DE GAMA,44.52172436,11.32849859,3,0.0023961661341853034,0.0005131789658492051,0.010355932506391054,2
5304,PANE,44.5210661,11.32498992,2,0.001597444089456869,0.000502021359644082,0.004411806018444031,2
5305,USODIMARE,44.51857777,11.32433884,2,0.001597444089456869,0.000511191264854056,0.001523381933430891,2
5306,USODIMARE,44.518887,11.3244054,2,0.001597444089456869,0.0005133028404303946,0.0053682293781588146,2
5307,PANE,44.52084293,11.32475848,2,0.001597444089456869,0.0004967335789692551,0.00033711050329065823,2
54,PORTA LAME,44.50175732,11.33199511,2,0.001597444089456869,0.0006455694020310785,0.014525121117163777,2
5401,AGUCCHI,44.52441496,11.31599819,2,0.001597444089456869,0.00046358879366977884,0.004289220380883791,2
5402,AGUCCHI,44.52428837,11.31616463,2,0.001597444089456869,0.00046595354576640854,0.003786108493396976,2
5403,VARANINI,44.52373134,11.31316725,3,0.0023961661341853034,0.00044987421735059456,0.0029356706328228154,2
5404,VARANINI,44.52358888,11.31325598,2,0.001597444089456869,0.0004520627420955172,0.0023827583300771523,2
5406,BERTALIA,44.5213801,11.31260621,3,0.0023961661341853034,0.00044209711626473007,0.0019984012789768186,2
5410,BERTALIA,44.52135398,11.31214588,2,0.001597444089456869,0.00043438393572811803,0.0,2
5501,ZANARDI CINTURA FERROVIARIA,44.53737586,11.31710452,2,0.001597444089456869,0.00039365894619846975,0.009525925585410266,2
5502,ZANARDI CINTURA FERROVIARIA,44.53739068,11.3170123,2,0.001597444089456869,0.0003941126449459869,0.008841489109032263,2
5503,CAVE,44.54516688,11.32057188,2,0.001597444089456869,0.0003619630435621936,0.008003820585703961,2
5504,CAVE,44.5452513,11.32046036,2,0.001597444089456869,0.0003621322810390288,0.007319384109325958,2
5701,TRIUMVIRATO,44.51173925,11.2912163,2,0.001597444089456869,0.0010057570610812103,0.0002617714135400944,2
5702,TRIUMVIRATO,44.51191775,11.29106917,2,0.001597444089456869,0.0010112307967877318,0.0002630483472646803,2
5703,ACQUEDOTTO TRIUMVIRATO,44.51549016,11.29274659,2,0.001597444089456869,0.0010151497365024475,0.00026560221471385193,2
5704,ACQUEDOTTO TRIUMVIRATO,44.51545348,11.29252811,2,0.001597444089456869,0.0010298634159012843,0.00027070994961219525,2
5705,DUE PONTI,44.51939636,11.29415704,2,0.001597444089456869,0.0010286425684355354,0.0002694330158876094,2
5706,DUE PONTI,44.51887106,11.2938758,2,0.001597444089456869,0.001049982928702726,0.00027837155195971016,2
5709,BIRRA,44.52132319,11.29507453,2,0.001597444089456869,0.0010365429519943487,0.0002745407507859527,2
5710,BIRRA,44.52129249,11.29489401,3,0.0023961661341853034,0.001064100675552042,0.00030518716017601254,2
5714,AEROPORTO,44.52942133,11.29270497,3,0.0023961661341853034,0.0010766859787865555,0.00034349517191358735,2
5750,CASE GHEDINI@,44.52548856,11.28798254,2,0.001597444089456869,0.000932588579093175,8.555455954725039e-05,2
5751,CASE GHEDINI@,44.52560129,11.28794448,2,0.001597444089456869,0.0009727459701468673,0.00016727831792074329,2
5754,VILLA SALTARELLI@,44.52753439,11.28587607,2,0.001597444089456869,0.0009282295156112287,0.00013280110735692597,2
5755,VILLA SALTARELLI@,44.52759176,11.28565258,2,0.001597444089456869,0.0008578328342121113,7.278522230139211e-05,2
5758,CASERMA R.R.A.E.@,44.52949633,11.28711462,2,0.001597444089456869,0.0008891509518683621,9.577002934393699e-05,2
5759,CASERMA R.R.A.E.@,44.52932612,11.28682005,2,0.001597444089456869,0.0008607777764993082,7.533908975056377e-05,2
5762,AEROCLUB@,44.5310122,11.28815272,2,0.001597444089456869,0.0008618783019799366,7.66160234751496e-05,2
5766,CASE SAVINI@,44.52728011,11.28082187,2,0.001597444089456869,0.0008541422162036771,7.023135485222046e-05,2
59,VICINI,44.49654564,11.32754377,2,0.001597444089456869,0.0006384836106687338,0.0046276078178990356,2
6,STAZIONE CENTRALE,44.50492844,11.34378233,2,0.001597444089456869,0.0006969102383230988,0.0,2
6001,SAN PIO V,44.50019262,11.32490193,3,0.0023961661341853034,0.0006275833129557605,0.01775831730781509,2
6002,SAN PIO V,44.50002814,11.32482856,3,0.0023961661341853034,0.0006432619454047886,0.04690816037266034,2
6003,SAFFI,44.50169966,11.32046639,2,0.001597444089456869,0.0005937951907254889,0.016263027916325088,2
6004,SAFFI,44.50094607,11.32219125,2,0.001597444089456869,0.0006199462188849221,0.045177915175846545,2
6005,TIMAVO,44.50264037,11.31794228,5,0.003993610223642172,0.0005742846299440094,0.015501975416471934,2
6006,TIMAVO,44.50247202,11.31784358,4,0.003194888178913738,0.0005881842940056554,0.044455170687730965,2
6008,OSPEDALE MAGGIORE,44.50415945,11.31584742,2,0.001597444089456869,0.0005648804112245369,0.005048995947012358,2
6009,OSPEDALE MAGGIORE,44.50416489,11.31372349,1,0.0007987220447284345,0.000542756112642461,0.0,1
601,UGO BASSI,44.49564749,11.33817999,2,0.001597444089456869,0.0006874230912164592,0.0012347949116744944,2
6016,OSPEDALE MAGGIORE - MATERNITA`,44.5063791,11.31612719,2,0.001597444089456869,0.0005448444583822114,0.0035179524112339522,2
602,UGO BASSI,44.49526171,11.34007616,3,0.0023961661341853034,0.0007320774103494298,0.016827432622592023,2
6023,OSPEDALE MAGGIORE,44.5041432,11.3159828,2,0.001597444089456869,0.0005533194325544725,0.004175573279395653,2
6027,CINTA DAZIARIA TEATRI DI VITA,44.51179905,11.28874012,2,0.001597444089456869,0.001003792149396044,0.00025666367864175116,2
6028,ROTONDA GRANATIERI - AVIS,44.50737203,11.31230515,2,0.001597444089456869,0.0005213051982893876,0.001995847411527647,2
6029,BORGO PANIGALE STAZIONE,44.51441474,11.28371699,2,0.001597444089456869,0.0009908447027436435,0.00025155594374340784,2
6030,CINTA DAZIARIA TEATRI DI VITA,44.51189931,11.28828561,2,0.001597444089456869,0.0009966425416182401,0.0002553867449171653,2
6033,SCALA,44.51655723,11.27783747,2,0.001597444089456869,0.0009736255141650371,0.00024644820884506453,2
6035,CHIESA BORGO PANIGALE,44.517724,11.27468618,2,0.001597444089456869,0.0009623328234135449,0.00024006354022213539,2
6037,BORGO PANIGALE - MUSEO DUCATI,44.51859111,11.27208463,2,0.001597444089456869,0.0009489916198945232,0.0002311250041500346,2
6039,OSPEDALE MAGGIORE - MATERNITA`,44.50668832,11.31527928,2,0.001597444089456869,0.0005313385588388077,0.002644529743617247,2
604,UGO BASSI,44.49547129,11.33847191,6,0.004792332268370607,0.0007413344043026957,0.0691829922643355,2
6040,BORGO PANIGALE CIMITERO,44.51579295,11.27231644,2,0.001597444089456869,0.0008957216992972109,0.0,2
6043,VILLAGGIO INA,44.52129771,11.2642301,2,0.001597444089456869,0.0009191104532733941,0.0002221864680779338,2
6045,ROTONDA GRANATIERI - AVIS,44.50757322,11.31198367,2,0.001597444089456869,0.000511574943757563,0.00111987087646177,2
605,LAME,44.49695549,11.33686867,3,0.0023961661341853034,0.0007213364310114025,0.006943965594297725,2
60503,CERETOLO CHIESA,44.48059452,11.26143239,2,0.001597444089456869,0.00033828115067979087,0.015777793100982474,2
60504,CERETOLO CHIESA,44.4807628,11.26106086,2,0.001597444089456869,0.0003370073771999804,0.016192796561472867,2
60505,CERETOLO,44.48134766,11.25729453,2,0.001597444089456869,0.00032875317411256794,0.01426718050479744,2
60506,CERETOLO,44.4812659,11.25707604,2,0.001597444089456869,0.00032800250912405296,0.014682183965287834,2
60509,CERETOLO TENUTA LAURO,44.48201827,11.24937463,2,0.001597444089456869,0.0003127358412448063,0.012756567908612407,2
60510,CERETOLO TENUTA LAURO,44.48121953,11.25064698,2,0.001597444089456869,0.0003149286843681533,0.013170294435378215,2
60511,CERETOLO VIVALDI,44.48388048,11.24598407,2,0.001597444089456869,0.00030455766740763383,0.011244678378702789,2
60512,CERETOLO VIVALDI,44.48344187,11.24614251,2,0.001597444089456869,0.00030451742746984096,0.011657127971744011,2
60513,RIALE CENTRO,44.48484098,11.24022677,2,0.001597444089456869,0.0002940807468716454,0.009730234981343998,2
60514,RIALE CENTRO,44.4843488,11.24122261,2,0.001597444089456869,0.0002954117113320901,0.01014268457438522,2
60517,RIALE,44.4856108,11.2369795,2,0.001597444089456869,0.0002881662265694596,0.008214514650260622,2
60518,RIALE,44.48552644,11.23691132,2,0.001597444089456869,0.0002875560859073716,0.008626964243301845,2
60521,PILASTRINO DI ZOLA,44.48842682,11.22562353,2,0.001597444089456869,0.0002700570099704069,0.006700071252901832,2
60522,PILASTRINO DI ZOLA,44.4886118,11.22520955,2,0.001597444089456869,0.0002689058384937944,0.00711379777966764,2
60525,LAVINO DI SOPRA,44.49115448,11.21888584,2,0.001597444089456869,0.0002594421890500676,0.005188181722992213,2
60526,LAVINO DI SOPRA,44.49130786,11.21823137,2,0.001597444089456869,0.0002581447564486175,0.005603185183482607,2
60529,ZOLA PREDOSA CHIESA,44.49259476,11.21454632,2,0.001597444089456869,0.0002532369105309644,0.0036775691268071805,2
60530,ZOLA PREDOSA CHIESA,44.49267373,11.2138104,2,0.001597444089456869,0.0002519640800805998,0.004092572587297574,2
60533,ZOLA PREDOSA,44.49431586,11.20877077,2,0.001597444089456869,0.00024567341322017733,0.002165679596897562,2
60534,ZOLA PREDOSA,44.4941829,11.20895442,2,0.001597444089456869,0.0002455523413341433,0.0025806830573879553,2
60537,ZOLA PREDOSA SAN PANCRAZIO,44.49683822,11.20198738,2,0.001597444089456869,0.00023708193639226526,0.0006525131332633573,2
60538,ZOLA PREDOSA SAN PANCRAZIO,44.49633104,11.20258225,2,0.001597444089456869,0.00023760101971068766,0.001067516593753751,2
60542,PONTE RONCA SCUOLE,44.49942079,11.19603114,2,0.001597444089456869,0.0002301806001686056,0.00010343163169145195,2
6057,OSPEDALE  MAGGIORE,44.50271967,11.31237184,2,0.001597444089456869,0.000541613384335455,0.0,2
6058,TERRACINI,44.51366601,11.31854305,2,0.001597444089456869,0.00046968345303492444,0.0004367113338083527,2
6059,TERRACINI,44.51429113,11.31891616,2,0.001597444089456869,0.00047160551381057465,0.000875976535065877,2
6060,OSPEDALE MAGGIORE,44.50296662,11.3125159,2,0.001597444089456869,0.0005432767219220243,0.006175251492097057,2
6062,OSPEDALE MAGGIORE,44.50386789,11.31333041,2,0.001597444089456869,0.0005624230543773634,0.0,2
607,LAME,44.49714864,11.33675061,2,0.001597444089456869,0.0006956809814039016,0.03891455525675307,2
6082,OSPEDALE MAGGIORE,44.50353602,11.31310914,2,0.001597444089456869,0.0005627144312952615,0.036010807967044894,2
609,RONDONE,44.49993739,11.33479976,4,0.003194888178913738,0.0006840035887918418,0.040695877802550295,2
61,PORTA SAN FELICE,44.49841584,11.32699635,2,0.001597444089456869,0.0006355659077528544,0.004390098145126072,2
611,PALASPORT,44.5005577,11.33118447,2,0.001597444089456869,0.0006516526857400252,0.010202700459440755,2
614,RONDONE,44.50016004,11.33449433,2,0.001597444089456869,0.0006768000102201338,0.03480793639848505,2
616,SAN FELICE,44.49754911,11.33188683,4,0.003194888178913738,0.0006871505484452455,0.03333180101286383,2
617,RIVA DI RENO - MARCONI,44.49882714,11.33766208,2,0.001597444089456869,0.0007107998039509885,0.036109131863838004,2
6202,VITTORIO VENETO,44.4991163,11.32033714,2,0.001597444089456869,0.0005437071260848281,0.0037976008969182484,2
6203,VITTORIO VENETO,44.50020342,11.32091265,2,0.001597444089456869,0.0005774249135361385,0.016448183306390033,2
6204,PASUBIO,44.49812288,11.31894083,2,0.001597444089456869,0.0005345086895413106,0.002879485548941039,2
6205,PASUBIO,44.49823912,11.31889669,2,0.001597444089456869,0.0005592163259780952,0.015404928453403412,2
6206,WEBER,44.4991765,11.31548812,3,0.0023961661341853034,0.0005308584686087373,0.002924178229301543,2
6208,SAFFI,44.50073834,11.32145042,2,0.001597444089456869,0.0005561093368471792,0.0048587328220490705,2
6209,WEBER,44.49914288,11.31592468,3,0.0023961661341853034,0.000545274232901363,0.015558160500353711,2
6210,VELODROMO,44.50033411,11.31175716,3,0.0023961661341853034,0.0005261110204463047,0.002400635402221354,2
6211,VELODROMO,44.50024407,11.31239668,3,0.0023961661341853034,0.0005409272596733345,0.023310425142314264,2
6212,CIVIDALI,44.50138201,11.30824264,3,0.0023961661341853034,0.0005268714363844298,0.025561659298759077,2
6215,CERTOSA GANDHI,44.49857654,11.31075222,2,0.001597444089456869,0.0005228346650352253,0.0010636857925799936,2
6216,CERTOSA GANDHI,44.49857129,11.31052051,2,0.001597444089456869,0.0005104449175111867,0.0009679157632360566,2
6217,CHIESA CERTOSA,44.49920186,11.30881853,3,0.0023961661341853034,0.0005216266111801809,0.02209350730278397,2
6218,TOGLIATTI,44.50232182,11.29911652,3,0.0023961661341853034,0.00048414907421733103,0.024323033585910824,2
6219,TOGLIATTI,44.50223771,11.30035935,3,0.0023961661341853034,0.0004794723264785228,0.021567410608254612,2
6220,CENTRO VITTORIA - MAST,44.50378359,11.29408399,2,0.001597444089456869,0.0004565059707959745,0.011414510564072704,2
6221,EINAUDI,44.50509123,11.28136436,2,0.001597444089456869,0.0003942849278894127,0.00695162719664524,2
6222,TOGLIATTI PIETRA,44.5066248,11.2845559,2,0.001597444089456869,0.00041593021253813397,0.009903897967887671,2
6223,CENTRO VITTORIA - MAST,44.50395909,11.29422611,2,0.001597444089456869,0.00044794658876790423,0.009966467720392376,2
6224,EINAUDI,44.50504562,11.28159138,2,0.001597444089456869,0.000402289563518616,0.008392008437978053,2
6225,TOGLIATTI PIETRA,44.50678591,11.2846872,2,0.001597444089456869,0.00040895981217599386,0.008455855124207344,2
6226,LA MALFA,44.50524051,11.27989126,2,0.001597444089456869,0.0003953292724182759,0.0068852266429667765,2
6227,LA MALFA,44.50534696,11.27982937,2,0.001597444089456869,0.00038804331045564765,0.00545250700398148,2
6228,DE NICOLA,44.50519377,11.27842781,2,0.001597444089456869,0.00038930053621690245,0.005383552582853845,2
6230,GALEAZZA,44.50317353,11.27759588,2,0.001597444089456869,0.0003793307089610817,0.003880601589016327,2
6231,DE NICOLA,44.50521988,11.2782472,2,0.001597444089456869,0.00038190629905373403,0.003952109877593133,2
6233,GALEAZZA,44.50304499,11.27752404,2,0.001597444089456869,0.00037188739200796076,0.002451712751204787,2
6234,SALVEMINI,44.50091185,11.27544089,2,0.001597444089456869,0.00036771175223268305,0.002378927528903395,2
6235,BOTTONELLI,44.50261934,11.27891949,2,0.001597444089456869,0.00036644953962432746,0.0009525925585410266,2
6236,ROTTA,44.4989328,11.27516656,2,0.001597444089456869,0.00036040716714886184,0.0009985621726261165,2
6238,CASTELDEBOLE,44.50003891,11.27734406,2,0.001597444089456869,0.00035629781498180475,0.00028603315430722514,2
6265,STAZIONE CASALECCHIO GARIBALDI,44.48232086,11.2738054,2,0.001597444089456869,0.00035911960115758414,1.787707214420157e-05,2
6266,CASALECCHIO PIAVE,44.4800836,11.27542143,2,0.001597444089456869,0.00036786540590546336,0.0014352735064344692,2
6267,MERIDIANA CRISTONI,44.48294882,11.27137442,2,0.001597444089456869,0.0003551291990105477,0.000125139505009411,2
6272,PIETRA,44.51139271,11.28686375,2,0.001597444089456869,0.0009900386475839619,0.00024772514256965033,2
6274,FAGGIOLO,44.50890139,11.28449625,3,0.0023961661341853034,0.0009734465504969905,0.00023878660649754956,2
6285,MARZABOTTO,44.50134112,11.3114589,5,0.003993610223642172,0.0005306640714470679,0.00670390205407559,2
6286,MARZABOTTO,44.50156144,11.31177659,5,0.003993610223642172,0.0005482589219692168,0.03885198550424836,2
6455,DEPOSITO BATTINDARNO,44.50205107,11.29736129,2,0.001597444089456869,0.00046576781723159686,0.010106930430096818,2
6456,DEPOSITO BATTINDARNO,44.50212558,11.29788076,2,0.001597444089456869,0.00047620043761843756,0.011114431138795034,2
6459,BATTINDARNO DE CAROLIS,44.50000856,11.29582584,2,0.001597444089456869,0.00045245756060526536,0.008874689385871494,2
6461,BERTOCCHI,44.5000319,11.29382515,2,0.001597444089456869,0.00044400868544690564,0.007676925552209989,2
6462,BATTINDARNO DE CAROLIS,44.50016563,11.29615747,2,0.001597444089456869,0.00046191751118783295,0.009850266751455066,2
6463,DE PISIS,44.50056193,11.2903781,2,0.001597444089456869,0.00043259775335119746,0.006511085061663129,2
6464,BERTOCCHI,44.49993131,11.29373473,2,0.001597444089456869,0.0004512074883326221,0.008606533303708471,2
6468,GIOTTO,44.49983484,11.29055323,2,0.001597444089456869,0.0004394115870682206,0.007398554000250279,2
6469,ALTOBELLI,44.49983576,11.28868053,2,0.001597444089456869,0.000425881387567611,0.005363121643260471,2
6470,GNUDI,44.49820793,11.2887702,2,0.001597444089456869,0.00042982764837563723,0.006223774973631318,2
6471,VIGHI,44.49824215,11.28548937,2,0.001597444089456869,0.00041604323632826593,0.004493529776817524,2
6472,VIGHI,44.49811399,11.28545527,2,0.001597444089456869,0.00041982163847639455,0.005063042217982802,2
6477,CENTRO SPORTIVO BARCA,44.49287465,11.28135464,2,0.001597444089456869,0.00040626058821156147,0.003483475200670135,2
6478,NALDI,44.4922181,11.28288396,2,0.001597444089456869,0.0004027143738180638,0.0027377459055120124,2
65,SILVANI,44.50054117,11.32894733,3,0.0023961661341853034,0.000638814126240879,0.010662396600291653,2
6602,CASALECCHIO SANTA LUCIA,44.47970274,11.26863293,2,0.001597444089456869,0.0003550481819430374,0.017704686091382486,2
6603,CASALECCHIO SANTA LUCIA,44.47980054,11.26844025,2,0.001597444089456869,0.0003549746052739285,0.017289682630892093,2
6657,ARIOSTO,44.51397728,11.26195458,2,0.001597444089456869,0.0009015060538557209,0.00021707873317959052,2
6661,CAVALIERI DUCATI,44.51412912,11.25924675,2,0.001597444089456869,0.0008974721199024289,0.00021324793200583304,2
6665,CAVALIERI DUCATI FRONTE 118/2,44.5155458,11.2545557,2,0.001597444089456869,0.0008886607740724679,0.00020814019710748972,2
6667,VILLAGGIO SPERANZA,44.51613672,11.2502148,2,0.001597444089456869,0.0008819987134334862,0.00020303246220914644,2
6669,CA` NUOVA@,44.51635702,11.24599957,2,0.001597444089456869,0.0008706492221651217,0.00018770925751411652,2
6671,CASA SANTA CHIARA@,44.51556453,11.24729247,2,0.001597444089456869,0.0008758186088683554,0.0001966477935862173,2
6673,RIGOSA@,44.51138019,11.23924485,2,0.001597444089456869,0.0008617377169361502,0.00018387845634035903,2
6677,OLMETOLA@,44.51023507,11.24148679,2,0.001597444089456869,0.0008646979066053216,0.0001864323237895307,2
6681,LA PICCIONAIA@,44.5098651,11.24576741,2,0.001597444089456869,0.000869910757977345,0.00019154005868787398,2
6685,VILLA BOSCHI@,44.50839211,11.25230542,2,0.001597444089456869,0.0008864805090995331,0.00019920166103538895,2
6689,COLLEGIO SAN LUIGI@,44.50707664,11.25686148,2,0.001597444089456869,0.0008994968619488341,0.0002068632633829039,2
6691,BOIARDO14@,44.50799366,11.25871949,2,0.001597444089456869,0.0009047396255802892,0.00021452486573041887,2
6693,CASE GIARDINO@,44.50953679,11.25966764,2,0.001597444089456869,0.0009102247898305813,0.00022090953435334798,2
6695,BOIARDO@,44.51121092,11.26048094,3,0.0023961661341853034,0.0009157317331489514,0.0002260172692516913,2
67,PORTA LAME,44.5029412,11.33369966,2,0.001597444089456869,0.0006636696789896351,0.008508209406915362,2
7001,PORTA SARAGOZZA - RISORGIMENTO,44.49051795,11.32833911,5,0.003993610223642172,0.00066349320148647,0.0889575879232716,2
7002,PORTA SARAGOZZA - RISORGIMENTO,44.49036034,11.32825895,4,0.003194888178913738,0.0006627552479200441,0.06169249903591504,2
7003,SAN GIUSEPPE,44.49034182,11.32538601,2,0.001597444089456869,0.0006400643043418898,0.0749675020367093,2
7004,SAN GIUSEPPE,44.49019441,11.32494311,2,0.001597444089456869,0.0006361397659643336,0.05024989592990145,2
7005,VILLA BENNI,44.48907438,11.31848619,3,0.0023961661341853034,0.0005902099321403541,0.07344284316955381,2
7006,ORSONI,44.48967962,11.32148532,2,0.001597444089456869,0.0006102200677365305,0.04903170115664657,2
7007,ORSONI,44.48961843,11.32067641,2,0.001597444089456869,0.0006068991559276065,0.07376718433559862,2
7009,VILLA SPADA,44.48934381,11.31560742,2,0.001597444089456869,0.0005699121589991275,0.045905767398860466,2
701,PIAZZA MALPIGHI,44.49432767,11.33630066,4,0.003194888178913738,0.0007152179642617309,0.01244371914608888,2
7010,VILLA BENNI,44.48890616,11.31831917,3,0.0023961661341853034,0.000588535939845794,0.04806889312830886,2
7011,MELONCELLO,44.49011958,11.31208916,3,0.0023961661341853034,0.0005473675809120318,0.04506043727318465,2
7012,VILLA SPADA,44.48938793,11.31531833,2,0.001597444089456869,0.000569799307950332,0.043545993875825854,2
7013,DELLO SPORT,44.49091038,11.30740411,2,0.001597444089456869,0.0005206632125186703,0.03778957664539295,2
7014,MELONCELLO,44.4900127,11.31219891,4,0.003194888178913738,0.000552284009088497,0.04677919006647717,2
7015,BIVIO SAN LUCA,44.49019431,11.31012072,2,0.001597444089456869,0.0005355918387924374,0.03902564849079203,2
7017,FUNIVIA,44.49127414,11.30307156,2,0.001597444089456869,0.0005011583830191817,0.03657521267331183,2
7018,BIVIO SAN LUCA,44.4901684,11.3094547,2,0.001597444089456869,0.000536546181949199,0.04096914161961166,2
7019,DON STURZO,44.48954585,11.29957248,3,0.0023961661341853034,0.00048357240908711047,0.03834759668303696,2
702,PIAZZA MALPIGHI,44.49417325,11.33641727,4,0.003194888178913738,0.0007304877079972861,0.0461547694751547,2
7020,DELLO SPORT,44.49091796,11.30700116,2,0.001597444089456869,0.000522341311918912,0.039703700298547105,2
7021,TREVES,44.48874067,11.29754597,2,0.001597444089456869,0.00047234788610907383,0.03605677758112998,2
7022,FUNIVIA,44.49124831,11.30384953,2,0.001597444089456869,0.0005069882737933007,0.03846252071824968,2
7025,MILANI,44.48796206,11.29517772,3,0.0023961661341853034,0.0004605103600068067,0.03501863046304171,2
7027,CROCE LUNA,44.48609553,11.29193776,2,0.001597444089456869,0.00044325874564294873,0.029718078572285943,2
7028,DON STURZO,44.48908175,11.29889712,3,0.0023961661341853034,0.0004857043311176829,0.059147570122815483,2
7029,CROCE,44.48488614,11.28917327,2,0.001597444089456869,0.00043146470196208747,0.028300682137995675,2
703,PIAZZA SAN FRANCESCO,44.49523278,11.33589816,3,0.0023961661341853034,0.0007271526522208431,0.0565515638607325,2
7030,TREVES,44.48820036,11.2964502,3,0.0023961661341853034,0.000472590195343555,0.0568312123464168,2
7031,CASALECCHIO CASA CONOSCENZA,44.47833886,11.27688449,5,0.003993610223642172,0.00037765232240576156,0.03097585829100298,2
7033,CASALECCHIO VILLA CHIARA,44.48241869,11.28651457,2,0.001597444089456869,0.0004167469448041669,0.026883285703705406,2
7034,CROCE LUNA,44.48625691,11.29244789,2,0.001597444089456869,0.0004518590030698671,0.04717887032227253,2
7035,CASALECCHIO SAN MARTINO,44.47755548,11.28427185,2,0.001597444089456869,0.0003954097192304757,0.02551696661839857,2
7036,CROCE,44.48506711,11.29024928,2,0.001597444089456869,0.00044125947964880396,0.04576147388798227,2
7037,CASALECCHIO CHIUSA,44.47734838,11.28092539,2,0.001597444089456869,0.0003865048406299905,0.0242259866228423,2
7038,CASALECCHIO VILLA CHIARA,44.48262199,11.2867583,2,0.001597444089456869,0.00042418270066153703,0.044344077453691996,2
704,PIAZZA MALPIGHI,44.49370661,11.33632222,9,0.00718849840255591,0.000738465765083332,0.07071148193266473,2
7042,CASALECCHIO SAN MARTINO,44.47758295,11.28481125,2,0.001597444089456869,0.0004016632405804779,0.04295221969389345,2
7043,CASALECCHIO STAZIONE,44.4746218,11.27621335,2,0.001597444089456869,0.00036321122171566433,0.007798234256045642,2
7044,CASALECCHIO CHIUSA,44.47690458,11.28150929,3,0.0023961661341853034,0.0003917417153582298,0.042466984878550836,2
7046,CASALECCHIO MARCONI,44.47712896,11.27759891,3,0.0023961661341853034,0.0003811027358579476,0.01909782078490562,2
7048,CASALECCHIO STAZIONE,44.47504909,11.27622997,2,0.001597444089456869,0.0003716862309531213,0.009062398643385611,2
705,SANT`ISAIA,44.49401779,11.33227606,3,0.0023961661341853034,0.0006940721434546363,0.025084086085763978,2
7051,CROCE CARAVAGGIO,44.48695899,11.29248169,2,0.001597444089456869,0.0004468490772069963,0.002754346043931628,2
7052,CROCE CARAVAGGIO,44.48713514,11.29183542,2,0.001597444089456869,0.00045090848240462214,0.007143167255333114,2
7053,CROCEFISSI,44.49032196,11.28948504,3,0.0023961661341853034,0.0004273389813408363,0.0015910594208339399,2
7054,CROCEFISSI,44.48954372,11.28951668,3,0.0023961661341853034,0.0004341593433825432,0.005728324688492018,2
7055,LORENZETTI,44.49159953,11.29199227,2,0.001597444089456869,0.0004167832715103432,0.00011875483638648186,2
7056,BONINSEGNA,44.49019093,11.29060316,2,0.001597444089456869,0.00042680495586784817,0.0021682334643467337,2
706,SANT`ISAIA,44.49394186,11.33224709,3,0.0023961661341853034,0.0007015203299862741,0.0476321817945005,2
7060,FILANDA,44.49072648,11.29147779,2,0.001597444089456869,0.0004211923492621411,0.0007444523614335369,2
707,SANT`ISAIA,44.49345556,11.33270729,4,0.003194888178913738,0.0006943319186634686,0.051410628685549964,2
709,PORTA SANT`ISAIA,44.49455031,11.32942567,3,0.0023961661341853034,0.0006726321797329006,0.024766129588342106,2
710,PORTA SANT`ISAIA,44.49437954,11.32996364,3,0.0023961661341853034,0.0006821447909519517,0.04761175085490713,2
7101,ANDREA COSTA,44.49500677,11.32641183,2,0.001597444089456869,0.000645801055365633,0.020725911283752552,2
7102,ANDREA COSTA,44.49496216,11.32595019,2,0.001597444089456869,0.0006479299318243898,0.03859659875933119,2
7103,SAN PAOLO RAVONE,44.49538429,11.32282096,2,0.001597444089456869,0.0006146031602035177,0.019415777282327493,2
7104,SAN PAOLO RAVONE,44.49527425,11.32308544,2,0.001597444089456869,0.0006215351225408787,0.037297957161427406,2
7105,CROCETTA,44.49536542,11.31957043,2,0.001597444089456869,0.0005898715598857347,0.018124797286771223,2
7106,CROCETTA,44.49532474,11.32021579,2,0.001597444089456869,0.0005984762031312421,0.03601463876821865,2
7109,MARTINI,44.4950162,11.31598608,2,0.001597444089456869,0.0005656547948613707,0.01686829450177877,2
711,PORTA SARAGOZZA - FRASSINAGO,44.49042527,11.33055862,2,0.001597444089456869,0.0006611870720272383,0.03490115256037981,2
7110,MARTINI,44.49487617,11.31576043,2,0.001597444089456869,0.000569708588831316,0.03479005932634084,2
7111,MAGNANI,44.49430983,11.31263921,2,0.001597444089456869,0.0005441469985837684,0.01568074613791395,2
7112,MAGNANI,44.49415056,11.31255744,2,0.001597444089456869,0.0005494646169630407,0.03362549576951857,2
7113,STADIO,44.49383518,11.30943127,2,0.001597444089456869,0.000528214595838473,0.014544275123032564,2
7114,STADIO,44.49381066,11.31028321,2,0.001597444089456869,0.0005371792911075664,0.03248136315228967,2
7117,LINO,44.49340353,11.30637569,2,0.001597444089456869,0.0005138287360003826,0.01341674264422328,2
7118,LINO,44.49344753,11.30722765,2,0.001597444089456869,0.0005224959862536446,0.03135638454092956,2
7119,CERTOSA,44.49293527,11.30328711,3,0.0023961661341853034,0.000500158850572901,0.015095910492053641,2
7120,CERTOSA,44.49291513,11.3041738,3,0.0023961661341853034,0.0005088051680787451,0.03344800198180114,2
7123,FUNIVIA,44.49154951,11.30191668,2,0.001597444089456869,0.0004890898753262138,0.003805262499265763,2
7124,FUNIVIA,44.49181174,11.30219426,2,0.001597444089456869,0.000497170939584864,0.023113777348728045,2
7125,GHISELLO,44.49333214,11.29925835,2,0.001597444089456869,0.00048070695393036766,0.011502618991069125,2
7126,GHISELLO,44.49307194,11.29988483,2,0.001597444089456869,0.0004875812003262277,0.01095992215812015,2
7127,BARCA,44.49407469,11.29661088,2,0.001597444089456869,0.0004676122825289582,0.010159284712804835,2
7128,BARCA,44.49396217,11.29666621,2,0.001597444089456869,0.00047187820531260346,0.009615310946131274,2
7129,BELCANTONE,44.49541591,11.29362522,2,0.001597444089456869,0.00045230379589530076,0.008838935241583091,2
7130,BELCANTONE,44.49531049,11.29360695,2,0.001597444089456869,0.0004560674853140995,0.00830390001098163,2
7133,DE AMBRIS,44.4959681,11.291092,2,0.001597444089456869,0.0004407337673946473,0.00760924806480694,2
7134,DE AMBRIS,44.49582482,11.29164296,2,0.001597444089456869,0.0004461114883623042,0.007020581617772874,2
7135,BUOZZI,44.49621626,11.28825752,2,0.001597444089456869,0.00043133060013722584,0.006482992519722242,2
7136,BUOZZI,44.49613661,11.28810505,2,0.001597444089456869,0.0004336586548482009,0.005829202452734298,2
7140,RIGOLA,44.49411519,11.28694194,2,0.001597444089456869,0.00042522205520061036,0.0047897784009214356,2
7143,TRENO,44.49477824,11.28482337,2,0.001597444089456869,0.0004050024172293991,0.0029471630363440875,2
7144,TRENO,44.49436896,11.28452517,4,0.003194888178913738,0.00041987027670575854,0.009734065782517756,2
7145,TOMMASEO,44.49680003,11.28616489,2,0.001597444089456869,0.0004135818930027088,0.003918909600753901,2
7146,PIAZZA GIOVANNI XXIII,44.49633007,11.2856096,2,0.001597444089456869,0.00042391193553115435,0.005483153413371539,2
7150,TOMMASEO,44.49690016,11.28602573,2,0.001597444089456869,0.00041515476007478603,0.004370944139257284,2
7163,ROTONDA MALAGUTI,44.4907696,11.28812148,2,0.001597444089456869,0.00042583655824190086,0.0007725449033744251,2
7171,MONTEFIORINO,44.49585751,11.31517511,3,0.0023961661341853034,0.0005300537163267621,0.0034017514422966418,2
7172,MONTEFIORINO,44.49586051,11.31502729,3,0.0023961661341853034,0.000527896000113978,0.0030901796134977003,2
7201,RONCATI,44.49332706,11.32597792,2,0.001597444089456869,0.0006207597649667541,0.008508209406915362,2
7203,PIAZZA VOLTA,44.49282459,11.32349201,2,0.001597444089456869,0.0005998138361750753,0.007124013249464326,2
7204,PIAZZA VOLTA,44.49278028,11.32376145,2,0.001597444089456869,0.000611655447867181,0.008305176944706215,2
7205,TURATI,44.4912353,11.32162803,2,0.001597444089456869,0.0005779861173964484,0.005802386844517996,2
7206,TURATI,44.49174363,11.32200271,2,0.001597444089456869,0.0005923464716004385,0.006927365455878109,2
7209,XXI APRILE ZANNONI,44.49184576,11.31759452,2,0.001597444089456869,0.0005531880818340994,0.004613561546928591,2
7210,XXI APRILE ZANNONI,44.49142879,11.31902834,2,0.001597444089456869,0.0005695139612493308,0.005573815707817133,2
7211,XXI APRILE MARTINI,44.4919806,11.31343536,2,0.001597444089456869,0.0005354182147316591,0.0038308011737574798,2
7212,XXI APRILE MARTINI,44.49201223,11.31492779,2,0.001597444089456869,0.0005429797000190012,0.0042458046342478736,2
7213,IRMA BANDIERA,44.49346955,11.3136782,2,0.001597444089456869,0.000531255896039594,0.0034413363877588026,2
7214,IRMA BANDIERA,44.49289562,11.31314535,2,0.001597444089456869,0.0005336876549050755,0.003350674093313209,2
7231,CASAGLIA,44.48666339,11.31510282,4,0.003194888178913738,0.0005625983743011733,0.028467960455916416,2
7232,CASAGLIA,44.48681362,11.31526989,2,0.001597444089456869,0.0005612131569374601,0.002129925452609159,2
7233,SCUOLE CARRACCI,44.48471724,11.31493149,2,0.001597444089456869,0.0005448762007615409,0.0011275324788092849,2
7234,SCUOLE CARRACCI,44.48473474,11.31503986,2,0.001597444089456869,0.0005439580057144203,0.0007750987708235967,2
7236,RAVONE,44.4824726,11.31482931,2,0.001597444089456869,0.0005299935937922546,0.0002809254194088818,2
72401,CASALECCHIO LIDO,44.46903894,11.27754421,2,0.001597444089456869,0.0003436832385979903,0.0062722984551655805,2
72402,CASALECCHIO LIDO,44.47038486,11.27748657,2,0.001597444089456869,0.00035429818904603036,0.0075339089750563765,2
72405,CASALECCHIO RONZANI,44.46494558,11.27796638,2,0.001597444089456869,0.00033064615420240316,0.004746362654285518,2
72406,CASALECCHIO RONZANI,44.46537146,11.27805365,2,0.001597444089456869,0.00033760966605062475,0.006006696240451729,2
72409,CASALECCHIO C.S. ALLENDE,44.4614144,11.27897605,2,0.001597444089456869,0.0003199241109280447,0.003219149919680869,2
72410,CASALECCHIO C.S. ALLENDE,44.46158338,11.27896692,2,0.001597444089456869,0.00032575806815102204,0.004480760439571666,2
72413,SAN BIAGIO MICCA,44.45730502,11.2749824,2,0.001597444089456869,0.0003063234585474428,0.0016906602513516345,2
72414,SAN BIAGIO MICCA,44.45716384,11.27444271,2,0.001597444089456869,0.00031044928691592523,0.0029548246386916026,2
72417,SAN BIAGIO CEFALONIA,44.45582199,11.27443773,2,0.001597444089456869,0.0003020685202085383,0.00016217058302239997,2
72418,SAN BIAGIO CEFALONIA,44.45526445,11.2741804,2,0.001597444089456869,0.000305144155140623,0.001427611904086954,2
72421,SAN BIAGIO RESISTENZA,44.45532587,11.27137828,2,0.001597444089456869,0.00029996155952155963,3.0646409390059834e-05,2
7301,AUDINOT,44.49170184,11.32737065,2,0.001597444089456869,0.0006439931241601678,0.009916667305133528,2
7302,GUIDOTTI,44.49258054,11.3254192,2,0.001597444089456869,0.0006272533585174141,0.00969575777078018,2
750,FARINI,44.49132723,11.34287801,5,0.003993610223642172,0.0007176207619867951,0.021106437533679127,2
7502,CASALECCHIO CASA CONOSCENZA,44.47817561,11.27646554,3,0.0023961661341853034,0.0003762018494174038,0.022144584651767406,2
753,FARINI,44.49139376,11.34226833,8,0.006389776357827476,0.0007381801499908943,0.13499232562831523,2
754,COLLEGIO DI SPAGNA,44.49026892,11.33681957,5,0.003993610223642172,0.0007108124049889073,0.03998717958540516,2
755,COLLEGIO DI SPAGNA,44.4904475,11.33737504,2,0.001597444089456869,0.0006932149192255225,0.040658846724537304,2
756,NOSADELLA,44.48999766,11.33384111,2,0.001597444089456869,0.0006877205470102819,0.036539458529023426,2
758,D`AZEGLIO,44.49044021,11.34135528,5,0.003993610223642172,0.0007285320289859242,0.062081963821913715,2
759,NOSADELLA,44.49010559,11.33417635,2,0.001597444089456869,0.000670297081018271,0.03961686880527527,2
760,PORTA SARAGOZZA - FRASSINAGO,44.49025416,11.33100822,3,0.0023961661341853034,0.0006818594797893727,0.0521193269026951,2
761,PORTA SARAGOZZA - FRASSINAGO,44.49037379,11.33121187,2,0.001597444089456869,0.0006612317512967392,0.03913291092365724,2
799,PIAZZA CAVOUR,44.4911381,11.34364941,4,0.003194888178913738,0.0007107272756932179,0.006992489075831987,2
8,STAZIONE CENTRALE,44.50486794,11.34464633,3,0.0023961661341853034,0.0007005847383620583,0.004618669281826935,2
800,PIAZZA CAVOUR,44.49098273,11.34365262,2,0.001597444089456869,0.0007197120858130915,0.002488743829217776,2
8001,DELLE ROSE,44.4826008,11.3488522,2,0.001597444089456869,0.0006440421079857637,0.015429190194170543,2
8002,PORTA CASTIGLIONE,44.48454138,11.34830684,2,0.001597444089456869,0.0006600703404747535,0.01937108460196699,2
8003,CASTIGLIONE,44.48049583,11.34923689,3,0.0023961661341853034,0.0006205528045819616,0.014430628021544427,2
8004,DELLE ROSE,44.48178585,11.34923674,2,0.001597444089456869,0.0006277200498641478,0.017979226842168437,2
8005,SCALINI,44.47831622,11.34791712,2,0.001597444089456869,0.000593927321321529,0.005950511156569952,2
8006,SCALINI,44.47768717,11.34649382,2,0.001597444089456869,0.0005764886822692022,0.003196165112638324,2
8007,PORTA CASTIGLIONE,44.48425833,11.34828133,2,0.001597444089456869,0.0006664075289581199,0.01681338635162158,2
8008,VILLA GUASTAVILLANI,44.46747606,11.34643412,2,0.001597444089456869,0.0004801598189445154,0.00016983218536991494,2
8009,BARBIANO,44.47635902,11.34360361,3,0.0023961661341853034,0.0005588695586050536,0.0045446071258009564,2
801,PIAZZA CAVOUR,44.4908117,11.34365205,2,0.001597444089456869,0.0006773865463628145,0.0,2
8010,BARBIANO,44.47618425,11.34331843,2,0.001597444089456869,0.0005518538172702001,0.0017787686783480563,2
8011,PUTTI,44.48060858,11.34709273,3,0.0023961661341853034,0.0006037979773976387,0.006195682431690431,2
8012,IST. RIZZOLI - CENTRO RICERCA,44.4753565,11.34071716,2,0.001597444089456869,0.0005412965936648022,0.0008517147942987463,2
8013,PIAZZALE BACCHELLI,44.4806637,11.34413676,2,0.001597444089456869,0.0005830555733384825,0.001001116040075288,2
8014,CASTIGLIONE,44.4805738,11.34935208,4,0.003194888178913738,0.0006136873512741931,0.017405883599829402,2
8015,BARBIANO 1,44.4751864,11.3427001,2,0.001597444089456869,0.0005452310232713008,0.0014595352472015998,2
8016,SCALINI,44.47797303,11.34797016,2,0.001597444089456869,0.0005835932257989886,0.007767587846655583,2
8017,PIAZZALE BACCHELLI,44.48071639,11.34378993,2,0.001597444089456869,0.0005799828006261808,0.0026994378937744376,2
8018,PUTTI,44.4804806,11.3477069,2,0.001597444089456869,0.000600420393970836,0.0028143619289871615,2
8019,ISTITUTO ORTOPEDICO RIZZOLI,44.48132622,11.34258832,2,0.001597444089456869,0.0005692456243643855,0.0013203494712217447,2
802,PIAZZA CAVOUR,44.4908574,11.34419389,3,0.0023961661341853034,0.0006911036116801427,0.0024402203476835147,2
8020,PIAZZALE BACCHELLI,44.48053917,11.34441942,3,0.0023961661341853034,0.0005822001255569975,0.0035588142904206988,2
8021,CODIVILLA,44.48446868,11.33990039,2,0.001597444089456869,0.0005907392544070101,0.0008644841315446046,2
8022,ISTITUTO ORTOPEDICO RIZZOLI,44.48129857,11.34248269,2,0.001597444089456869,0.0005686822979613914,0.0013573805492347337,2
8023,BIVIO SAN VITTORE,44.46419284,11.34265691,2,0.001597444089456869,0.0004687501124502237,8.427762582266456e-05,2
8024,POLIAMBULATORIO RIZZOLI,44.47606082,11.34099758,2,0.001597444089456869,0.0005415977016443421,0.0009602541608885415,2
8026,SAN MICHELE IN BOSCO,44.48228749,11.34189117,2,0.001597444089456869,0.0005657183273834901,0.0007508370300564661,2
8028,CODIVILLA,44.48438742,11.33985705,2,0.001597444089456869,0.000596701868371066,0.0028462852721018073,2
803,TRIBUNALE,44.48822717,11.34368998,8,0.006389776357827476,0.0007139072222639227,0.018219290382390573,2
8030,BATTIVENTO,44.47126624,11.34686816,2,0.001597444089456869,0.0005053276888921224,0.0016293674325715147,2
8032,VILLA COLONNA,44.47350429,11.34663335,2,0.001597444089456869,0.0005226804476196665,0.003164241769523678,2
8034,VILLA SAMPIERA,44.47460385,11.34818703,2,0.001597444089456869,0.0005360028860475373,0.004700393040200428,2
8036,BELLA RIPA,44.47418794,11.34975064,2,0.001597444089456869,0.000547036213762723,0.006235267377152591,2
804,TRIBUNALE,44.48794166,11.34424997,5,0.003993610223642172,0.0007038115427356493,0.01835719922464584,2
805,XII GIUGNO,44.4857542,11.34698006,3,0.0023961661341853034,0.0006923614687614347,0.01823844438825936,2
806,XII GIUGNO,44.48636111,11.34578534,3,0.0023961661341853034,0.0006962473747126782,0.025472273938038067,2
807,PIAZZA CAVOUR,44.49066255,11.34392826,3,0.0023961661341853034,0.0007034108868574515,0.002400635402221354,2
809,PIAZZA CAVOUR,44.49064382,11.34410044,4,0.003194888178913738,0.000735425450813598,0.11527263811953632,2
8101,ANNUNZIATA,44.48480396,11.33932747,3,0.0023961661341853034,0.000647721522164346,0.03355015667976801,2
8102,ANNUNZIATA,44.48493628,11.3394876,3,0.0023961661341853034,0.0006515241377886899,0.03540043364669287,2
8103,BAGNI DI MARIO,44.48203225,11.33734778,3,0.0023961661341853034,0.0006137344013458409,0.03231408483436893,2
8104,BAGNI DI MARIO,44.48247193,11.33805298,3,0.0023961661341853034,0.0006215314291851524,0.034889660156858536,2
8105,VILLA GHIGI,44.47926677,11.33592164,2,0.001597444089456869,0.0005834804834779629,0.029490784369309665,2
8106,VILLA GHIGI,44.48015026,11.33665874,2,0.001597444089456869,0.000594200087049539,0.03026971394130702,2
8109,SAN MAMOLO,44.47767064,11.33572197,2,0.001597444089456869,0.0005666534677892903,0.028046572326803094,2
8110,SAN MAMOLO,44.4774637,11.33599113,2,0.001597444089456869,0.0005675508817382482,0.028825501898800447,2
8111,BIVIO COLLI,44.47563209,11.33605318,3,0.0023961661341853034,0.000547371381142204,0.02670706884971256,2
8112,BIVIO COLLI,44.47565337,11.33619548,3,0.0023961661341853034,0.0005500003275877865,0.02748472148798533,2
8113,FONTANINA,44.47228505,11.33820419,2,0.001597444089456869,0.0005183875150003077,0.0020009551464259903,2
8114,FONTANINA,44.47231113,11.33825498,2,0.001597444089456869,0.0005209032319158541,0.0027045456286727805,2
8117,POLVERIERA,44.47054061,11.33800142,2,0.001597444089456869,0.000504402440715028,0.0005209889596310172,2
8118,POLVERIERA,44.47041468,11.3380239,2,0.001597444089456869,0.0005055686173006939,0.0012028715685598486,2
8120,RONCRIO,44.46808275,11.33704679,2,0.001597444089456869,0.0004916167640504215,0.00012130870383565352,2
8144,VILLA BARUZZIANA,44.48345552,11.33587982,3,0.0023961661341853034,0.0006283756105916657,0.0020507555616848376,2
8145,VILLA ALDINI,44.48114074,11.32891218,3,0.0023961661341853034,0.0005780064065765843,0.001200317701110677,2
8146,VILLA ALDINI,44.48103932,11.32869829,2,0.001597444089456869,0.0005724608163376481,0.0004264958640116661,2
8148,OSSERVANZA,44.48110089,11.32667229,2,0.001597444089456869,0.0005633992224733617,8.427762582266456e-05,2
8151,MONTE CUCCOLINO,44.46476393,11.32866052,2,0.001597444089456869,0.0004673518429616688,0.021835566690417633,2
8152,MONTE CUCCOLINO,44.46497358,11.328892,2,0.001597444089456869,0.0004703756945456202,0.02189813644292234,2
8153,BIVIO GAIBOLA,44.46234709,11.32599291,3,0.0023961661341853034,0.00044975797787569905,0.020384969979288136,2
8154,GAIBOLA CHIESA,44.46289706,11.31964843,3,0.0023961661341853034,0.0004263705334613904,0.0007904219755186266,2
8155,GAIBOLA CHIESA,44.46292507,11.31954348,3,0.0023961661341853034,0.00042535114860549816,0.0014633660483753573,2
8156,BIVIO GAIBOLA,44.46183546,11.32561433,3,0.0023961661341853034,0.00044826119296591374,0.020451370532966598,2
8157,CASA CANTINELLA,44.4558284,11.3192561,2,0.001597444089456869,0.0004096423723877234,0.01555560663290454,2
8158,CASA CANTINELLA,44.45577789,11.31938765,2,0.001597444089456869,0.0004108017366210079,0.014835416012238133,2
8159,FORTE,44.45394491,11.31721762,3,0.0023961661341853034,0.00039865347828139534,0.014062871108863707,2
8160,FORTE,44.45385552,11.31721409,3,0.0023961661341853034,0.0003993766741098278,0.013342680488197301,2
8161,PADERNO,44.44830984,11.31544181,3,0.0023961661341853034,0.00037522378694987326,0.012162793726679997,2
8162,PADERNO,44.44753685,11.31477031,3,0.0023961661341853034,0.0003730164445144091,0.010778597569228962,2
8163,TIRO AL PIATTELLO,44.4437018,11.3092379,2,0.001597444089456869,0.0003521648468945413,0.010639411793249107,2
8164,TIRO AL PIATTELLO,44.44371296,11.30940956,2,0.001597444089456869,0.0003534362474797891,0.009257769503247243,2
8165,GAIBOLA,44.46659713,11.31998126,2,0.001597444089456869,0.0004103831020950324,1.2769337245858266e-06,2
8167,CAVAIONI,44.44212446,11.30807853,2,0.001597444089456869,0.00034573117102788305,0.009116029859818216,2
8168,CAVAIONI,44.44216417,11.30820183,2,0.001597444089456869,0.0003469919684779016,0.007735664503540937,2
8169,CA` BRUCIATA,44.43800886,11.30935245,2,0.001597444089456869,0.00033226848712924974,0.007592647926387325,2
8170,CA` BRUCIATA,44.43924204,11.30935272,2,0.001597444089456869,0.00032231644596961167,0.004686346769229984,2
8171,LUMIERA,44.43564614,11.31315484,2,0.001597444089456869,0.00032148822989539437,0.006067989059231848,2
8172,LUMIERA,44.43555558,11.31326435,2,0.001597444089456869,0.0003095440761075932,0.0031629648357990926,2
8173,PARCO CAVAIONI,44.44226643,11.30397492,2,0.001597444089456869,0.00033698291205775955,0.00621100563638546,2
8174,LASTRE,44.44898842,11.32345062,4,0.003194888178913738,0.0003748322743675607,9.960083051769447e-05,2
8175,SABBIUNO,44.42893197,11.31484115,2,0.001597444089456869,0.0003033911047213595,0.0045446071258009564,2
8176,SABBIUNO,44.42905593,11.31452802,2,0.001597444089456869,0.0002933309330088228,0.0016395829023682013,2
8177,CIPPO SABBIUNO,44.42159187,11.31470837,2,0.001597444089456869,0.000286134259487651,0.003023779059819237,2
8178,CALANCHI,44.42816867,11.31546822,2,0.001597444089456869,0.0002903418671793317,0.00011620096893731022,2
8179,SABBIUNO CASETTA,44.42093356,11.31304148,2,0.001597444089456869,0.000282780715122121,0.0015055048612866895,2
8180,CIPPO SABBIUNO,44.421457,11.31472737,2,0.001597444089456869,0.00027978965110720793,5.1077348983433066e-05,2
8181,CA` DI SAVINI,44.45844849,11.32167586,3,0.0023961661341853034,0.00042476430934867905,0.017090480969856704,2
8182,CA` DI SAVINI,44.4581217,11.32166998,3,0.0023961661341853034,0.00042468094254817637,0.016354967144495268,2
851,TAGLIAPIETRE,44.49107082,11.34003951,2,0.001597444089456869,0.0006775387342218845,0.00370821553619724,2
855,SAN LUIGI PORTA SAN MAMOLO,44.4879903,11.33963017,4,0.003194888178913738,0.0006871328375303425,0.037360526913932116,2
856,SAN LUIGI PORTA SAN MAMOLO,44.48721634,11.33969982,3,0.0023961661341853034,0.0006814561344557428,0.039429159547761154,2
897,PIAZZA MINGHETTI,44.49146672,11.34542884,3,0.0023961661341853034,0.000718511960290033,0.01820269024397096,2
9,STAZIONE CENTRALE,44.50535591,11.34274826,4,0.003194888178913738,0.000696931792203983,0.029243059226740014,2
900002,SANT`ISAIA PIAZZA MALPIGHI,44.49342332,11.33528614,2,0.001597444089456869,0.0006925009293169513,0.015279788948394001,2
9001,PORTA SANTO STEFANO-ROSA PARKS,44.48356592,11.35782177,4,0.003194888178913738,0.0006734461560667517,0.06296560195932711,2
9002,PORTA SANTO STEFANO-ROSA PARKS,44.48384329,11.35763406,4,0.003194888178913738,0.0006938487364518749,0.1046434417960839,2
9003,MURRI,44.48236472,11.35953538,3,0.0023961661341853034,0.0006626162771377341,0.05699976759806213,2
9004,MURRI,44.48238212,11.35975536,2,0.001597444089456869,0.0006789710447014597,0.09639317300153488,2
9005,STERLINO,44.48026569,11.3634125,3,0.0023961661341853034,0.0006509740357198174,0.05739306318523456,2
9006,STERLINO,44.48153923,11.36122563,3,0.0023961661341853034,0.00067092042466444,0.09781184636954973,2
90071,PIANORO N. RESISTENZA,44.39091521,11.34352519,2,0.001597444089456869,0.0002403224644899445,0.03934232805448932,1
90072,PIANORO N. RESISTENZA,44.39102284,11.34349025,2,0.001597444089456869,0.00017734280327166762,0.015335974032275776,1
90075,PIANORO N. VILLAGGIO MARTINO,44.39039159,11.34600748,2,0.001597444089456869,0.00023734820355239384,0.03786108493396976,1
90076,PIANORO N. VILLAGGIO MARTINO,44.39043286,11.34618961,2,0.001597444089456869,0.00017918252925324635,0.01685552516453291,1
90079,PIANORO N. SPORT,44.38742807,11.34748269,2,0.001597444089456869,0.00023262895189730354,0.03637728794600103,1
90080,PIANORO N. SPORT,44.38745181,11.34769551,2,0.001597444089456869,0.00018205352228301957,0.018372522429340874,1
9009,RAGNO,44.47818039,11.36545816,3,0.0023961661341853034,0.0006393661986042119,0.06440342933321075,2
9010,RAGNO,44.47979098,11.36424553,4,0.003194888178913738,0.0006584474760101104,0.08209279221989821,2
9011,VARTHEMA,44.4762369,11.36683957,2,0.001597444089456869,0.0006172935147329052,0.060963369879176534,2
9012,VARTHEMA,44.47734335,11.36633892,3,0.0023961661341853034,0.0006409839248044028,0.06345466757584348,2
9013,CHIESA NUOVA,44.47357067,11.36867349,2,0.001597444089456869,0.0005933630546476261,0.05998140784497003,2
9014,CHIESA NUOVA,44.47390331,11.36845121,2,0.001597444089456869,0.0006066573652202953,0.052314697762556726,2
90150,PIANORO V. FONDOVALLE SAVENA,44.37050427,11.33878144,2,0.001597444089456869,0.00020435766612250135,0.02742087480175604,1
9017,PARISIO,44.47216582,11.36964367,4,0.003194888178913738,0.0005831399033381977,0.0629400632848354,2
9018,PARISIO,44.47168425,11.37031803,4,0.003194888178913738,0.0005868271570142211,0.05337327582023838,2
9019,VILLA MAZZACORATI,44.46924653,11.37098071,2,0.001597444089456869,0.0005622473453289451,0.051967371789469384,2
9020,VILLA MAZZACORATI,44.46910738,11.37109765,4,0.003194888178913738,0.0005740739242467708,0.05345883037978563,2
9021,CROCE DI CAMALDOLI,44.46653171,11.37065389,3,0.0023961661341853034,0.0005512525049999738,0.07811514366781336,2
9022,CROCE DI CAMALDOLI,44.46640952,11.37084853,3,0.0023961661341853034,0.0005489157052722722,0.019944427844306025,2
9025,DIRETTISSIMA,44.46397817,11.37074393,3,0.0023961661341853034,0.0005292228997179181,0.07665560842061175,2
9026,DIRETTISSIMA,44.46338578,11.37098299,2,0.001597444089456869,0.0005230786208929426,0.017266697823849545,2
9027,ANGELO CUSTODE,44.46061832,11.3702644,2,0.001597444089456869,0.0005034010100520912,0.07502496405431565,2
9028,ANGELO CUSTODE,44.46000883,11.37030829,2,0.001597444089456869,0.0004974764652726422,0.015869732329152654,2
9029,SAN RUFFILLO,44.45711083,11.36936276,2,0.001597444089456869,0.00047928957963713835,0.07363182936079252,2
903,PIAZZA MINGHETTI,44.49144852,11.34719047,4,0.003194888178913738,0.0007231040237825059,0.051581737804644465,2
9030,SAN RUFFILLO,44.4573066,11.36971712,2,0.001597444089456869,0.0004785266065013305,0.014476597635629515,2
9035,PONTE SAVENA,44.45493741,11.36778232,2,0.001597444089456869,0.0004632119429579115,0.07223869466726938,2
9036,PONTE SAVENA,44.45490235,11.36780845,2,0.001597444089456869,0.00046087651544402534,0.01308346294210638,2
9037,TOSCANA PIETRO DA ANZOLA,44.45255505,11.36452729,3,0.0023961661341853034,0.0004447939561278907,0.07087365251568713,2
904,PIAZZA MINGHETTI,44.4915695,11.34519086,6,0.004792332268370607,0.0007391073813670922,0.03620362495945736,2
9040,TOSCANA PIETRO DA ANZOLA,44.45273147,11.36505522,2,0.001597444089456869,0.00044453408471712574,0.011690328248583242,2
9042,SAN RUFFILLO STAZIONE,44.46301781,11.37285056,2,0.001597444089456869,0.0005226890714538133,8.810842699642203e-05,2
905,GARGANELLI,44.48975241,11.35048349,3,0.0023961661341853034,0.0006963212829290774,0.046273524311541185,2
90521,CARTERIA PUCCINI,44.42067178,11.34900873,2,0.001597444089456869,0.00031432182617997133,0.05255859210395262,1
90522,CARTERIA PUCCINI,44.42051081,11.34917501,2,0.001597444089456869,0.00015042993805988494,0.0015450898067488502,1
90525,PIANORO N. DEPOSITO GAS,44.41746385,11.35109411,2,0.001597444089456869,0.0003053137189250192,0.051100333790475606,1
90526,PIANORO N. DEPOSITO GAS,44.41748424,11.35119699,2,0.001597444089456869,0.00015259695912674378,0.0030876257460485286,1
90529,BOARIA,44.40906725,11.34660436,2,0.001597444089456869,0.00028514383265602455,0.049639521609549424,1
90534,BOARIA,44.41099621,11.34889595,2,0.001597444089456869,0.00015698416244770835,0.0046276078178990356,1
90541,PIAN DI MACINA GARGANELLI,44.40678901,11.34315297,2,0.001597444089456869,0.00027803660663031744,0.048176155561174064,1
90542,PIAN DI MACINA GARGANELLI,44.4061644,11.3430456,2,0.001597444089456869,0.00016141207084725126,0.00616503602230037,1
90545,PIAN DI MACINA ALLENDE,44.40219572,11.340695,2,0.001597444089456869,0.0002683848043628834,0.046710235645349533,1
90546,PIAN DI MACINA ALLENDE,44.40217581,11.34084333,2,0.001597444089456869,0.00016456559100159262,0.007699910359252534,1
90549,PIAN DI MACINA,44.4000003,11.34033273,2,0.001597444089456869,0.0002640714362754326,0.04524176186207583,1
90550,PIAN DI MACINA,44.39999853,11.34041899,2,0.001597444089456869,0.00016629459962166018,0.009232230828755525,1
90557,MUSIANO,44.39934039,11.34534497,2,0.001597444089456869,0.0002574531394548391,0.04377073421135296,1
90558,MUSIANO,44.39916948,11.34544801,2,0.001597444089456869,0.0001691769648118517,0.010761997430809347,1
90561,PIANORO N. ZONA ARTIGIANALE,44.39588921,11.342374,2,0.001597444089456869,0.00025049028426151756,0.04229715269318092,1
90562,PIANORO N. ZONA ARTIGIANALE,44.3958974,11.34252343,2,0.001597444089456869,0.0001723085431359051,0.012289210165413995,1
90565,PIANORO N. BIVIO RESISTENZA,44.39189908,11.34090426,2,0.001597444089456869,0.00024377035531200563,0.0408210173075597,1
90566,PIANORO N. BIVIO RESISTENZA,44.39248217,11.34100599,2,0.001597444089456869,0.00017531004566739491,0.013813869032569473,1
90571,PIANORO N.MUNICIPIO,44.38505666,11.34284172,2,0.001597444089456869,0.00022419305414570436,0.03340203236771605,1
90572,PIANORO N.MUNICIPIO,44.38486992,11.34313949,2,0.001597444089456869,0.00018759283902999892,0.02139885535660928,1
90573,PIANORO N. CAMPO SPORTIVO,44.3839742,11.34549368,2,0.001597444089456869,0.00022730085862787585,0.03489093709058313,1
90574,PIANORO N. CAMPO SPORTIVO,44.38394521,11.3456722,2,0.001597444089456869,0.00018557349449900787,0.019886965826699663,1
90581,PIANORO STAZIONE,44.37937958,11.34233511,2,0.001597444089456869,0.00021682948349760348,0.03191057377739981,1
90582,PIANORO STAZIONE,44.37961233,11.34250915,2,0.001597444089456869,0.00019274717980780369,0.02290819101906973,1
90585,PIANORO V. MAESTA`,44.37476502,11.34041889,2,0.001597444089456869,0.00021092343070780778,0.03041656131963439,1
90586,PIANORO V. MAESTA`,44.37485651,11.34048451,2,0.001597444089456869,0.00019787101908118495,0.024414972814081004,1
90589,PIANORO VECCHIO,44.37190584,11.34169267,2,0.001597444089456869,0.0002073175207377402,0.0289199949944198,1
90590,PIANORO VECCHIO,44.37220719,11.34208906,2,0.001597444089456869,0.00020105068953836419,0.025919200741643108,1
906,GARGANELLI,44.48964448,11.35077941,4,0.003194888178913738,0.0007310345270879724,0.10910632516351136,2
909,FONDAZZA,44.48691974,11.35393496,2,0.001597444089456869,0.0006574450064316303,0.008011482188051476,2
910,FONDAZZA,44.48709604,11.35403558,4,0.003194888178913738,0.0007190301777439333,0.05099945602623333,2
9100,PAVESE,44.45083713,11.36048089,2,0.001597444089456869,0.00042661804419445596,0.0024338356790605856,2
9101,GANDINO,44.48092165,11.35803031,2,0.001597444089456869,0.0006384033008098996,0.004185788749192339,2
9102,GANDINO,44.48019634,11.35721439,2,0.001597444089456869,0.000646657276594461,0.006845641697504616,2
9103,BELLACOSTA,44.47952534,11.35815559,2,0.001597444089456869,0.0006231474307175033,0.002972701710835804,2
9104,REDENTI,44.47837407,11.3549971,2,0.001597444089456869,0.0006220773088236799,0.005619785321902222,2
9105,SANTA BARBARA,44.47774406,11.35594308,2,0.001597444089456869,0.0006103350279283927,0.0022614496262414988,2
9106,SANTA BARBARA,44.4770544,11.35620766,2,0.001597444089456869,0.0006065100063894086,0.004451390963906191,2
9109,BORGHI MAMO,44.47681677,11.3614445,2,0.001597444089456869,0.0006029327090731469,0.005403983522447218,2
911,BARACCANO,44.4855268,11.35493447,2,0.001597444089456869,0.0006688398007792113,0.03685996889389447,2
9110,SIEPELUNGA,44.47747637,11.36048485,2,0.001597444089456869,0.0005847398850087507,0.0034426133214833883,2
9111,VILLA HERCOLANI,44.4750731,11.36242245,2,0.001597444089456869,0.0005864073435157851,0.004347959332214739,2
9112,BORGHI MAMO,44.47596533,11.36338184,2,0.001597444089456869,0.0005716237003634559,0.002700714827499023,2
9113,MOLINELLI,44.4731126,11.36485005,2,0.001597444089456869,0.0005710075881854228,0.003539660284551911,2
9114,VILLA HERCOLANI,44.47454512,11.36346515,2,0.001597444089456869,0.00056535869026149,0.0021631257294483903,2
9117,ROVIGHI,44.47251789,11.3662609,2,0.001597444089456869,0.000566029973051498,0.0029803633131833193,2
9119,ARANZIO,44.47243006,11.36854246,2,0.001597444089456869,0.0005709547000675056,0.003505183073988094,2
912,BARACCANO,44.4860181,11.35446615,2,0.001597444089456869,0.000691537135451932,0.05989840715287195,2
9120,ROVIGHI,44.47258183,11.36622168,2,0.001597444089456869,0.0005597059459551041,0.0018400614971281761,2
9202,PARCHEGGIO LERCARO,44.47887149,11.37236012,2,0.001597444089456869,0.0006114342383607984,0.0,2
9203,DAGNINI,44.47737253,11.36807923,2,0.001597444089456869,0.000628677200013643,0.009651065090419677,2
9204,DAGNINI,44.477659,11.36821185,2,0.001597444089456869,0.0006297889071959055,0.020649295260277402,2
9205,ORTI,44.4770715,11.37081757,2,0.001597444089456869,0.0005957156222952238,0.014113948457847142,2
9206,ORTI,44.47754047,11.36993754,4,0.003194888178913738,0.0006310577617750712,0.03663139775719361,2
9209,LUNETTA GAMBERINI,44.47651315,11.37373695,2,0.001597444089456869,0.0005792382275231933,0.013188171507522417,2
9210,LUNETTA GAMBERINI,44.4766577,11.37250849,2,0.001597444089456869,0.0006088510516913417,0.032589902518879464,2
9212,PO,44.47587758,11.37744342,3,0.0023961661341853034,0.000583089016401119,0.032688226415672574,2
9213,CRICCA,44.47265573,11.38526724,2,0.001597444089456869,0.000517479562478325,0.023209547378071984,2
9215,ROMA,44.47066525,11.39039426,2,0.001597444089456869,0.0004877351228501466,0.021859828431184766,2
9216,HOSPICE SERAGNOLI,44.46562847,11.39613649,4,0.003194888178913738,0.0004469240725264476,0.015611791716786316,2
9217,HOSPICE SERAGNOLI,44.46579023,11.39626356,3,0.0023961661341853034,0.00045318255570536394,0.02127371585159987,2
9218,CRICCA,44.47285038,11.38537655,2,0.001597444089456869,0.0005128737018423261,0.01737651412416393,2
9219,ALTURA,44.46398327,11.39331131,3,0.0023961661341853034,0.00043945939529077224,0.003724815674616856,2
9220,ROMA,44.47075214,11.39078599,2,0.001597444089456869,0.0004824350101444316,0.016033179845899637,2
9221,OSPEDALE BELLARIA,44.46441043,11.39037207,2,0.001597444089456869,0.0004324469448700522,0.00028986395548098265,2
9222,ALTURA,44.46413014,11.39368659,2,0.001597444089456869,0.0004364603429841857,0.002068632633829039,2
9225,ALTURA,44.46394781,11.39339237,2,0.001597444089456869,0.00043461400048526075,0.0005720663086144503,2
9226,OSPEDALE BELLARIA,44.46429659,11.39089869,2,0.001597444089456869,0.00043470127534592283,0.001818353623810217,2
9227,CROARA BIVIO,44.46427647,11.39998204,2,0.001597444089456869,0.0004305110913897167,0.01006606855091007,2
9228,CROARA BIVIO,44.4642329,11.40055538,2,0.001597444089456869,0.00043465287155571356,0.01565903826459599,2
9229,PONTEBUCO BIVIO,44.46304301,11.40220679,2,0.001597444089456869,0.00042008005045438403,0.008657610652691904,2
9230,PONTEBUCO BIVIO,44.46313301,11.40378498,2,0.001597444089456869,0.00042217702575452973,0.014269734372246611,2
9233,BELLARIA VECCHIA,44.46250437,11.40464699,2,0.001597444089456869,0.00041156028753060647,0.007277245296414625,2
9234,SAN LAZZARO GIOVANNI XXIII,44.46444901,11.41128505,3,0.0023961661341853034,0.00040225158941664907,0.015706284812405668,2
9235,SAN LAZZARO GIOVANNI XXIII,44.46439395,11.41122778,3,0.0023961661341853034,0.00040083823088202464,0.01202488488442473,2
9236,CICOGNA FANTINI,44.46091593,11.41924192,2,0.001597444089456869,0.0003745592466491512,0.0068737342394455045,2
9237,CICOGNA FANTINI,44.46123034,11.41980487,2,0.001597444089456869,0.0003725842108700853,0.006928642389602695,2
9238,SAN CAMILLO,44.44887437,11.41639794,2,0.001597444089456869,0.000304740593167455,0.0,2
9241,CICOGNA DONINI,44.46142809,11.42215429,2,0.001597444089456869,0.0003655648265700698,0.00540653738989639,2
9242,CICOGNA DONINI,44.46167548,11.4218974,2,0.001597444089456869,0.0003661533814586644,0.005351629239739199,2
9243,CICOGNA VIGANO`,44.45902358,11.42251048,2,0.001597444089456869,0.00035621571241215027,0.0038818785227409127,2
9244,CICOGNA VIGANO`,44.45915198,11.42295575,2,0.001597444089456869,0.0003560150450595631,0.0038269703725837224,2
9245,PIO LA TORRE,44.45762306,11.42381162,2,0.001597444089456869,0.00034981372479765075,0.0023584965893100216,2
9246,PIO LA TORRE,44.45792055,11.42358041,2,0.001597444089456869,0.00035088025006764555,0.0023023115054282453,2
9249,ROTONDA PULCE,44.45080659,11.41016954,4,0.003194888178913738,0.000318064815760901,0.003114441354264831,2
9250,MURA SAN CARLO,44.44975538,11.41619269,2,0.001597444089456869,0.0003058158328308728,0.0,2
9261,PO,44.47600823,11.37681829,3,0.0023961661341853034,0.0005661674427108474,0.016849140495909982,2
9262,TORINO,44.4727878,11.37783103,3,0.0023961661341853034,0.0005629456408444559,0.014126717795092999,2
9263,TORINO,44.472299,11.37741827,3,0.0023961661341853034,0.0005450271655300394,0.009869420757323853,2
9264,ARMI,44.46919104,11.37705788,2,0.001597444089456869,0.0005296978065286082,0.004212604357408642,2
9265,ARMI,44.4692239,11.37680384,2,0.001597444089456869,0.0005290165478896083,0.006041173451015546,2
9266,MARCELLO,44.46698314,11.37649129,2,0.001597444089456869,0.0005099757244545913,0.002758176845105385,2
9269,MARCELLO,44.46612166,11.37616858,5,0.003993610223642172,0.0005436007519464813,0.037882792807287714,2
9270,CORTICELLI,44.46322196,11.375615,2,0.001597444089456869,0.0004859691889286686,0.0014633660483753573,2
9271,CORTICELLI,44.46273367,11.37528563,2,0.001597444089456869,0.0005143408038973817,0.003480921333220963,2
9272,CORELLI,44.45874585,11.37356176,2,0.001597444089456869,0.0004628610031593152,0.0004175573279395653,2
9273,CORELLI,44.45853721,11.37337415,2,0.001597444089456869,0.00048148331062903746,0.001957539399790072,2
9274,ROTONDA CORELLI,44.45566455,11.37198264,2,0.001597444089456869,0.0004626848362734129,0.0005886664470340661,2
9301,STERLINO,44.48059477,11.36178481,3,0.0023961661341853034,0.0006514469607709698,0.03360889563109896,2
9302,STERLINO,44.48056099,11.36186754,3,0.0023961661341853034,0.0006582840202341158,0.04041878318431517,2
9303,CARUSO,44.47889538,11.36078573,2,0.001597444089456869,0.0006266476796043498,0.016095749598404343,2
9304,CARUSO,44.47859076,11.36076871,2,0.001597444089456869,0.0006314945632359011,0.01132384826962711,2
9305,VILLA GETSEMANI,44.47224941,11.36042176,2,0.001597444089456869,0.0005608610501886867,0.014586413935943896,2
9306,SIEPELUNGA,44.47719499,11.35961345,4,0.003194888178913738,0.0006165869862809327,0.01395816254344767,2
9309,VILLA MAGLI,44.46941145,11.36120545,2,0.001597444089456869,0.0005350755223446821,0.01307707827348345,2
9310,VILLA GETSEMANI,44.47247721,11.36047968,2,0.001597444089456869,0.0005689776787852067,0.006794564348521183,2
9311,VILLA BELCOLLE,44.46501561,11.3598598,3,0.0023961661341853034,0.0005007259372240723,0.011643081700773567,2
9312,VILLA MAGLI,44.46947712,11.36118609,2,0.001597444089456869,0.0005412671606122735,0.005285228686060736,2
9313,SCUOLE MERLANI,44.46255502,11.35822935,3,0.0023961661341853034,0.00048316640762902796,0.0054946458168928115,2
9314,VILLA BELCOLLE,44.46506577,11.36001896,2,0.001597444089456869,0.0005059734336883242,0.0037746160898757034,2
9318,SCUOLE MERLANI,44.46263966,11.35840797,2,0.001597444089456869,0.0004868257958520531,0.0022640034936906705,2
9320,MONTE DONATO,44.46188649,11.35668061,2,0.001597444089456869,0.0004807898900620412,0.0014454889762311556,2
9322,SCUOLE MERLANI,44.46240766,11.35835921,2,0.001597444089456869,0.00048083586023437433,0.004526730053656755,2
9323,BORGO GESSAIOLI,44.46119601,11.36008894,2,0.001597444089456869,0.00046995641481538137,0.0031693495044220216,2
9324,BORGO GESSAIOLI,44.46085762,11.3604766,2,0.001597444089456869,0.00046621238134647233,0.0029905787829800057,2
9325,PICCHIO,44.45971219,11.36665635,2,0.001597444089456869,0.0004404798659121617,0.0016331982337452723,2
9326,PICCHIO,44.45937728,11.36669158,2,0.001597444089456869,0.0004384178245936564,0.0014544275123032566,2
9328,ANGELO CUSTODE NOVARO,44.45874066,11.36876898,2,0.001597444089456869,0.0004279439355076026,7.661602347514959e-06,2
9330,BUON PASTORE,44.45933478,11.36994209,2,0.001597444089456869,0.00042573122864135465,9.704696306852282e-05,2
9350,ALBORNOZ,44.46585973,11.37747969,3,0.0023961661341853034,0.0005368673777542201,0.027676261546673204,2
9352,PONCHIELLI,44.46704883,11.37317397,2,0.001597444089456869,0.0005495050114987544,0.0005976049831061668,2
9354,FOSCHERARA,44.46906243,11.37385541,2,0.001597444089456869,0.0005597525382949155,0.0013229033386709162,2
9358,VILLA MAZZACORATI,44.47015779,11.37164309,2,0.001597444089456869,0.0005713655309216274,0.002267834294864428,2
9360,PONCHIELLI,44.46644875,11.37258891,3,0.0023961661341853034,0.0005571179508045794,0.04365325630869107,2
9401,VILLA MAZZACORATI,44.46917184,11.37173201,3,0.0023961661341853034,0.0005703362212905167,0.01745823788253742,2
9403,FOSCHERARA,44.46832514,11.37386559,2,0.001597444089456869,0.0005577282418514547,0.01457619846614721,2
9405,BENEDETTO MARCELLO,44.46745025,11.37721583,3,0.0023961661341853034,0.0005432752103028284,0.013802376629048199,2
9450,CAVAZZONI,44.47088499,11.37814976,2,0.001597444089456869,0.0005506669112443309,0.008012759121776061,2
9451,CAVAZZONI,44.4707594,11.37791207,2,0.001597444089456869,0.0005328657759006388,0.002378927528903395,2
9452,CHERUBINI,44.47048515,11.38140471,2,0.001597444089456869,0.0005395035834053686,0.007244045019575394,2
9453,CHERUBINI,44.47047091,11.3806042,2,0.001597444089456869,0.0005235639717195426,0.0016293674325715147,2
9454,GUBELLINI,44.46879231,11.38131384,3,0.0023961661341853034,0.0005336792205875674,0.01080669011116985,2
9455,GUBELLINI,44.46947719,11.38171258,3,0.0023961661341853034,0.0005208568915862611,0.017578269652648488,2
9458,BATTAGLIA,44.46663556,11.37945506,3,0.0023961661341853034,0.0005269948277141453,0.006775410342652396,2
9459,BATTAGLIA,44.4666131,11.3792098,3,0.0023961661341853034,0.0005280104289905939,0.01703940362087327,2
9460,ABBA,44.46490304,11.3788378,2,0.001597444089456869,0.0005148454000966291,0.0015489206079226077,2
9461,ALBORNOZ,44.4651451,11.37732022,3,0.0023961661341853034,0.0005297496777976145,0.006903103715110978,2
9462,STADIO FALCHI,44.46349648,11.37894092,4,0.003194888178913738,0.0005196513467604703,0.01207085449850982,2
9463,STADIO FALCHI,44.46376192,11.37856988,3,0.0023961661341853034,0.0005172585008144072,0.005792171374721309,2
9464,ALBORNOZ,44.46577015,11.37851161,2,0.001597444089456869,0.000531281896053386,0.0056236161230759805,2
9466,ALBERTO MARIO,44.46071206,11.37941704,2,0.001597444089456869,0.000496985658710673,0.003322581551372321,2
9467,ALBERTO MARIO,44.46058521,11.37913219,2,0.001597444089456869,0.0004924362137766446,0.0028373467360297065,2
9468,PONTICELLA,44.45950526,11.378602,2,0.001597444089456869,0.0004853174180460398,0.0017877072144201571,2
9469,PONTICELLA,44.45934,11.37856701,2,0.001597444089456869,0.00048128344986302324,0.0013050262665267147,2
9470,PONTICELLA EDERA,44.4581395,11.37774598,2,0.001597444089456869,0.0004733809157183843,0.0002553867449171653,2
9471,PONTICELLA BRIZZI,44.45762772,11.37676127,2,0.001597444089456869,0.00046754424366348573,1.5323204695029917e-05,2
9499,TOSCANA PAVESE 2,44.44814398,11.35913131,2,0.001597444089456869,0.0004146051728050226,0.0641735812627853,2
9500,TOSCANA PAVESE 2,44.44866412,11.35990947,3,0.0023961661341853034,0.000419559309726394,0.011355771612741756,2
9501,TOSCANA PAVESE 1,44.45032699,11.36150505,2,0.001597444089456869,0.0004283803380982323,0.06558970076335098,2
9502,TOSCANA PAVESE 1,44.45018385,11.36147841,2,0.001597444089456869,0.00042630312965404694,0.010301024356233862,2
9503,RASTIGNANO PALEOTTO,44.4457976,11.35823567,2,0.001597444089456869,0.00040311032073099155,0.06275618482849503,2
9504,RASTIGNANO PALEOTTO,44.44567052,11.35839548,2,0.001597444089456869,0.00040474825005718163,0.009888574763192642,2
9505,RASTIGNANO STAZIONE,44.44361681,11.35593448,3,0.0023961661341853034,0.0003919288596248787,0.061442220025896215,2
9506,RASTIGNANO STAZIONE,44.44373335,11.35637439,3,0.0023961661341853034,0.00039456564895493876,0.00849671700339409,2
9507,RASTIGNANO,44.44114183,11.3539913,2,0.001597444089456869,0.0003807232553630396,0.0594259416747752,2
9508,RASTIGNANO,44.44037439,11.35423974,2,0.001597444089456869,0.0003801367962954748,0.006088419998825221,2
9509,RIOLO,44.43488995,11.35471047,2,0.001597444089456869,0.0003588061885573165,0.05798939123461614,2
951,CARTOLERIA,44.4898128,11.34924476,2,0.001597444089456869,0.0006609134833178676,0.0021605718619992186,2
9510,RIOLO,44.4356272,11.35497569,2,0.001597444089456869,0.00036312497431550413,0.004651869558666167,2
9511,CARTERIA DI SESTO,44.43023896,11.35214437,2,0.001597444089456869,0.0003429605679944032,0.056552840794457084,2
9512,CARTERIA DI SESTO,44.43064241,11.3524982,2,0.001597444089456869,0.0003460312410328166,0.003215319118507111,2
9513,CARTERIA CHIESA,44.42828496,11.35262895,3,0.0023961661341853034,0.00033678161410430346,0.055836480974964436,2
9514,CARTERIA CHIESA,44.42811145,11.35269345,2,0.001597444089456869,0.00033814210579847094,0.001782599479521814,2
9516,CARTERIA SCUOLE,44.4263134,11.35114215,2,0.001597444089456869,0.0003319266563732856,0.0006959288798992755,2
9517,CARTERIA SCUOLE,44.42648449,11.35139698,2,0.001597444089456869,0.00033065315976689083,0.05401429654998046,1
9518,CARTERIA SCUOLE,44.42628943,11.3513334,1,0.0007987220447284345,0.00014679248291227568,0.0,1
9519,RASTIGNANO,44.44067323,11.35410065,2,0.001597444089456869,0.0003811701287061681,7.66160234751496e-05,2
952,GARGANELLI,44.48942395,11.34968426,2,0.001597444089456869,0.0006892288256715822,0.0037209848734430988,2
953,CESTELLO,44.48791662,11.34787798,2,0.001597444089456869,0.000666044792722936,0.002214203078431823,2
954,RIALTO,44.48750845,11.34870969,2,0.001597444089456869,0.0006710189086126544,0.002783715519597102,2
99010,VILLA SPADA,44.48874504,11.31613943,2,0.001597444089456869,0.0005456955167460786,0.004705500775098771,2
99013,CASAGLIA 31,44.48468919,11.31428903,2,0.001597444089456869,0.0005434451304769909,0.021226469303790196,2
